timestamp,question,response_time_ms,success
2026-06-15 19:12:50,这个文档主要讲什么内容？,4381,YES
2026-06-15 19:12:53,这个文档主要讲什么内容？,6602,YES
2026-06-15 19:12:53,这个文档主要讲什么内容？,5780,YES
2026-06-15 19:12:55,这个文档主要讲什么内容？,7643,YES
2026-06-15 19:12:56,这个文档主要讲什么内容？,8863,YES
2026-06-15 19:12:57,这个文档主要讲什么内容？,10053,YES
2026-06-15 19:12:57,这个文档主要讲什么内容？,11225,YES
2026-06-15 19:12:58,这个文档主要讲什么内容？,11979,YES
2026-06-15 19:13:00,这个文档主要讲什么内容？,13891,YES
2026-06-15 19:13:01,这个文档主要讲什么内容？,13921,YES
2026-06-15 19:13:04,公司的主要销售模式是什么？,10961,YES
2026-06-15 19:13:09,公司的主要销售模式是什么？,9976,YES
2026-06-15 19:13:27,公司的产品开发流程是什么？,17770,YES
2026-06-15 19:13:38,这个文档主要讲什么内容？,50112,YES
2026-06-15 19:13:50,公司的技术创新机制是什么？,21227,YES
2026-06-15 19:13:53,公司的主要销售模式是什么？,57908,YES
2026-06-15 19:13:54,这个文档主要讲什么内容？,64842,YES
2026-06-15 19:14:05,公司的主要销售模式是什么？,63876,YES
2026-06-15 19:14:09,公司的产品开发流程是什么？,14192,YES
2026-06-15 19:14:14,公司的主要销售模式是什么？,17875,YES
2026-06-15 19:14:17,公司的采购与关联交易情况如何？,24767,YES
2026-06-15 19:14:22,公司的主要销售模式是什么？,82405,YES
2026-06-15 19:14:27,公司的主要业务是什么？,8701,YES
2026-06-15 19:14:29,公司的技术创新机制是什么？,18273,YES
2026-06-15 19:14:30,公司的产品开发流程是什么？,23654,YES
2026-06-15 19:14:34,公司的技术实力如何？,4182,YES
2026-06-15 19:14:34,公司的产品开发流程是什么？,18564,YES
2026-06-15 19:14:36,公司的主要销售模式是什么？,99760,YES
2026-06-15 19:14:38,公司的产品开发流程是什么？,14637,YES
2026-06-15 19:14:38,公司的业务运营模式是什么？,3144,YES
2026-06-15 19:14:52,公司的技术创新机制是什么？,19227,YES
2026-06-15 19:14:53,公司的采购与关联交易情况如何？,23051,YES
2026-06-15 19:14:57,这个文档主要讲什么内容？,129136,YES
2026-06-15 19:15:03,公司的主要业务是什么？,7755,YES
2026-06-15 19:15:04,公司的技术创新机制是什么？,24589,YES
2026-06-15 19:15:08,公司的主要销售模式是什么？,8417,YES
2026-06-15 19:15:11,公司的技术创新机制是什么？,34150,YES
2026-06-15 19:15:13,公司的采购与关联交易情况如何？,19186,YES
2026-06-15 19:15:17,公司的技术实力如何？,11326,YES
2026-06-15 19:15:21,公司的主要销售模式是什么？,100196,YES
2026-06-15 19:15:25,公司的主要业务是什么？,10387,YES
2026-06-15 19:15:30,公司的主要销售模式是什么？,147006,YES
2026-06-15 19:15:31,公司的采购与关联交易情况如何？,25536,YES
2026-06-15 19:15:36,公司的采购与关联交易情况如何？,24214,YES
2026-06-15 19:15:37,公司的产品开发流程是什么？,4569,YES
2026-06-15 19:15:41,这个文档主要讲什么内容？,61375,YES
2026-06-15 19:15:44,这个文档主要讲什么内容？,175688,YES
2026-06-15 19:15:45,公司的产品开发流程是什么？,21022,YES
2026-06-15 19:15:45,公司的产品开发流程是什么？,66571,YES
2026-06-15 19:15:48,公司的技术创新机制是什么？,9628,YES
2026-06-15 19:15:48,公司的主要业务是什么？,14751,YES
2026-06-15 19:15:55,公司的主要销售模式是什么？,11883,YES
2026-06-15 19:15:57,公司的技术实力如何？,7028,YES
2026-06-15 19:15:58,这个文档主要讲什么内容？,189775,YES
2026-06-15 19:15:59,公司的业务运营模式是什么？,40429,YES
2026-06-15 19:16:04,公司的技术实力如何？,36089,YES
2026-06-15 19:16:30,公司的业务运营模式是什么？,25191,YES
2026-06-15 19:16:31,公司的业务运营模式是什么？,32068,YES
2026-06-15 19:16:34,公司的主要销售模式是什么？,216726,YES
2026-06-15 19:16:39,这个文档主要讲什么内容？,6781,YES
2026-06-15 19:16:42,这个文档主要讲什么内容？,9596,YES
2026-06-15 19:16:44,公司的主要销售模式是什么？,228416,YES
2026-06-15 19:16:49,公司的产品开发流程是什么？,11529,YES
2026-06-15 19:16:54,公司的主要销售模式是什么？,11769,YES
2026-06-15 19:16:56,这个文档主要讲什么内容？,246631,YES
2026-06-15 19:16:57,公司的技术创新机制是什么？,69911,YES
2026-06-15 19:16:58,这个文档主要讲什么内容？,250103,YES
2026-06-15 19:16:58,公司的产品开发流程是什么？,2751,YES
2026-06-15 19:16:59,这个文档主要讲什么内容？,249896,YES
2026-06-15 19:17:00,公司的主要销售模式是什么？,15949,YES
2026-06-15 19:17:00,公司的产品开发流程是什么？,110871,YES
2026-06-15 19:17:04,公司的主要销售模式是什么？,243316,YES
2026-06-15 19:17:07,公司的主要销售模式是什么？,8236,YES
2026-06-15 19:17:08,公司的主要销售模式是什么？,8136,YES
2026-06-15 19:17:12,公司的采购与关联交易情况如何？,12569,YES
2026-06-15 19:17:17,公司的产品开发流程是什么？,32069,YES
2026-06-15 19:17:20,公司的产品开发流程是什么？,13260,YES
2026-06-15 19:17:20,公司的技术创新机制是什么？,28842,YES
2026-06-15 19:17:33,公司的采购与关联交易情况如何？,10806,YES
2026-06-15 19:17:39,这个文档主要讲什么内容？,289897,YES
2026-06-15 19:17:40,这个文档主要讲什么内容？,290521,YES
2026-06-15 19:17:47,公司的主要业务是什么？,10759,YES
2026-06-15 19:17:50,公司的主要销售模式是什么？,110095,YES
2026-06-15 19:17:51,公司的主要销售模式是什么？,8857,YES
2026-06-15 19:17:56,公司的产品开发流程是什么？,47515,YES
2026-06-15 19:17:57,公司的主要销售模式是什么？,55021,YES
2026-06-15 19:18:02,公司的产品开发流程是什么？,10036,YES
2026-06-15 19:18:03,公司的技术实力如何？,14225,YES
2026-06-15 19:18:03,公司的主要业务是什么？,143628,YES
2026-06-15 19:18:04,这个文档主要讲什么内容？,122279,YES
2026-06-15 19:18:04,公司的产品开发流程是什么？,296938,YES
2026-06-15 19:18:08,公司的产品开发流程是什么？,14791,YES
2026-06-15 19:18:08,公司的技术创新机制是什么？,48847,YES
2026-06-15 19:18:13,公司的技术实力如何？,8786,YES
2026-06-15 19:18:13,公司的技术创新机制是什么？,9996,YES
2026-06-15 19:18:16,公司的技术创新机制是什么？,17551,YES
2026-06-15 19:18:18,公司的产品开发流程是什么？,19107,YES
2026-06-15 19:18:28,公司的技术创新机制是什么？,22218,YES
2026-06-15 19:18:49,公司的采购与关联交易情况如何？,19109,YES
2026-06-15 19:18:55,公司的业务运营模式是什么？,49124,YES
2026-06-15 19:18:56,公司的主要业务是什么？,6382,YES
2026-06-15 19:19:00,公司的主要业务是什么？,104666,YES
2026-06-15 19:19:02,这个文档主要讲什么内容？,6492,YES
2026-06-15 19:19:03,公司的技术创新机制是什么？,197306,YES
2026-06-15 19:19:04,公司的技术实力如何？,6510,YES
2026-06-15 19:19:06,公司的技术实力如何？,4782,YES
2026-06-15 19:19:18,公司的业务运营模式是什么？,11710,YES
2026-06-15 19:19:20,公司的主要销售模式是什么？,16409,YES
2026-06-15 19:19:25,公司的技术创新机制是什么？,144343,YES
2026-06-15 19:19:26,这个文档主要讲什么内容？,5748,YES
2026-06-15 19:19:29,公司的业务运营模式是什么？,19786,YES
2026-06-15 19:19:31,公司的采购与关联交易情况如何？,26087,YES
2026-06-15 19:19:35,这个文档主要讲什么内容？,4142,YES
2026-06-15 19:19:41,公司的产品开发流程是什么？,18649,YES
2026-06-15 19:19:42,公司的主要业务是什么？,9289,YES
2026-06-15 19:19:45,公司的采购与关联交易情况如何？,17420,YES
2026-06-15 19:19:45,公司的主要销售模式是什么？,16036,YES
2026-06-15 19:19:49,公司的主要销售模式是什么？,128159,YES
2026-06-15 19:19:50,公司的技术实力如何？,5306,YES
2026-06-15 19:19:55,公司的技术创新机制是什么？,12304,YES
2026-06-15 19:20:00,公司的主要销售模式是什么？,22654,YES
2026-06-15 19:20:11,公司的产品开发流程是什么？,21055,YES
2026-06-15 19:20:15,公司的产品开发流程是什么？,13602,YES
2026-06-15 19:20:17,公司的业务运营模式是什么？,25468,YES
2026-06-15 19:20:20,公司的采购与关联交易情况如何？,23882,YES
2026-06-15 19:20:22,公司的主要销售模式是什么？,276336,YES
2026-06-15 19:20:25,公司的技术创新机制是什么？,135126,YES
2026-06-15 19:20:25,这个文档主要讲什么内容？,6102,YES
2026-06-15 19:20:27,公司的主要业务是什么？,4236,YES
2026-06-15 19:20:27,公司的产品开发流程是什么？,3830,YES
2026-06-15 19:20:30,公司的技术创新机制是什么？,17898,YES
2026-06-15 19:20:37,公司的主要销售模式是什么？,9877,YES
2026-06-15 19:20:42,公司的技术创新机制是什么？,25704,YES
2026-06-15 19:20:45,公司的采购与关联交易情况如何？,17928,YES
2026-06-15 19:20:50,公司的采购与关联交易情况如何？,18355,YES
2026-06-15 19:20:50,公司的采购与关联交易情况如何？,301048,YES
2026-06-15 19:20:51,公司的产品开发流程是什么？,229177,YES
2026-06-15 19:20:51,公司的产品开发流程是什么？,12378,YES
2026-06-15 19:20:55,公司的主要业务是什么？,7977,YES
2026-06-15 19:20:58,公司的技术创新机制是什么？,28555,YES
2026-06-15 19:21:06,公司的主要业务是什么？,14795,YES
2026-06-15 19:21:09,公司的采购与关联交易情况如何？,23950,YES
2026-06-15 19:21:12,公司的技术实力如何？,16583,YES
2026-06-15 19:21:14,公司的技术创新机制是什么？,22576,YES
2026-06-15 19:21:15,公司的技术实力如何？,5859,YES
2026-06-15 19:21:27,公司的主要业务是什么？,16846,YES
2026-06-15 19:21:29,公司的业务运营模式是什么？,14855,YES
2026-06-15 19:21:37,公司的技术实力如何？,8097,YES
2026-06-15 19:21:37,公司的技术实力如何？,69164,YES
2026-06-15 19:21:42,这个文档主要讲什么内容？,10443,YES
2026-06-15 19:21:42,公司的业务运营模式是什么？,25793,YES
2026-06-15 19:21:43,公司的技术创新机制是什么？,280985,YES
2026-06-15 19:21:51,公司的主要销售模式是什么？,7543,YES
2026-06-15 19:21:53,这个文档主要讲什么内容？,8637,YES
2026-06-15 19:21:56,公司的业务运营模式是什么？,17512,YES
2026-06-15 19:21:57,公司的业务运营模式是什么？,17573,YES
2026-06-15 19:21:59,公司的采购与关联交易情况如何？,12830,YES
2026-06-15 19:22:05,这个文档主要讲什么内容？,7305,YES
2026-06-15 19:22:05,公司的主要业务是什么？,5504,YES
2026-06-15 19:22:05,公司的主要销售模式是什么？,9490,YES
2026-06-16 10:48:19,这个文档主要讲什么内容？,8712,YES
2026-06-16 10:48:19,这个文档主要讲什么内容？,8715,YES
2026-06-16 10:48:19,这个文档主要讲什么内容？,8787,YES
2026-06-16 10:48:19,这个文档主要讲什么内容？,8815,YES
2026-06-16 10:48:20,这个文档主要讲什么内容？,8895,YES
2026-06-16 10:48:20,这个文档主要讲什么内容？,8047,YES
2026-06-16 10:48:20,这个文档主要讲什么内容？,8247,YES
2026-06-16 10:48:20,这个文档主要讲什么内容？,8344,YES
2026-06-16 10:48:20,这个文档主要讲什么内容？,8466,YES
2026-06-16 10:48:20,这个文档主要讲什么内容？,8513,YES
2026-06-16 10:48:20,这个文档主要讲什么内容？,7559,YES
2026-06-16 10:48:20,这个文档主要讲什么内容？,7604,YES
2026-06-16 10:48:20,这个文档主要讲什么内容？,7660,YES
2026-06-16 10:48:20,这个文档主要讲什么内容？,7706,YES
2026-06-16 10:48:20,这个文档主要讲什么内容？,6833,YES
2026-06-16 10:48:21,这个文档主要讲什么内容？,6967,YES
2026-06-16 10:48:21,这个文档主要讲什么内容？,7071,YES
2026-06-16 10:48:21,这个文档主要讲什么内容？,7192,YES
2026-06-16 10:48:21,这个文档主要讲什么内容？,7311,YES
2026-06-16 10:48:21,这个文档主要讲什么内容？,8325,YES
2026-06-16 10:48:21,公司的主要销售模式是什么？,680,YES
2026-06-16 10:48:22,公司的主要销售模式是什么？,1573,YES
2026-06-16 10:48:22,公司的主要销售模式是什么？,1314,YES
2026-06-16 10:48:23,公司的主要销售模式是什么？,1587,YES
2026-06-16 10:48:23,公司的主要销售模式是什么？,2141,YES
2026-06-16 10:48:24,公司的主要销售模式是什么？,1930,YES
2026-06-16 10:48:24,公司的主要销售模式是什么？,1921,YES
2026-06-16 10:48:24,公司的主要销售模式是什么？,2613,YES
2026-06-16 10:48:25,公司的主要销售模式是什么？,2783,YES
2026-06-16 10:48:25,公司的主要销售模式是什么？,3201,YES
2026-06-16 10:48:25,公司的主要销售模式是什么？,3085,YES
2026-06-16 10:48:26,公司的主要销售模式是什么？,3228,YES
2026-06-16 10:48:26,公司的主要销售模式是什么？,3328,YES
2026-06-16 10:48:26,公司的主要销售模式是什么？,3017,YES
2026-06-16 10:48:26,公司的主要销售模式是什么？,3013,YES
2026-06-16 10:48:26,公司的主要销售模式是什么？,3416,YES
2026-06-16 10:48:26,公司的主要销售模式是什么？,3310,YES
2026-06-16 10:48:27,公司的主要销售模式是什么？,3785,YES
2026-06-16 10:48:27,公司的主要销售模式是什么？,3634,YES
2026-06-16 10:48:27,公司的主要销售模式是什么？,3559,YES
2026-06-16 10:48:28,公司的产品开发流程是什么？,4802,YES
2026-06-16 10:48:29,公司的产品开发流程是什么？,4903,YES
2026-06-16 10:48:30,公司的产品开发流程是什么？,5552,YES
2026-06-16 10:48:30,公司的产品开发流程是什么？,5702,YES
2026-06-16 10:48:31,公司的产品开发流程是什么？,6068,YES
2026-06-16 10:48:32,公司的产品开发流程是什么？,6978,YES
2026-06-16 10:48:33,公司的产品开发流程是什么？,7341,YES
2026-06-16 10:48:33,公司的产品开发流程是什么？,7524,YES
2026-06-16 10:48:35,公司的产品开发流程是什么？,8195,YES
2026-06-16 10:48:36,公司的产品开发流程是什么？,8847,YES
2026-06-16 10:48:37,公司的产品开发流程是什么？,9593,YES
2026-06-16 10:48:37,公司的产品开发流程是什么？,10342,YES
2026-06-16 10:48:38,公司的产品开发流程是什么？,10482,YES
2026-06-16 10:48:39,公司的产品开发流程是什么？,10605,YES
2026-06-16 10:48:39,公司的产品开发流程是什么？,10828,YES
2026-06-16 10:48:40,公司的产品开发流程是什么？,11384,YES
2026-06-16 10:48:40,公司的产品开发流程是什么？,11599,YES
2026-06-16 10:48:40,公司的产品开发流程是什么？,11754,YES
2026-06-16 10:48:41,公司的产品开发流程是什么？,11874,YES
2026-06-16 10:48:41,公司的产品开发流程是什么？,12405,YES
2026-06-16 10:48:41,公司的技术创新机制是什么？,11269,YES
2026-06-16 10:48:42,公司的技术创新机制是什么？,11739,YES
2026-06-16 10:48:43,公司的技术创新机制是什么？,11843,YES
2026-06-16 10:48:43,公司的技术创新机制是什么？,10823,YES
2026-06-16 10:48:44,公司的技术创新机制是什么？,11430,YES
2026-06-16 10:48:45,公司的技术创新机制是什么？,11923,YES
2026-06-16 10:48:45,公司的技术创新机制是什么？,11419,YES
2026-06-16 10:48:46,公司的技术创新机制是什么？,9707,YES
2026-06-16 10:48:46,公司的技术创新机制是什么？,10968,YES
2026-06-16 10:48:47,公司的技术创新机制是什么？,8551,YES
2026-06-16 10:48:47,公司的技术创新机制是什么？,7997,YES
2026-06-16 10:48:48,公司的技术创新机制是什么？,8407,YES
2026-06-16 10:48:48,公司的技术创新机制是什么？,8874,YES
2026-06-16 10:48:49,公司的技术创新机制是什么？,9475,YES
2026-06-16 10:48:50,公司的技术创新机制是什么？,8280,YES
2026-06-16 10:48:50,公司的技术创新机制是什么？,8589,YES
2026-06-16 10:48:50,公司的技术创新机制是什么？,8535,YES
2026-06-16 10:48:51,公司的技术创新机制是什么？,8527,YES
2026-06-16 10:48:51,公司的采购与关联交易情况如何？,8124,YES
2026-06-16 10:48:51,公司的技术创新机制是什么？,9095,YES
2026-06-16 10:48:51,公司的采购与关联交易情况如何？,7904,YES
2026-06-16 10:48:52,公司的技术创新机制是什么？,8993,YES
2026-06-16 10:48:52,公司的采购与关联交易情况如何？,6582,YES
2026-06-16 10:48:53,公司的采购与关联交易情况如何？,8060,YES
2026-06-16 10:48:53,公司的采购与关联交易情况如何？,6535,YES
2026-06-16 10:48:53,公司的采购与关联交易情况如何？,5896,YES
2026-06-16 10:48:53,公司的采购与关联交易情况如何？,5471,YES
2026-06-16 10:48:54,公司的采购与关联交易情况如何？,5819,YES
2026-06-16 10:48:54,公司的采购与关联交易情况如何？,6092,YES
2026-06-16 10:48:54,公司的采购与关联交易情况如何？,5042,YES
2026-06-16 10:48:54,公司的采购与关联交易情况如何？,5596,YES
2026-06-16 10:48:55,公司的采购与关联交易情况如何？,5517,YES
2026-06-16 10:48:55,公司的采购与关联交易情况如何？,3454,YES
2026-06-16 10:48:55,公司的采购与关联交易情况如何？,3962,YES
2026-06-16 10:48:55,公司的采购与关联交易情况如何？,3589,YES
2026-06-16 10:48:55,公司的采购与关联交易情况如何？,3490,YES
2026-06-16 10:48:56,公司的主要业务是什么？,2350,YES
2026-06-16 10:48:56,公司的采购与关联交易情况如何？,3502,YES
2026-06-16 10:48:56,公司的采购与关联交易情况如何？,2610,YES
2026-06-16 10:48:56,公司的采购与关联交易情况如何？,2898,YES
2026-06-16 10:48:57,公司的采购与关联交易情况如何？,3049,YES
2026-06-16 10:48:57,公司的主要业务是什么？,2716,YES
2026-06-16 10:48:57,公司的主要业务是什么？,2384,YES
2026-06-16 10:48:57,公司的主要业务是什么？,1743,YES
2026-06-16 10:48:57,公司的主要业务是什么？,1989,YES
2026-06-16 10:48:57,公司的主要业务是什么？,1593,YES
2026-06-16 10:48:58,公司的主要业务是什么？,1385,YES
2026-06-16 10:48:58,公司的主要业务是什么？,2254,YES
2026-06-16 10:48:58,公司的主要业务是什么？,1835,YES
2026-06-16 10:48:58,公司的主要业务是什么？,1776,YES
2026-06-16 10:48:58,公司的主要业务是什么？,1910,YES
2026-06-16 10:48:59,公司的主要业务是什么？,1991,YES
2026-06-16 10:48:59,公司的主要业务是什么？,1913,YES
2026-06-16 10:48:59,公司的主要业务是什么？,1672,YES
2026-06-16 10:48:59,公司的主要业务是什么？,1644,YES
2026-06-16 10:48:59,公司的主要业务是什么？,1939,YES
2026-06-16 10:48:59,公司的技术实力如何？,1841,YES
2026-06-16 10:48:59,公司的主要业务是什么？,1946,YES
2026-06-16 10:49:00,公司的技术实力如何？,1718,YES
2026-06-16 10:49:00,公司的技术实力如何？,1714,YES
2026-06-16 10:49:00,公司的主要业务是什么？,2045,YES
2026-06-16 10:49:00,公司的主要业务是什么？,1788,YES
2026-06-16 10:49:00,公司的技术实力如何？,2102,YES
2026-06-16 10:49:01,公司的主要业务是什么？,1362,YES
2026-06-16 10:49:01,公司的技术实力如何？,1783,YES
2026-06-16 10:49:01,公司的技术实力如何？,1459,YES
2026-06-16 10:49:01,公司的技术实力如何？,1149,YES
2026-06-16 10:49:01,公司的技术实力如何？,1092,YES
2026-06-16 10:49:01,公司的技术实力如何？,1239,YES
2026-06-16 10:49:01,公司的技术实力如何？,957,YES
2026-06-16 10:49:01,公司的技术实力如何？,834,YES
2026-06-16 10:49:02,公司的业务运营模式是什么？,989,YES
2026-06-16 10:49:02,公司的技术实力如何？,1587,YES
2026-06-16 10:49:02,公司的技术实力如何？,1527,YES
2026-06-16 10:49:03,公司的业务运营模式是什么？,2324,YES
2026-06-16 10:49:03,公司的技术实力如何？,1994,YES
2026-06-16 10:49:03,公司的技术实力如何？,1928,YES
2026-06-16 10:49:04,公司的技术实力如何？,2298,YES
2026-06-16 10:49:04,公司的技术实力如何？,2251,YES
2026-06-16 10:49:04,公司的业务运营模式是什么？,2129,YES
2026-06-16 10:49:04,公司的业务运营模式是什么？,1879,YES
2026-06-16 10:49:04,公司的业务运营模式是什么？,1931,YES
2026-06-16 10:49:05,公司的业务运营模式是什么？,1867,YES
2026-06-16 10:49:05,公司的业务运营模式是什么？,3127,YES
2026-06-16 10:49:06,公司的技术实力如何？,2731,YES
2026-06-16 10:49:06,公司的业务运营模式是什么？,2982,YES
2026-06-16 10:49:07,公司的技术实力如何？,3171,YES
2026-06-16 10:49:07,公司的技术实力如何？,3602,YES
2026-06-16 10:49:07,公司的业务运营模式是什么？,3701,YES
2026-06-16 10:49:07,这个文档主要讲什么内容？,3776,YES
2026-06-16 10:49:08,公司的业务运营模式是什么？,4537,YES
2026-06-16 10:49:09,公司的业务运营模式是什么？,5157,YES
2026-06-16 10:49:10,公司的业务运营模式是什么？,5605,YES
2026-06-16 10:49:10,公司的业务运营模式是什么？,5042,YES
2026-06-16 10:49:10,公司的业务运营模式是什么？,5941,YES
2026-06-16 10:49:11,公司的业务运营模式是什么？,5812,YES
2026-06-16 10:49:11,这个文档主要讲什么内容？,4990,YES
2026-06-16 10:49:11,公司的业务运营模式是什么？,5340,YES
2026-06-16 10:49:12,这个文档主要讲什么内容？,5231,YES
2026-06-16 10:49:12,这个文档主要讲什么内容？,4915,YES
2026-06-16 10:49:12,这个文档主要讲什么内容？,4897,YES
2026-06-16 10:49:12,这个文档主要讲什么内容？,4857,YES
2026-06-16 10:49:12,这个文档主要讲什么内容？,4597,YES
2026-06-16 10:49:12,这个文档主要讲什么内容？,4498,YES
2026-06-16 10:49:12,公司的业务运营模式是什么？,6012,YES
2026-06-16 10:49:13,公司的业务运营模式是什么？,4324,YES
2026-06-16 10:49:13,公司的业务运营模式是什么？,4448,YES
2026-06-16 10:49:13,公司的业务运营模式是什么？,5434,YES
2026-06-16 10:49:14,公司的主要销售模式是什么？,4804,YES
2026-06-16 10:49:14,这个文档主要讲什么内容？,4234,YES
2026-06-16 10:49:14,这个文档主要讲什么内容？,3847,YES
2026-06-16 10:49:14,这个文档主要讲什么内容？,3051,YES
2026-06-16 10:49:14,这个文档主要讲什么内容？,2456,YES
2026-06-16 10:49:14,这个文档主要讲什么内容？,1202,YES
2026-06-16 10:49:14,这个文档主要讲什么内容？,1037,YES
2026-06-16 10:49:14,这个文档主要讲什么内容？,786,YES
2026-06-16 10:49:14,这个文档主要讲什么内容？,1321,YES
2026-06-16 10:49:14,公司的主要销售模式是什么？,729,YES
2026-06-16 10:49:15,公司的主要销售模式是什么？,1444,YES
2026-06-16 10:49:15,公司的主要销售模式是什么？,1468,YES
2026-06-16 10:49:15,公司的主要销售模式是什么？,1541,YES
2026-06-16 10:49:15,公司的主要销售模式是什么？,1532,YES
2026-06-16 10:49:16,这个文档主要讲什么内容？,1206,YES
2026-06-16 10:49:16,这个文档主要讲什么内容？,1168,YES
2026-06-16 10:49:16,公司的主要销售模式是什么？,2134,YES
2026-06-16 10:49:16,这个文档主要讲什么内容？,1213,YES
2026-06-16 10:49:16,这个文档主要讲什么内容？,1292,YES
2026-06-16 10:49:17,公司的主要销售模式是什么？,1638,YES
2026-06-16 10:49:17,公司的主要销售模式是什么？,2037,YES
2026-06-16 10:49:17,公司的主要销售模式是什么？,1910,YES
2026-06-16 10:49:17,公司的主要销售模式是什么？,2036,YES
2026-06-16 10:49:17,公司的主要销售模式是什么？,2336,YES
2026-06-16 10:49:18,公司的主要销售模式是什么？,2773,YES
2026-06-16 10:49:18,公司的主要销售模式是什么？,2290,YES
2026-06-16 10:49:19,公司的产品开发流程是什么？,2467,YES
2026-06-16 10:49:19,公司的主要销售模式是什么？,2568,YES
2026-06-16 10:49:19,公司的产品开发流程是什么？,3672,YES
2026-06-16 10:49:20,公司的主要销售模式是什么？,3464,YES
2026-06-16 10:49:21,公司的产品开发流程是什么？,3971,YES
2026-06-16 10:49:22,公司的产品开发流程是什么？,4967,YES
2026-06-16 10:49:22,公司的产品开发流程是什么？,4924,YES
2026-06-16 10:49:23,公司的产品开发流程是什么？,5611,YES
2026-06-16 10:49:23,公司的产品开发流程是什么？,5348,YES
2026-06-16 10:49:23,公司的主要销售模式是什么？,5304,YES
2026-06-16 10:49:24,公司的产品开发流程是什么？,5868,YES
2026-06-16 10:49:24,公司的主要销售模式是什么？,5649,YES
2026-06-16 10:49:24,公司的主要销售模式是什么？,5909,YES
2026-06-16 10:49:24,公司的主要销售模式是什么？,6101,YES
2026-06-16 10:49:26,公司的产品开发流程是什么？,7270,YES
2026-06-16 10:49:26,公司的产品开发流程是什么？,6305,YES
2026-06-16 10:49:27,公司的产品开发流程是什么？,7086,YES
2026-06-16 10:49:28,公司的产品开发流程是什么？,8360,YES
2026-06-16 10:49:28,公司的产品开发流程是什么？,7799,YES
2026-06-16 10:49:29,公司的产品开发流程是什么？,8045,YES
2026-06-16 10:49:29,公司的产品开发流程是什么？,8008,YES
2026-06-16 10:49:30,公司的产品开发流程是什么？,8330,YES
2026-06-16 10:49:30,公司的技术创新机制是什么？,8644,YES
2026-06-16 10:49:31,公司的技术创新机制是什么？,9100,YES
2026-06-16 10:49:31,公司的技术创新机制是什么？,9162,YES
2026-06-16 10:49:32,公司的技术创新机制是什么？,9333,YES
2026-06-16 10:49:33,公司的技术创新机制是什么？,8786,YES
2026-06-16 10:49:33,公司的产品开发流程是什么？,8507,YES
2026-06-16 10:49:34,公司的技术创新机制是什么？,9777,YES
2026-06-16 10:49:35,公司的技术创新机制是什么？,9761,YES
2026-06-16 10:49:35,公司的产品开发流程是什么？,9709,YES
2026-06-16 10:49:36,公司的技术创新机制是什么？,9963,YES
2026-06-16 10:49:36,公司的产品开发流程是什么？,9744,YES
2026-06-16 10:49:37,公司的产品开发流程是什么？,10238,YES
2026-06-16 10:49:37,公司的技术创新机制是什么？,10198,YES
2026-06-16 10:49:38,公司的技术创新机制是什么？,9080,YES
2026-06-16 10:49:38,公司的技术创新机制是什么？,9715,YES
2026-06-16 10:49:38,公司的技术创新机制是什么？,8721,YES
2026-06-16 10:49:39,公司的技术创新机制是什么？,8640,YES
2026-06-16 10:49:39,公司的技术创新机制是什么？,8074,YES
2026-06-16 10:49:40,公司的技术创新机制是什么？,9540,YES
2026-06-16 10:49:40,公司的采购与关联交易情况如何？,8322,YES
2026-06-16 10:49:40,公司的采购与关联交易情况如何？,8107,YES
2026-06-16 10:49:40,公司的技术创新机制是什么？,9119,YES
2026-06-16 10:49:41,公司的采购与关联交易情况如何？,8769,YES
2026-06-16 10:49:41,公司的采购与关联交易情况如何？,7370,YES
2026-06-16 10:49:41,公司的采购与关联交易情况如何？,7276,YES
2026-06-16 10:49:42,公司的采购与关联交易情况如何？,6600,YES
2026-06-16 10:49:42,公司的技术创新机制是什么？,6140,YES
2026-06-16 10:49:43,公司的技术创新机制是什么？,6688,YES
2026-06-16 10:49:44,公司的采购与关联交易情况如何？,6146,YES
2026-06-16 10:49:44,公司的技术创新机制是什么？,6445,YES
2026-06-16 10:49:45,公司的采购与关联交易情况如何？,6664,YES
2026-06-16 10:49:45,公司的技术创新机制是什么？,6772,YES
2026-06-16 10:49:45,公司的采购与关联交易情况如何？,6218,YES
2026-06-16 10:49:46,公司的采购与关联交易情况如何？,6245,YES
2026-06-16 10:49:46,公司的采购与关联交易情况如何？,6418,YES
2026-06-16 10:49:46,公司的采购与关联交易情况如何？,5925,YES
2026-06-16 10:49:47,公司的采购与关联交易情况如何？,7017,YES
2026-06-16 10:49:47,公司的主要业务是什么？,5802,YES
2026-06-16 10:49:47,公司的采购与关联交易情况如何？,5658,YES
2026-06-16 10:49:48,公司的采购与关联交易情况如何？,6306,YES
2026-06-16 10:49:48,公司的主要业务是什么？,6072,YES
2026-06-16 10:49:48,公司的主要业务是什么？,5519,YES
2026-06-16 10:49:48,公司的采购与关联交易情况如何？,6485,YES
2026-06-16 10:49:49,公司的采购与关联交易情况如何？,5030,YES
2026-06-16 10:49:49,公司的主要业务是什么？,4976,YES
2026-06-16 10:49:49,公司的采购与关联交易情况如何？,4846,YES
2026-06-16 10:49:49,公司的主要业务是什么？,5107,YES
2026-06-16 10:49:49,公司的主要业务是什么？,4678,YES
2026-06-16 10:49:49,公司的主要业务是什么？,4448,YES
2026-06-16 10:49:50,公司的采购与关联交易情况如何？,3896,YES
2026-06-16 10:49:50,公司的主要业务是什么？,3576,YES
2026-06-16 10:49:50,公司的主要业务是什么？,3524,YES
2026-06-16 10:49:50,公司的采购与关联交易情况如何？,3507,YES
2026-06-16 10:49:51,公司的主要业务是什么？,3712,YES
2026-06-16 10:49:51,公司的主要业务是什么？,2303,YES
2026-06-16 10:49:51,公司的主要业务是什么？,2644,YES
2026-06-16 10:49:51,公司的技术实力如何？,2307,YES
2026-06-16 10:49:51,公司的主要业务是什么？,2605,YES
2026-06-16 10:49:51,公司的主要业务是什么？,2831,YES
2026-06-16 10:49:52,公司的技术实力如何？,2653,YES
2026-06-16 10:49:52,公司的技术实力如何？,1711,YES
2026-06-16 10:49:52,公司的主要业务是什么？,1690,YES
2026-06-16 10:49:52,公司的主要业务是什么？,1868,YES
2026-06-16 10:49:52,公司的技术实力如何？,1824,YES
2026-06-16 10:49:53,公司的技术实力如何？,1766,YES
2026-06-16 10:49:53,公司的主要业务是什么？,2074,YES
2026-06-16 10:49:53,公司的技术实力如何？,2145,YES
2026-06-16 10:49:53,公司的技术实力如何？,1860,YES
2026-06-16 10:49:53,公司的技术实力如何？,2051,YES
2026-06-16 10:49:54,公司的主要业务是什么？,2001,YES
2026-06-16 10:49:54,公司的主要业务是什么？,2181,YES
2026-06-16 10:49:54,公司的业务运营模式是什么？,1687,YES
2026-06-16 10:49:54,公司的技术实力如何？,1491,YES
2026-06-16 10:49:54,公司的技术实力如何？,1812,YES
2026-06-16 10:49:54,公司的技术实力如何？,1920,YES
2026-06-16 10:49:55,公司的技术实力如何？,2001,YES
2026-06-16 10:49:55,公司的技术实力如何？,2114,YES
2026-06-16 10:49:55,公司的技术实力如何？,2380,YES
2026-06-16 10:49:56,公司的主要业务是什么？,2380,YES
2026-06-16 10:49:56,公司的业务运营模式是什么？,2385,YES
2026-06-16 10:49:56,公司的技术实力如何？,2112,YES
2026-06-16 10:49:56,公司的业务运营模式是什么？,2413,YES
2026-06-16 10:49:57,公司的业务运营模式是什么？,2313,YES
2026-06-16 10:49:57,公司的业务运营模式是什么？,2664,YES
2026-06-16 10:49:58,公司的技术实力如何？,3157,YES
2026-06-16 10:49:58,公司的业务运营模式是什么？,3470,YES
2026-06-16 10:49:58,公司的业务运营模式是什么？,3037,YES
2026-06-16 10:49:58,公司的技术实力如何？,2820,YES
2026-06-16 10:49:58,公司的业务运营模式是什么？,2780,YES
2026-06-16 10:49:59,公司的技术实力如何？,3157,YES
2026-06-16 10:49:59,公司的业务运营模式是什么？,2256,YES
2026-06-16 10:49:59,公司的业务运营模式是什么？,4033,YES
2026-06-16 10:49:59,公司的业务运营模式是什么？,2747,YES
2026-06-16 10:49:59,公司的业务运营模式是什么？,2836,YES
2026-06-16 10:49:59,公司的技术实力如何？,2578,YES
2026-06-16 10:49:59,这个文档主要讲什么内容？,2535,YES
2026-06-16 10:50:00,公司的业务运营模式是什么？,2449,YES
2026-06-16 10:50:00,公司的技术实力如何？,1933,YES
2026-06-16 10:50:00,公司的业务运营模式是什么？,1793,YES
2026-06-16 10:50:00,这个文档主要讲什么内容？,1769,YES
2026-06-16 10:50:00,这个文档主要讲什么内容？,1648,YES
2026-06-16 10:50:01,这个文档主要讲什么内容？,1729,YES
2026-06-16 10:50:01,这个文档主要讲什么内容？,1902,YES
2026-06-16 10:50:01,公司的业务运营模式是什么？,2834,YES
2026-06-16 10:50:01,这个文档主要讲什么内容？,1755,YES
2026-06-16 10:50:01,这个文档主要讲什么内容？,652,YES
2026-06-16 10:50:01,这个文档主要讲什么内容？,492,YES
2026-06-16 10:50:01,公司的业务运营模式是什么？,452,YES
2026-06-16 10:50:01,这个文档主要讲什么内容？,598,YES
2026-06-16 10:50:02,公司的业务运营模式是什么？,660,YES
2026-06-16 10:50:02,这个文档主要讲什么内容？,752,YES
2026-06-16 10:50:02,这个文档主要讲什么内容？,653,YES
2026-06-16 10:50:02,这个文档主要讲什么内容？,648,YES
2026-06-16 10:50:02,这个文档主要讲什么内容？,604,YES
2026-06-16 10:50:02,公司的主要销售模式是什么？,625,YES
2026-06-16 10:50:02,公司的业务运营模式是什么？,2723,YES
2026-06-16 10:50:02,这个文档主要讲什么内容？,355,YES
2026-06-16 10:50:03,公司的业务运营模式是什么？,1111,YES
2026-06-16 10:50:03,公司的主要销售模式是什么？,700,YES
2026-06-16 10:50:03,公司的主要销售模式是什么？,1246,YES
2026-06-16 10:50:04,公司的业务运营模式是什么？,1125,YES
2026-06-16 10:50:04,公司的主要销售模式是什么？,1455,YES
2026-06-16 10:50:04,这个文档主要讲什么内容？,765,YES
2026-06-16 10:50:04,这个文档主要讲什么内容？,741,YES
2026-06-16 10:50:04,公司的主要销售模式是什么？,649,YES
2026-06-16 10:50:04,这个文档主要讲什么内容？,1297,YES
2026-06-16 10:50:05,公司的主要销售模式是什么？,1691,YES
2026-06-16 10:50:05,公司的主要销售模式是什么？,1571,YES
2026-06-16 10:50:05,公司的主要销售模式是什么？,1637,YES
2026-06-16 10:50:05,公司的主要销售模式是什么？,1894,YES
2026-06-16 10:50:05,公司的主要销售模式是什么？,1402,YES
2026-06-16 10:50:06,公司的主要销售模式是什么？,2207,YES
2026-06-16 10:50:06,这个文档主要讲什么内容？,2238,YES
2026-06-16 10:50:07,公司的主要销售模式是什么？,2978,YES
2026-06-16 10:50:08,公司的主要销售模式是什么？,2961,YES
2026-06-16 10:50:08,公司的产品开发流程是什么？,3233,YES
2026-06-16 10:50:09,公司的产品开发流程是什么？,3775,YES
2026-06-16 10:50:09,公司的产品开发流程是什么？,4075,YES
2026-06-16 10:50:09,这个文档主要讲什么内容？,4046,YES
2026-06-16 10:50:09,这个文档主要讲什么内容？,4281,YES
2026-06-16 10:50:10,公司的主要销售模式是什么？,5050,YES
2026-06-16 10:50:10,公司的主要销售模式是什么？,4945,YES
2026-06-16 10:50:11,公司的产品开发流程是什么？,4684,YES
2026-06-16 10:50:11,公司的主要销售模式是什么？,4856,YES
2026-06-16 10:50:11,公司的主要销售模式是什么？,4876,YES
2026-06-16 10:50:12,公司的产品开发流程是什么？,5070,YES
2026-06-16 10:50:12,公司的产品开发流程是什么？,5652,YES
2026-06-16 10:50:13,公司的产品开发流程是什么？,6769,YES
2026-06-16 10:50:14,公司的产品开发流程是什么？,6171,YES
2026-06-16 10:50:14,公司的产品开发流程是什么？,6640,YES
2026-06-16 10:50:14,公司的主要销售模式是什么？,6346,YES
2026-06-16 10:50:15,公司的产品开发流程是什么？,6731,YES
2026-06-16 10:50:15,公司的产品开发流程是什么？,7403,YES
2026-06-16 10:50:16,公司的产品开发流程是什么？,6231,YES
2026-06-16 10:50:16,公司的产品开发流程是什么？,6138,YES
2026-06-16 10:50:17,公司的技术创新机制是什么？,6820,YES
2026-06-16 10:50:17,公司的主要销售模式是什么？,6486,YES
2026-06-16 10:50:17,公司的技术创新机制是什么？,6977,YES
2026-06-16 10:50:17,公司的技术创新机制是什么？,6324,YES
2026-06-16 10:50:18,公司的主要销售模式是什么？,5647,YES
2026-06-16 10:50:18,公司的产品开发流程是什么？,6854,YES
2026-06-16 10:50:18,公司的产品开发流程是什么？,6050,YES
2026-06-16 10:50:19,公司的技术创新机制是什么？,6367,YES
2026-06-16 10:50:19,公司的技术创新机制是什么？,5952,YES
2026-06-16 10:50:20,公司的产品开发流程是什么？,5613,YES
2026-06-16 10:50:20,公司的技术创新机制是什么？,5984,YES
2026-06-16 10:50:21,公司的产品开发流程是什么？,7511,YES
2026-06-16 10:50:21,公司的技术创新机制是什么？,6796,YES
2026-06-16 10:50:22,公司的技术创新机制是什么？,5815,YES
2026-06-16 10:50:22,公司的技术创新机制是什么？,6432,YES
2026-06-16 10:50:23,公司的技术创新机制是什么？,6800,YES
2026-06-16 10:50:24,公司的技术创新机制是什么？,6723,YES
2026-06-16 10:50:24,公司的产品开发流程是什么？,7302,YES
2026-06-16 10:50:24,公司的技术创新机制是什么？,7068,YES
2026-06-16 10:50:25,公司的采购与关联交易情况如何？,6370,YES
2026-06-16 10:50:25,公司的技术创新机制是什么？,6842,YES
2026-06-16 10:50:26,公司的技术创新机制是什么？,6918,YES
2026-06-16 10:50:26,公司的产品开发流程是什么？,6716,YES
2026-06-16 10:50:27,公司的采购与关联交易情况如何？,6730,YES
2026-06-16 10:50:27,公司的产品开发流程是什么？,7008,YES
2026-06-16 10:50:28,公司的采购与关联交易情况如何？,7471,YES
2026-06-16 10:50:28,公司的技术创新机制是什么？,7546,YES
2026-06-16 10:50:28,公司的采购与关联交易情况如何？,7413,YES
2026-06-16 10:50:29,公司的采购与关联交易情况如何？,6753,YES
2026-06-16 10:50:29,公司的采购与关联交易情况如何？,7321,YES
2026-06-16 10:50:30,公司的技术创新机制是什么？,7381,YES
2026-06-16 10:50:32,公司的采购与关联交易情况如何？,7967,YES
2026-06-16 10:50:32,公司的采购与关联交易情况如何？,7727,YES
2026-06-16 10:50:32,公司的采购与关联交易情况如何？,8017,YES
2026-06-16 10:50:33,公司的采购与关联交易情况如何？,7135,YES
2026-06-16 10:50:34,公司的采购与关联交易情况如何？,8394,YES
2026-06-16 10:50:36,公司的技术创新机制是什么？,13475,YES
2026-06-16 10:50:36,公司的技术创新机制是什么？,9984,YES
2026-06-16 10:50:36,公司的采购与关联交易情况如何？,9659,YES
2026-06-16 10:50:37,公司的采购与关联交易情况如何？,10735,YES
2026-06-16 10:50:37,公司的主要业务是什么？,9727,YES
2026-06-16 10:50:37,公司的采购与关联交易情况如何？,9894,YES
2026-06-16 10:50:38,公司的主要业务是什么？,8995,YES
2026-06-16 10:50:38,公司的技术创新机制是什么？,10006,YES
2026-06-16 10:50:39,公司的主要业务是什么？,9834,YES
2026-06-16 10:50:39,公司的技术创新机制是什么？,10387,YES
2026-06-16 10:50:40,公司的主要业务是什么？,9639,YES
2026-06-16 10:50:40,公司的主要业务是什么？,9997,YES
2026-06-16 10:50:40,公司的采购与关联交易情况如何？,10781,YES
2026-06-16 10:50:41,公司的主要业务是什么？,7555,YES
2026-06-16 10:50:41,公司的主要业务是什么？,9020,YES
2026-06-16 10:50:41,公司的主要业务是什么？,7756,YES
2026-06-16 10:50:42,公司的主要业务是什么？,7277,YES
2026-06-16 10:50:42,公司的采购与关联交易情况如何？,8962,YES
2026-06-16 10:50:43,公司的主要业务是什么？,6478,YES
2026-06-16 10:50:43,公司的主要业务是什么？,7082,YES
2026-06-16 10:50:43,公司的主要业务是什么？,5026,YES
2026-06-16 10:50:43,公司的采购与关联交易情况如何？,5370,YES
2026-06-16 10:50:44,公司的采购与关联交易情况如何？,5645,YES
2026-06-16 10:50:44,公司的技术实力如何？,5298,YES
2026-06-16 10:50:44,公司的主要业务是什么？,5127,YES
2026-06-16 10:50:45,公司的技术实力如何？,4515,YES
2026-06-16 10:50:45,公司的主要业务是什么？,5448,YES
2026-06-16 10:50:45,公司的采购与关联交易情况如何？,5047,YES
2026-06-16 10:50:45,公司的技术实力如何？,3701,YES
2026-06-16 10:50:46,公司的采购与关联交易情况如何？,4556,YES
2026-06-16 10:50:46,公司的技术实力如何？,2655,YES
2026-06-16 10:50:46,公司的技术实力如何？,3911,YES
2026-06-16 10:50:46,公司的技术实力如何？,2624,YES
2026-06-16 10:50:46,公司的技术实力如何？,3393,YES
2026-06-16 10:50:47,公司的技术实力如何？,3055,YES
2026-06-16 10:50:47,公司的主要业务是什么？,3270,YES
2026-06-16 10:50:47,公司的技术实力如何？,3155,YES
2026-06-16 10:50:47,公司的主要业务是什么？,3093,YES
2026-06-16 10:50:47,公司的技术实力如何？,3275,YES
2026-06-16 10:50:47,公司的技术实力如何？,2310,YES
2026-06-16 10:50:47,公司的技术实力如何？,2366,YES
2026-06-16 10:50:48,公司的主要业务是什么？,2314,YES
2026-06-16 10:50:48,公司的主要业务是什么？,2216,YES
2026-06-16 10:50:49,公司的业务运营模式是什么？,2794,YES
2026-06-16 10:50:49,公司的业务运营模式是什么？,3454,YES
2026-06-16 10:50:49,公司的技术实力如何？,2528,YES
2026-06-16 10:50:49,公司的技术实力如何？,3138,YES
2026-06-16 10:50:49,公司的主要业务是什么？,1809,YES
2026-06-16 10:50:50,公司的主要业务是什么？,2272,YES
2026-06-16 10:50:50,公司的业务运营模式是什么？,3080,YES
2026-06-16 10:50:51,公司的技术实力如何？,2627,YES
2026-06-16 10:50:51,公司的业务运营模式是什么？,2553,YES
2026-06-16 10:50:51,公司的业务运营模式是什么？,2813,YES
2026-06-16 10:50:51,公司的业务运营模式是什么？,2570,YES
2026-06-16 10:50:51,公司的技术实力如何？,3018,YES
2026-06-16 10:50:52,公司的业务运营模式是什么？,3450,YES
2026-06-16 10:50:52,公司的业务运营模式是什么？,3620,YES
2026-06-16 10:50:53,公司的业务运营模式是什么？,3610,YES
2026-06-16 10:50:53,公司的业务运营模式是什么？,3841,YES
2026-06-16 10:50:53,公司的业务运营模式是什么？,3662,YES
2026-06-16 10:50:53,公司的技术实力如何？,3490,YES
2026-06-16 10:50:53,公司的技术实力如何？,3356,YES
2026-06-16 10:50:54,这个文档主要讲什么内容？,3296,YES
2026-06-16 10:50:54,公司的业务运营模式是什么？,4357,YES
2026-06-16 10:50:54,公司的技术实力如何？,2968,YES
2026-06-16 10:50:54,这个文档主要讲什么内容？,2702,YES
2026-06-16 10:50:54,公司的业务运营模式是什么？,2819,YES
2026-06-16 10:50:54,这个文档主要讲什么内容？,2736,YES
2026-06-16 10:50:54,这个文档主要讲什么内容？,2481,YES
2026-06-16 10:50:54,公司的业务运营模式是什么？,2430,YES
2026-06-16 10:50:54,这个文档主要讲什么内容？,2411,YES
2026-06-16 10:50:55,公司的技术实力如何？,2762,YES
2026-06-16 10:50:55,公司的业务运营模式是什么？,2002,YES
2026-06-16 10:50:55,这个文档主要讲什么内容？,1824,YES
2026-06-16 10:50:56,公司的业务运营模式是什么？,2302,YES
2026-06-16 10:50:56,这个文档主要讲什么内容？,2255,YES
2026-06-16 10:50:56,这个文档主要讲什么内容？,1368,YES
2026-06-16 10:50:56,公司的业务运营模式是什么？,1232,YES
2026-06-16 10:50:57,公司的业务运营模式是什么？,2453,YES
2026-06-16 10:50:57,公司的主要销售模式是什么？,2274,YES
2026-06-16 10:50:57,这个文档主要讲什么内容？,2159,YES
2026-06-16 10:50:57,这个文档主要讲什么内容？,2056,YES
2026-06-16 10:50:57,公司的主要销售模式是什么？,2224,YES
2026-06-16 10:50:58,这个文档主要讲什么内容？,1996,YES
2026-06-16 10:50:58,这个文档主要讲什么内容？,2020,YES
2026-06-16 10:50:58,这个文档主要讲什么内容？,2067,YES
2026-06-16 10:50:58,公司的业务运营模式是什么？,2882,YES
2026-06-16 10:50:58,公司的业务运营模式是什么？,2314,YES
2026-06-16 10:50:58,这个文档主要讲什么内容？,2275,YES
2026-06-16 10:50:58,公司的主要销售模式是什么？,1994,YES
2026-06-16 10:50:59,公司的主要销售模式是什么？,2513,YES
2026-06-16 10:50:59,公司的主要销售模式是什么？,2334,YES
2026-06-16 10:50:59,公司的主要销售模式是什么？,2458,YES
2026-06-16 10:50:59,这个文档主要讲什么内容？,2131,YES
2026-06-16 10:50:59,这个文档主要讲什么内容？,1561,YES
2026-06-16 10:50:59,公司的主要销售模式是什么？,1726,YES
2026-06-16 10:50:59,这个文档主要讲什么内容？,1671,YES
2026-06-16 10:51:00,公司的主要销售模式是什么？,577,YES
2026-06-16 10:51:00,公司的主要销售模式是什么？,2984,YES
2026-06-16 10:51:00,公司的主要销售模式是什么？,1067,YES
2026-06-16 10:51:01,公司的产品开发流程是什么？,1957,YES
2026-06-16 10:51:01,公司的主要销售模式是什么？,2334,YES
2026-06-16 10:51:02,这个文档主要讲什么内容？,2118,YES
2026-06-16 10:51:02,公司的产品开发流程是什么？,2469,YES
2026-06-16 10:51:02,公司的主要销售模式是什么？,2519,YES
2026-06-16 10:51:02,公司的产品开发流程是什么？,2618,YES
2026-06-16 10:51:03,公司的主要销售模式是什么？,2942,YES
2026-06-16 10:51:03,公司的产品开发流程是什么？,3064,YES
2026-06-16 10:51:03,这个文档主要讲什么内容？,3020,YES
2026-06-16 10:51:03,这个文档主要讲什么内容？,2556,YES
2026-06-16 10:51:05,公司的产品开发流程是什么？,3691,YES
2026-06-16 10:51:05,公司的产品开发流程是什么？,5065,YES
2026-06-16 10:51:05,公司的主要销售模式是什么？,4588,YES
2026-06-16 10:51:06,公司的主要销售模式是什么？,4752,YES
2026-06-16 10:51:07,公司的产品开发流程是什么？,5262,YES
2026-06-16 10:51:07,公司的产品开发流程是什么？,5643,YES
2026-06-16 10:51:07,公司的主要销售模式是什么？,5403,YES
2026-06-16 10:51:08,公司的产品开发流程是什么？,6072,YES
2026-06-16 10:51:08,公司的产品开发流程是什么？,6083,YES
2026-06-16 10:51:09,公司的主要销售模式是什么？,6891,YES
2026-06-16 10:51:09,公司的技术创新机制是什么？,5828,YES
2026-06-16 10:51:10,公司的主要销售模式是什么？,6411,YES
2026-06-16 10:51:10,公司的技术创新机制是什么？,6829,YES
2026-06-16 10:51:11,公司的技术创新机制是什么？,7338,YES
2026-06-16 10:51:12,公司的产品开发流程是什么？,7941,YES
2026-06-16 10:51:13,公司的主要销售模式是什么？,8443,YES
2026-06-16 10:51:13,公司的产品开发流程是什么？,8070,YES
2026-06-16 10:51:14,公司的技术创新机制是什么？,8479,YES
2026-06-16 10:51:14,公司的产品开发流程是什么？,8360,YES
2026-06-16 10:51:15,公司的技术创新机制是什么？,8471,YES
2026-06-16 10:51:15,公司的主要销售模式是什么？,8769,YES
2026-06-16 10:51:15,公司的技术创新机制是什么？,7786,YES
2026-06-16 10:51:16,公司的产品开发流程是什么？,8370,YES
2026-06-16 10:51:17,公司的产品开发流程是什么？,8812,YES
2026-06-16 10:51:18,公司的产品开发流程是什么？,8833,YES
2026-06-16 10:51:18,公司的技术创新机制是什么？,7878,YES
2026-06-16 10:51:18,公司的技术创新机制是什么？,8006,YES
2026-06-16 10:51:19,公司的技术创新机制是什么？,8708,YES
2026-06-16 10:51:19,公司的技术创新机制是什么？,8247,YES
2026-06-16 10:51:19,公司的产品开发流程是什么？,8540,YES
2026-06-16 10:51:20,公司的采购与关联交易情况如何？,8565,YES
2026-06-16 10:51:20,公司的采购与关联交易情况如何？,8754,YES
2026-06-16 10:51:21,公司的产品开发流程是什么？,9305,YES
2026-06-16 10:51:21,公司的采购与关联交易情况如何？,8024,YES
2026-06-16 10:51:21,公司的技术创新机制是什么？,7404,YES
2026-06-16 10:51:23,公司的技术创新机制是什么？,8357,YES
2026-06-16 10:51:23,公司的采购与关联交易情况如何？,6390,YES
2026-06-16 10:51:23,公司的产品开发流程是什么？,7923,YES
2026-06-16 10:51:24,公司的技术创新机制是什么？,6886,YES
2026-06-16 10:51:25,公司的采购与关联交易情况如何？,7170,YES
2026-06-16 10:51:25,公司的产品开发流程是什么？,7982,YES
2026-06-16 10:51:25,公司的技术创新机制是什么？,7737,YES
2026-06-16 10:51:26,公司的采购与关联交易情况如何？,8056,YES
2026-06-16 10:51:26,公司的技术创新机制是什么？,6983,YES
2026-06-16 10:51:27,公司的技术创新机制是什么？,7501,YES
2026-06-16 10:51:28,公司的采购与关联交易情况如何？,7435,YES
2026-06-16 10:51:28,公司的采购与关联交易情况如何？,7595,YES
2026-06-16 10:51:29,公司的采购与关联交易情况如何？,9597,YES
2026-06-16 10:51:29,公司的采购与关联交易情况如何？,8019,YES
2026-06-16 10:51:29,公司的技术创新机制是什么？,8273,YES
2026-06-16 10:51:30,公司的主要业务是什么？,8165,YES
2026-06-16 10:51:30,公司的技术创新机制是什么？,7988,YES
2026-06-16 10:51:30,公司的主要业务是什么？,8244,YES
2026-06-16 10:51:31,公司的主要业务是什么？,8370,YES
2026-06-16 10:51:31,公司的采购与关联交易情况如何？,8054,YES
2026-06-16 10:51:31,公司的采购与关联交易情况如何？,7580,YES
2026-06-16 10:51:32,公司的主要业务是什么？,7485,YES
2026-06-16 10:51:32,公司的技术创新机制是什么？,7301,YES
2026-06-16 10:51:32,公司的采购与关联交易情况如何？,7254,YES
2026-06-16 10:51:33,公司的主要业务是什么？,5565,YES
2026-06-16 10:51:33,公司的采购与关联交易情况如何？,6881,YES
2026-06-16 10:51:34,公司的技术创新机制是什么？,5977,YES
2026-06-16 10:51:34,公司的主要业务是什么？,6226,YES
2026-06-16 10:51:34,公司的采购与关联交易情况如何？,6099,YES
2026-06-16 10:51:34,公司的采购与关联交易情况如何？,6220,YES
2026-06-16 10:51:35,公司的主要业务是什么？,5138,YES
2026-06-16 10:51:35,公司的主要业务是什么？,6076,YES
2026-06-16 10:51:36,公司的主要业务是什么？,4581,YES
2026-06-16 10:51:36,公司的采购与关联交易情况如何？,4771,YES
2026-06-16 10:51:36,公司的主要业务是什么？,4494,YES
2026-06-16 10:51:36,公司的技术实力如何？,3952,YES
2026-06-16 10:51:36,公司的技术实力如何？,4578,YES
2026-06-16 10:51:36,公司的主要业务是什么？,3938,YES
2026-06-16 10:51:37,公司的采购与关联交易情况如何？,4513,YES
2026-06-16 10:51:37,公司的技术实力如何？,4084,YES
2026-06-16 10:51:37,公司的技术实力如何？,3744,YES
2026-06-16 10:51:37,公司的主要业务是什么？,4354,YES
2026-06-16 10:51:37,公司的主要业务是什么？,4195,YES
2026-06-16 10:51:38,公司的技术实力如何？,3628,YES
2026-06-16 10:51:38,公司的采购与关联交易情况如何？,3577,YES
2026-06-16 10:51:38,公司的主要业务是什么？,3359,YES
2026-06-16 10:51:39,公司的采购与关联交易情况如何？,3739,YES
2026-06-16 10:51:39,公司的技术实力如何？,3149,YES
2026-06-16 10:51:40,公司的主要业务是什么？,3553,YES
2026-06-16 10:51:40,公司的技术实力如何？,2838,YES
2026-06-16 10:51:40,公司的技术实力如何？,4078,YES
2026-06-16 10:51:40,公司的技术实力如何？,3116,YES
2026-06-16 10:51:41,公司的技术实力如何？,3040,YES
2026-06-16 10:51:41,公司的主要业务是什么？,3467,YES
2026-06-16 10:51:41,公司的主要业务是什么？,3664,YES
2026-06-16 10:51:42,公司的业务运营模式是什么？,3810,YES
2026-06-16 10:51:43,公司的业务运营模式是什么？,4229,YES
2026-06-16 10:51:43,公司的业务运营模式是什么？,4347,YES
2026-06-16 10:51:43,公司的主要业务是什么？,3805,YES
2026-06-16 10:51:43,公司的业务运营模式是什么？,3941,YES
2026-06-16 10:51:43,公司的技术实力如何？,4027,YES
2026-06-16 10:51:44,公司的技术实力如何？,4257,YES
2026-06-16 10:51:44,公司的技术实力如何？,4351,YES
2026-06-16 10:51:44,公司的业务运营模式是什么？,5474,YES
2026-06-16 10:51:44,公司的技术实力如何？,4583,YES
2026-06-16 10:51:45,公司的主要业务是什么？,5115,YES
2026-06-16 10:51:45,公司的业务运营模式是什么？,3689,YES
2026-06-16 10:51:45,公司的技术实力如何？,3830,YES
2026-06-16 10:51:45,公司的业务运营模式是什么？,3366,YES
2026-06-16 10:51:45,公司的主要业务是什么？,3631,YES
2026-06-16 10:51:45,公司的业务运营模式是什么？,2775,YES
2026-06-16 10:51:45,公司的技术实力如何？,2436,YES
2026-06-16 10:51:46,公司的业务运营模式是什么？,4163,YES
2026-06-16 10:51:46,公司的技术实力如何？,2246,YES
2026-06-16 10:51:46,公司的业务运营模式是什么？,2638,YES
2026-06-16 10:51:46,公司的技术实力如何？,1619,YES
2026-06-16 10:51:46,这个文档主要讲什么内容？,2088,YES
2026-06-16 10:51:46,公司的业务运营模式是什么？,1504,YES
2026-06-16 10:51:46,这个文档主要讲什么内容？,1489,YES
2026-06-16 10:51:47,这个文档主要讲什么内容？,1299,YES
2026-06-16 10:51:47,这个文档主要讲什么内容？,533,YES
2026-06-16 10:51:47,公司的业务运营模式是什么？,541,YES
2026-06-16 10:51:47,这个文档主要讲什么内容？,647,YES
2026-06-16 10:51:47,公司的技术实力如何？,623,YES
2026-06-16 10:51:47,这个文档主要讲什么内容？,329,YES
2026-06-16 10:51:47,公司的业务运营模式是什么？,419,YES
2026-06-16 10:51:47,公司的技术实力如何？,335,YES
2026-06-16 10:51:47,这个文档主要讲什么内容？,342,YES
2026-06-16 10:51:48,公司的业务运营模式是什么？,200,YES
2026-06-16 10:51:48,公司的业务运营模式是什么？,2560,YES
2026-06-16 10:51:48,这个文档主要讲什么内容？,184,YES
2026-06-16 10:51:48,公司的主要销售模式是什么？,282,YES
2026-06-16 10:51:48,这个文档主要讲什么内容？,463,YES
2026-06-16 10:51:48,公司的主要销售模式是什么？,551,YES
2026-06-16 10:51:49,这个文档主要讲什么内容？,495,YES
2026-06-16 10:51:49,公司的主要销售模式是什么？,324,YES
2026-06-16 10:51:49,公司的业务运营模式是什么？,823,YES
2026-06-16 10:51:49,公司的主要销售模式是什么？,427,YES
2026-06-16 10:51:49,这个文档主要讲什么内容？,465,YES
2026-06-16 10:51:49,这个文档主要讲什么内容？,585,YES
2026-06-16 10:51:50,公司的业务运营模式是什么？,1274,YES
2026-06-16 10:51:50,公司的业务运营模式是什么？,1181,YES
2026-06-16 10:51:51,公司的产品开发流程是什么？,1462,YES
2026-06-16 10:51:51,公司的业务运营模式是什么？,1689,YES
2026-06-16 10:51:51,公司的主要销售模式是什么？,1626,YES
2026-06-16 10:51:51,这个文档主要讲什么内容？,1656,YES
2026-06-16 10:51:51,公司的主要销售模式是什么？,2152,YES
2026-06-16 10:51:52,公司的主要销售模式是什么？,2067,YES
2026-06-16 10:51:52,公司的主要销售模式是什么？,2041,YES
2026-06-16 10:51:52,公司的主要销售模式是什么？,2287,YES
2026-06-16 10:51:52,这个文档主要讲什么内容？,2006,YES
2026-06-16 10:51:52,这个文档主要讲什么内容？,1572,YES
2026-06-16 10:51:52,这个文档主要讲什么内容？,1908,YES
2026-06-16 10:51:52,公司的主要销售模式是什么？,1628,YES
2026-06-16 10:51:53,公司的主要销售模式是什么？,2553,YES
2026-06-16 10:51:53,公司的产品开发流程是什么？,2402,YES
2026-06-16 10:51:54,公司的产品开发流程是什么？,2918,YES
2026-06-16 10:51:55,公司的主要销售模式是什么？,3382,YES
2026-06-16 10:51:55,这个文档主要讲什么内容？,3171,YES
2026-06-16 10:51:55,公司的产品开发流程是什么？,3353,YES
2026-06-16 10:51:55,这个文档主要讲什么内容？,2949,YES
2026-06-16 10:51:55,公司的主要销售模式是什么？,2120,YES
2026-06-16 10:51:55,公司的主要销售模式是什么？,2237,YES
2026-06-16 10:51:56,公司的技术创新机制是什么？,3502,YES
2026-06-16 10:51:56,这个文档主要讲什么内容？,2823,YES
2026-06-16 10:51:56,公司的主要销售模式是什么？,2775,YES
2026-06-16 10:51:56,公司的产品开发流程是什么？,3318,YES
2026-06-16 10:51:57,公司的产品开发流程是什么？,3125,YES
2026-06-16 10:51:58,公司的产品开发流程是什么？,3354,YES
2026-06-16 10:51:58,公司的产品开发流程是什么？,3884,YES
2026-06-16 10:51:59,公司的产品开发流程是什么？,4443,YES
2026-06-16 10:51:59,公司的主要销售模式是什么？,4315,YES
2026-06-16 10:51:59,公司的产品开发流程是什么？,4653,YES
2026-06-16 10:52:00,公司的产品开发流程是什么？,5359,YES
2026-06-16 10:52:01,公司的技术创新机制是什么？,5042,YES
2026-06-16 10:52:01,公司的产品开发流程是什么？,5284,YES
2026-06-16 10:52:01,公司的技术创新机制是什么？,5277,YES
2026-06-16 10:52:01,公司的主要销售模式是什么？,4811,YES
2026-06-16 10:52:02,公司的技术创新机制是什么？,5226,YES
2026-06-16 10:52:02,公司的主要销售模式是什么？,5064,YES
2026-06-16 10:52:03,公司的产品开发流程是什么？,5566,YES
2026-06-16 10:52:03,公司的产品开发流程是什么？,6229,YES
2026-06-16 10:52:03,公司的主要销售模式是什么？,5330,YES
2026-06-16 10:52:04,公司的产品开发流程是什么？,5683,YES
2026-06-16 10:52:04,公司的采购与关联交易情况如何？,6239,YES
2026-06-16 10:52:05,公司的技术创新机制是什么？,5854,YES
2026-06-16 10:52:05,公司的技术创新机制是什么？,5691,YES
2026-06-16 10:52:06,公司的产品开发流程是什么？,6166,YES
2026-06-16 10:52:06,公司的技术创新机制是什么？,6563,YES
2026-06-16 10:52:07,公司的技术创新机制是什么？,6523,YES
2026-06-16 10:52:08,公司的技术创新机制是什么？,7001,YES
2026-06-16 10:52:08,公司的采购与关联交易情况如何？,5997,YES
2026-06-16 10:52:08,公司的技术创新机制是什么？,7033,YES
2026-06-16 10:52:09,公司的技术创新机制是什么？,6033,YES
2026-06-16 10:52:09,公司的采购与关联交易情况如何？,6626,YES
2026-06-16 10:52:10,公司的产品开发流程是什么？,6774,YES
2026-06-16 10:52:10,公司的技术创新机制是什么？,7254,YES
2026-06-16 10:52:11,公司的产品开发流程是什么？,7958,YES
2026-06-16 10:52:12,公司的技术创新机制是什么？,7796,YES
2026-06-16 10:52:12,公司的采购与关联交易情况如何？,8309,YES
2026-06-16 10:52:12,公司的技术创新机制是什么？,7974,YES
2026-06-16 10:52:13,公司的产品开发流程是什么？,8190,YES
2026-06-16 10:52:13,公司的技术创新机制是什么？,6785,YES
2026-06-16 10:52:14,公司的主要业务是什么？,6995,YES
2026-06-16 10:52:14,公司的采购与关联交易情况如何？,7257,YES
2026-06-16 10:52:14,公司的采购与关联交易情况如何？,6559,YES
2026-06-16 10:52:14,公司的采购与关联交易情况如何？,6699,YES
2026-06-16 10:52:15,公司的采购与关联交易情况如何？,6404,YES
2026-06-16 10:52:16,公司的技术创新机制是什么？,7463,YES
2026-06-16 10:52:16,公司的采购与关联交易情况如何？,7071,YES
2026-06-16 10:52:16,公司的主要业务是什么？,5749,YES
2026-06-16 10:52:17,公司的采购与关联交易情况如何？,5354,YES
2026-06-16 10:52:17,公司的采购与关联交易情况如何？,5716,YES
2026-06-16 10:52:17,公司的主要业务是什么？,5485,YES
2026-06-16 10:52:17,公司的采购与关联交易情况如何？,5320,YES
2026-06-16 10:52:18,公司的技术创新机制是什么？,5558,YES
2026-06-16 10:52:19,公司的采购与关联交易情况如何？,6114,YES
2026-06-16 10:52:19,公司的技术创新机制是什么？,5326,YES
2026-06-16 10:52:19,公司的主要业务是什么？,5580,YES
2026-06-16 10:52:19,公司的技术实力如何？,4170,YES
2026-06-16 10:52:20,公司的采购与关联交易情况如何？,5013,YES
2026-06-16 10:52:21,公司的技术创新机制是什么？,5084,YES
2026-06-16 10:52:21,公司的主要业务是什么？,5267,YES
2026-06-16 10:52:21,公司的主要业务是什么？,5563,YES
2026-06-16 10:52:22,公司的主要业务是什么？,5105,YES
2026-06-16 10:52:22,公司的采购与关联交易情况如何？,6528,YES
2026-06-16 10:52:22,公司的主要业务是什么？,5221,YES
2026-06-16 10:52:23,公司的主要业务是什么？,4642,YES
2026-06-16 10:52:23,公司的主要业务是什么？,4327,YES
2026-06-16 10:52:24,公司的主要业务是什么？,4928,YES
2026-06-16 10:52:24,公司的采购与关联交易情况如何？,5458,YES
2026-06-16 10:52:24,公司的技术实力如何？,4724,YES
2026-06-16 10:52:24,公司的技术实力如何？,5388,YES
2026-06-16 10:52:25,公司的主要业务是什么？,4547,YES
2026-06-16 10:52:25,公司的采购与关联交易情况如何？,5246,YES
2026-06-16 10:52:25,公司的主要业务是什么？,4170,YES
2026-06-16 10:52:25,公司的业务运营模式是什么？,4032,YES
2026-06-16 10:52:26,公司的主要业务是什么？,4221,YES
2026-06-16 10:52:26,公司的采购与关联交易情况如何？,4640,YES
2026-06-16 10:52:26,公司的技术实力如何？,4242,YES
2026-06-16 10:52:26,公司的技术实力如何？,3597,YES
2026-06-16 10:52:26,公司的技术实力如何？,3233,YES
2026-06-16 10:52:27,公司的采购与关联交易情况如何？,4162,YES
2026-06-16 10:52:27,公司的主要业务是什么？,3547,YES
2026-06-16 10:52:27,公司的技术实力如何？,2602,YES
2026-06-16 10:52:27,公司的技术实力如何？,2140,YES
2026-06-16 10:52:27,公司的技术实力如何？,3610,YES
2026-06-16 10:52:27,公司的技术实力如何？,1582,YES
2026-06-16 10:52:28,公司的技术实力如何？,1737,YES
2026-06-16 10:52:28,公司的业务运营模式是什么？,2102,YES
2026-06-16 10:52:29,公司的主要业务是什么？,1993,YES
2026-06-16 10:52:29,公司的业务运营模式是什么？,2335,YES
2026-06-16 10:52:29,公司的主要业务是什么？,2081,YES
2026-06-16 10:52:29,公司的技术实力如何？,2116,YES
2026-06-16 10:52:29,这个文档主要讲什么内容？,2013,YES
2026-06-16 10:52:29,公司的技术实力如何？,1988,YES
2026-06-16 10:52:29,公司的技术实力如何？,2292,YES
2026-06-16 10:52:29,公司的业务运营模式是什么？,2120,YES
2026-06-16 10:52:30,公司的主要业务是什么？,1287,YES
2026-06-16 10:52:30,公司的业务运营模式是什么？,1258,YES
2026-06-16 10:52:30,公司的业务运营模式是什么？,1328,YES
2026-06-16 10:52:30,公司的业务运营模式是什么？,1170,YES
2026-06-16 10:52:30,公司的业务运营模式是什么？,1255,YES
2026-06-16 10:52:30,公司的业务运营模式是什么？,1385,YES
2026-06-16 10:52:30,公司的主要业务是什么？,1814,YES
2026-06-16 10:52:30,公司的技术实力如何？,1387,YES
2026-06-16 10:52:31,这个文档主要讲什么内容？,445,YES
2026-06-16 10:52:31,公司的业务运营模式是什么？,375,YES
2026-06-16 10:52:31,这个文档主要讲什么内容？,204,YES
2026-06-16 10:52:31,公司的技术实力如何？,255,YES
2026-06-16 10:52:31,公司的技术实力如何？,208,YES
2026-06-16 10:52:32,公司的业务运营模式是什么？,1574,YES
2026-06-16 10:52:32,这个文档主要讲什么内容？,340,YES
2026-06-16 10:52:32,公司的主要销售模式是什么？,668,YES
2026-06-16 10:52:32,公司的业务运营模式是什么？,540,YES
2026-06-16 10:52:32,公司的业务运营模式是什么？,681,YES
2026-06-16 10:52:32,这个文档主要讲什么内容？,551,YES
2026-06-16 10:52:32,这个文档主要讲什么内容？,428,YES
2026-06-16 10:52:33,这个文档主要讲什么内容？,430,YES
2026-06-16 10:52:33,这个文档主要讲什么内容？,448,YES
2026-06-16 10:52:33,这个文档主要讲什么内容？,463,YES
2026-06-16 10:52:33,公司的业务运营模式是什么？,834,YES
2026-06-16 10:52:33,公司的主要销售模式是什么？,382,YES
2026-06-16 10:52:33,公司的技术实力如何？,658,YES
2026-06-16 10:52:34,公司的技术实力如何？,970,YES
2026-06-16 10:52:34,这个文档主要讲什么内容？,1233,YES
2026-06-16 10:52:34,公司的业务运营模式是什么？,1523,YES
2026-06-16 10:52:35,公司的主要销售模式是什么？,2178,YES
2026-06-16 10:52:35,公司的业务运营模式是什么？,2598,YES
2026-06-16 10:52:36,公司的主要销售模式是什么？,2336,YES
2026-06-16 10:52:36,公司的主要销售模式是什么？,2352,YES
2026-06-16 10:52:36,公司的产品开发流程是什么？,2727,YES
2026-06-16 10:52:36,公司的主要销售模式是什么？,2314,YES
2026-06-16 10:52:37,公司的业务运营模式是什么？,2861,YES
2026-06-16 10:52:37,这个文档主要讲什么内容？,2688,YES
2026-06-16 10:52:37,公司的主要销售模式是什么？,2935,YES
2026-06-16 10:52:37,这个文档主要讲什么内容？,2513,YES
2026-06-16 10:52:37,公司的主要销售模式是什么？,2554,YES
2026-06-16 10:52:37,这个文档主要讲什么内容？,2696,YES
2026-06-16 10:52:38,公司的业务运营模式是什么？,2888,YES
2026-06-16 10:52:38,公司的主要销售模式是什么？,2587,YES
2026-06-16 10:52:38,这个文档主要讲什么内容？,2709,YES
2026-06-16 10:52:38,这个文档主要讲什么内容？,2101,YES
2026-06-16 10:52:38,公司的产品开发流程是什么？,3144,YES
2026-06-16 10:52:39,公司的主要销售模式是什么？,1857,YES
2026-06-16 10:52:39,公司的业务运营模式是什么？,2222,YES
2026-06-16 10:52:39,公司的主要销售模式是什么？,1608,YES
2026-06-16 10:52:40,这个文档主要讲什么内容？,1519,YES
2026-06-16 10:52:40,公司的产品开发流程是什么？,1979,YES
2026-06-16 10:52:40,公司的技术创新机制是什么？,2131,YES
2026-06-16 10:52:41,公司的产品开发流程是什么？,2339,YES
2026-06-16 10:52:41,公司的产品开发流程是什么？,2572,YES
2026-06-16 10:52:42,公司的产品开发流程是什么？,3217,YES
2026-06-16 10:52:42,公司的产品开发流程是什么？,3536,YES
2026-06-16 10:52:43,公司的技术创新机制是什么？,3683,YES
2026-06-16 10:52:43,这个文档主要讲什么内容？,4049,YES
2026-06-16 10:52:44,公司的产品开发流程是什么？,4852,YES
2026-06-16 10:52:44,公司的主要销售模式是什么？,4475,YES
2026-06-16 10:52:44,公司的主要销售模式是什么？,4003,YES
2026-06-16 10:52:44,这个文档主要讲什么内容？,3989,YES
2026-06-16 10:52:45,公司的主要销售模式是什么？,4631,YES
2026-06-16 10:52:45,公司的产品开发流程是什么？,5455,YES
2026-06-16 10:52:45,这个文档主要讲什么内容？,4346,YES
2026-06-16 10:52:46,公司的主要销售模式是什么？,5144,YES
2026-06-16 10:52:47,公司的产品开发流程是什么？,5803,YES
2026-06-16 10:52:47,公司的产品开发流程是什么？,5039,YES
2026-06-16 10:52:47,公司的采购与关联交易情况如何？,5326,YES
2026-06-16 10:52:48,公司的主要销售模式是什么？,5485,YES
2026-06-16 10:52:48,公司的技术创新机制是什么？,5878,YES
2026-06-16 10:52:49,公司的技术创新机制是什么？,6367,YES
2026-06-16 10:52:49,公司的技术创新机制是什么？,6403,YES
2026-06-16 10:52:50,公司的技术创新机制是什么？,5553,YES
2026-06-16 10:52:50,公司的技术创新机制是什么？,7425,YES
2026-06-16 10:52:51,公司的主要销售模式是什么？,5606,YES
2026-06-16 10:52:51,公司的主要销售模式是什么？,5083,YES
2026-06-16 10:52:51,公司的产品开发流程是什么？,6307,YES
2026-06-16 10:52:52,公司的采购与关联交易情况如何？,6078,YES
2026-06-16 10:52:52,公司的技术创新机制是什么？,6601,YES
2026-06-16 10:52:53,公司的技术创新机制是什么？,7147,YES
2026-06-16 10:52:53,公司的产品开发流程是什么？,6745,YES
2026-06-16 10:52:54,公司的主要销售模式是什么？,6246,YES
2026-06-16 10:52:54,公司的产品开发流程是什么？,6581,YES
2026-06-16 10:52:55,公司的技术创新机制是什么？,6225,YES
2026-06-16 10:52:55,公司的产品开发流程是什么？,6210,YES
2026-06-16 10:52:55,公司的主要业务是什么？,5520,YES
2026-06-16 10:52:56,公司的技术创新机制是什么？,6604,YES
2026-06-16 10:52:57,公司的采购与关联交易情况如何？,6954,YES
2026-06-16 10:52:57,公司的产品开发流程是什么？,7973,YES
2026-06-16 10:52:58,公司的采购与关联交易情况如何？,5971,YES
2026-06-16 10:52:58,公司的采购与关联交易情况如何？,6913,YES
2026-06-16 10:52:58,公司的采购与关联交易情况如何？,6430,YES
2026-06-16 10:52:59,公司的产品开发流程是什么？,7428,YES
2026-06-16 10:53:00,公司的采购与关联交易情况如何？,7731,YES
2026-06-16 10:53:01,公司的技术创新机制是什么？,7772,YES
2026-06-16 10:53:01,公司的产品开发流程是什么？,8495,YES
2026-06-16 10:53:01,公司的主要业务是什么？,7236,YES
2026-06-16 10:53:01,公司的采购与关联交易情况如何？,6381,YES
2026-06-16 10:53:01,公司的采购与关联交易情况如何？,6346,YES
2026-06-16 10:53:02,公司的技术创新机制是什么？,6523,YES
2026-06-16 10:53:02,公司的技术创新机制是什么？,7539,YES
2026-06-16 10:53:03,公司的采购与关联交易情况如何？,7054,YES
2026-06-16 10:53:04,公司的产品开发流程是什么？,7574,YES
2026-06-16 10:53:04,公司的技术创新机制是什么？,7706,YES
2026-06-16 10:53:04,公司的技术实力如何？,7003,YES
2026-06-16 10:53:05,公司的采购与关联交易情况如何？,7118,YES
2026-06-16 10:53:05,公司的技术创新机制是什么？,6611,YES
2026-06-16 10:53:05,公司的主要业务是什么？,5520,YES
2026-06-16 10:53:06,公司的主要业务是什么？,5810,YES
2026-06-16 10:53:06,公司的主要业务是什么？,5184,YES
2026-06-16 10:53:06,公司的主要业务是什么？,5255,YES
2026-06-16 10:53:06,公司的主要业务是什么？,4892,YES
2026-06-16 10:53:07,公司的主要业务是什么？,4656,YES
2026-06-16 10:53:07,公司的技术实力如何？,4757,YES
2026-06-16 10:53:07,公司的技术创新机制是什么？,5688,YES
2026-06-16 10:53:08,公司的采购与关联交易情况如何？,5038,YES
2026-06-16 10:53:08,公司的采购与关联交易情况如何？,4243,YES
2026-06-16 10:53:09,公司的技术创新机制是什么？,5088,YES
2026-06-16 10:53:09,公司的采购与关联交易情况如何？,4861,YES
2026-06-16 10:53:09,公司的主要业务是什么？,4955,YES
2026-06-16 10:53:09,公司的主要业务是什么？,5162,YES
2026-06-16 10:53:10,公司的采购与关联交易情况如何？,4587,YES
2026-06-16 10:53:10,公司的业务运营模式是什么？,3288,YES
2026-06-16 10:53:10,公司的技术实力如何？,3082,YES
2026-06-16 10:53:10,公司的技术创新机制是什么？,3987,YES
2026-06-16 10:53:11,公司的主要业务是什么？,3241,YES
2026-06-16 10:53:11,公司的技术实力如何？,3567,YES
2026-06-16 10:53:11,公司的技术实力如何？,3461,YES
2026-06-16 10:53:12,公司的采购与关联交易情况如何？,4201,YES
2026-06-16 10:53:12,公司的技术实力如何？,3389,YES
2026-06-16 10:53:12,公司的技术实力如何？,4001,YES
2026-06-16 10:53:13,公司的技术实力如何？,3198,YES
2026-06-16 10:53:13,公司的业务运营模式是什么？,3065,YES
2026-06-16 10:53:13,公司的采购与关联交易情况如何？,3828,YES
2026-06-16 10:53:13,公司的主要业务是什么？,3060,YES
2026-06-16 10:53:14,公司的技术实力如何？,3313,YES
2026-06-16 10:53:14,公司的主要业务是什么？,3053,YES
2026-06-16 10:53:14,公司的技术实力如何？,2205,YES
2026-06-16 10:53:14,公司的采购与关联交易情况如何？,2251,YES
2026-06-16 10:53:14,公司的采购与关联交易情况如何？,2253,YES
2026-06-16 10:53:15,公司的主要业务是什么？,2530,YES
2026-06-16 10:53:15,公司的主要业务是什么？,2913,YES
2026-06-16 10:53:15,这个文档主要讲什么内容？,2808,YES
2026-06-16 10:53:15,公司的技术实力如何？,2927,YES
2026-06-16 10:53:15,公司的业务运营模式是什么？,2851,YES
2026-06-16 10:53:16,公司的业务运营模式是什么？,2944,YES
2026-06-16 10:53:16,公司的主要业务是什么？,3376,YES
2026-06-16 10:53:16,公司的业务运营模式是什么？,2923,YES
2026-06-16 10:53:17,公司的业务运营模式是什么？,4478,YES
2026-06-16 10:53:17,公司的主要业务是什么？,2505,YES
2026-06-16 10:53:17,公司的业务运营模式是什么？,2669,YES
2026-06-16 10:53:17,公司的业务运营模式是什么？,2382,YES
2026-06-16 10:53:18,这个文档主要讲什么内容？,2246,YES
2026-06-16 10:53:18,公司的技术实力如何？,2155,YES
2026-06-16 10:53:18,公司的业务运营模式是什么？,2016,YES
2026-06-16 10:53:19,公司的业务运营模式是什么？,3649,YES
2026-06-16 10:53:19,公司的主要业务是什么？,2911,YES
2026-06-16 10:53:20,公司的主要销售模式是什么？,3672,YES
2026-06-16 10:53:20,公司的主要业务是什么？,4182,YES
2026-06-16 10:53:20,公司的技术实力如何？,3498,YES
2026-06-16 10:53:20,公司的技术实力如何？,3046,YES
2026-06-16 10:53:20,公司的技术实力如何？,4038,YES
2026-06-16 10:53:21,公司的业务运营模式是什么？,2810,YES
2026-06-16 10:53:21,这个文档主要讲什么内容？,2890,YES
2026-06-16 10:53:21,这个文档主要讲什么内容？,2800,YES
2026-06-16 10:53:21,公司的技术实力如何？,3281,YES
2026-06-16 10:53:21,这个文档主要讲什么内容？,2346,YES
2026-06-16 10:53:21,公司的技术实力如何？,2108,YES
2026-06-16 10:53:21,这个文档主要讲什么内容？,2182,YES
2026-06-16 10:53:21,这个文档主要讲什么内容？,2215,YES
2026-06-16 10:53:22,这个文档主要讲什么内容？,1397,YES
2026-06-16 10:53:22,这个文档主要讲什么内容？,1481,YES
2026-06-16 10:53:22,公司的主要销售模式是什么？,3078,YES
2026-06-16 10:53:22,这个文档主要讲什么内容？,1588,YES
2026-06-16 10:53:22,公司的技术实力如何？,1322,YES
2026-06-16 10:53:23,公司的业务运营模式是什么？,2850,YES
2026-06-16 10:53:24,公司的技术实力如何？,1833,YES
2026-06-16 10:53:25,公司的业务运营模式是什么？,2645,YES
2026-06-16 10:53:25,公司的业务运营模式是什么？,2676,YES
2026-06-16 10:53:26,公司的业务运营模式是什么？,3524,YES
2026-06-16 10:53:27,公司的业务运营模式是什么？,4906,YES
2026-06-16 10:53:28,公司的产品开发流程是什么？,6722,YES
2026-06-16 10:53:28,公司的主要销售模式是什么？,5227,YES
2026-06-16 10:53:28,公司的业务运营模式是什么？,5943,YES
2026-06-16 10:53:29,公司的主要销售模式是什么？,6039,YES
2026-06-16 10:53:29,公司的主要销售模式是什么？,6408,YES
2026-06-16 10:53:29,公司的主要销售模式是什么？,6143,YES
2026-06-16 10:53:29,这个文档主要讲什么内容？,5905,YES
2026-06-16 10:53:29,公司的主要销售模式是什么？,5722,YES
2026-06-16 10:53:30,公司的产品开发流程是什么？,6402,YES
2026-06-16 10:53:30,公司的主要销售模式是什么？,5932,YES
2026-06-16 10:53:30,公司的主要销售模式是什么？,6355,YES
2026-06-16 10:53:31,公司的主要销售模式是什么？,6347,YES
2026-06-16 10:53:31,公司的业务运营模式是什么？,6554,YES
2026-06-16 10:53:31,公司的业务运营模式是什么？,5755,YES
2026-06-16 10:53:31,这个文档主要讲什么内容？,5667,YES
2026-06-16 10:53:31,这个文档主要讲什么内容？,3846,YES
2026-06-16 10:53:31,这个文档主要讲什么内容？,3540,YES
2026-06-16 10:53:31,这个文档主要讲什么内容？,2320,YES
2026-06-16 10:53:32,这个文档主要讲什么内容？,3159,YES
2026-06-16 10:53:32,公司的技术创新机制是什么？,3212,YES
2026-06-16 10:53:33,公司的主要销售模式是什么？,1908,YES
2026-06-16 10:53:33,公司的产品开发流程是什么？,2389,YES
2026-06-16 10:53:34,公司的产品开发流程是什么？,2934,YES
2026-06-16 10:53:34,公司的产品开发流程是什么？,3437,YES
2026-06-16 10:53:34,这个文档主要讲什么内容？,3273,YES
2026-06-16 10:53:35,公司的产品开发流程是什么？,3430,YES
2026-06-16 10:53:36,公司的技术创新机制是什么？,3963,YES
2026-06-16 10:53:36,这个文档主要讲什么内容？,3328,YES
2026-06-16 10:53:36,公司的产品开发流程是什么？,4865,YES
2026-06-16 10:53:36,公司的主要销售模式是什么？,3241,YES
2026-06-16 10:53:36,公司的主要销售模式是什么？,3027,YES
2026-06-16 10:53:36,这个文档主要讲什么内容？,2905,YES
2026-06-16 10:53:37,公司的主要销售模式是什么？,3543,YES
2026-06-16 10:53:37,公司的产品开发流程是什么？,3657,YES
2026-06-16 10:53:37,公司的产品开发流程是什么？,4331,YES
2026-06-16 10:53:38,公司的产品开发流程是什么？,4290,YES
2026-06-16 10:53:38,公司的主要销售模式是什么？,4004,YES
2026-06-16 10:53:38,公司的主要销售模式是什么？,4745,YES
2026-06-16 10:53:39,公司的采购与关联交易情况如何？,4011,YES
2026-06-16 10:53:39,公司的产品开发流程是什么？,5324,YES
2026-06-16 10:53:40,公司的技术创新机制是什么？,4568,YES
2026-06-16 10:53:40,公司的技术创新机制是什么？,5167,YES
2026-06-16 10:53:41,公司的技术创新机制是什么？,4383,YES
2026-06-16 10:53:41,公司的主要销售模式是什么？,4501,YES
2026-06-16 10:53:42,公司的采购与关联交易情况如何？,4708,YES
2026-06-16 10:53:42,公司的主要销售模式是什么？,4497,YES
2026-06-16 10:53:42,公司的技术创新机制是什么？,5769,YES
2026-06-16 10:53:43,公司的产品开发流程是什么？,5434,YES
2026-06-16 10:53:43,公司的产品开发流程是什么？,5609,YES
2026-06-16 10:53:44,公司的技术创新机制是什么？,6286,YES
2026-06-16 10:53:44,公司的主要销售模式是什么？,6136,YES
2026-06-16 10:53:45,公司的技术创新机制是什么？,6168,YES
2026-06-16 10:53:45,公司的产品开发流程是什么？,6251,YES
2026-06-16 10:53:46,公司的技术创新机制是什么？,6207,YES
2026-06-16 10:53:46,公司的技术创新机制是什么？,6722,YES
2026-06-16 10:53:46,公司的产品开发流程是什么？,6554,YES
2026-06-16 10:53:47,公司的主要业务是什么？,5777,YES
2026-06-16 10:53:48,公司的技术创新机制是什么？,6886,YES
2026-06-16 10:53:48,公司的产品开发流程是什么？,6463,YES
2026-06-16 10:53:48,公司的采购与关联交易情况如何？,6486,YES
2026-06-16 10:53:48,公司的采购与关联交易情况如何？,5443,YES
2026-06-16 10:53:49,公司的采购与关联交易情况如何？,5837,YES
2026-06-16 10:53:49,公司的产品开发流程是什么？,6133,YES
2026-06-16 10:53:49,公司的主要业务是什么？,5572,YES
2026-06-16 10:53:50,公司的技术创新机制是什么？,5200,YES
2026-06-16 10:53:50,公司的采购与关联交易情况如何？,5292,YES
2026-06-16 10:53:50,公司的产品开发流程是什么？,6531,YES
2026-06-16 10:53:51,公司的技术创新机制是什么？,4945,YES
2026-06-16 10:53:51,公司的采购与关联交易情况如何？,5244,YES
2026-06-16 10:53:51,公司的产品开发流程是什么？,4461,YES
2026-06-16 10:53:51,公司的技术创新机制是什么？,4052,YES
2026-06-16 10:53:52,公司的采购与关联交易情况如何？,4566,YES
2026-06-16 10:53:52,公司的采购与关联交易情况如何？,4605,YES
2026-06-16 10:53:53,公司的技术创新机制是什么？,5307,YES
2026-06-16 10:53:53,公司的技术实力如何？,4863,YES
2026-06-16 10:53:53,公司的采购与关联交易情况如何？,5246,YES
2026-06-16 10:53:54,公司的主要业务是什么？,4307,YES
2026-06-16 10:53:54,公司的技术创新机制是什么？,4633,YES
2026-06-16 10:53:54,公司的采购与关联交易情况如何？,4808,YES
2026-06-16 10:53:54,公司的主要业务是什么？,4656,YES
2026-06-16 10:53:55,公司的主要业务是什么？,4268,YES
2026-06-16 10:53:56,公司的技术创新机制是什么？,4258,YES
2026-06-16 10:53:56,公司的技术实力如何？,3760,YES
2026-06-16 10:53:56,公司的采购与关联交易情况如何？,4227,YES
2026-06-16 10:53:56,公司的主要业务是什么？,3601,YES
2026-06-16 10:53:57,公司的主要业务是什么？,4088,YES
2026-06-16 10:53:58,公司的采购与关联交易情况如何？,4370,YES
2026-06-16 10:53:58,公司的技术创新机制是什么？,5021,YES
2026-06-16 10:53:58,公司的采购与关联交易情况如何？,4384,YES
2026-06-16 10:53:58,公司的主要业务是什么？,4170,YES
2026-06-16 10:53:59,公司的技术创新机制是什么？,4462,YES
2026-06-16 10:53:59,公司的主要业务是什么？,4347,YES
2026-06-16 10:53:59,公司的业务运营模式是什么？,3899,YES
2026-06-16 10:53:59,公司的采购与关联交易情况如何？,4318,YES
2026-06-16 10:53:59,公司的采购与关联交易情况如何？,3932,YES
2026-06-16 10:54:00,公司的主要业务是什么？,3914,YES
2026-06-16 10:54:00,公司的技术实力如何？,3923,YES
2026-06-16 10:54:00,公司的技术实力如何？,4264,YES
2026-06-16 10:54:00,公司的主要业务是什么？,3404,YES
2026-06-16 10:54:00,公司的技术实力如何？,3930,YES
2026-06-16 10:54:00,公司的业务运营模式是什么？,3007,YES
2026-06-16 10:54:01,公司的主要业务是什么？,2935,YES
2026-06-16 10:54:01,公司的技术实力如何？,2632,YES
2026-06-16 10:54:01,公司的采购与关联交易情况如何？,3211,YES
2026-06-16 10:54:01,公司的技术实力如何？,2488,YES
2026-06-16 10:54:01,公司的主要业务是什么？,2353,YES
2026-06-16 10:54:02,公司的采购与关联交易情况如何？,2059,YES
2026-06-16 10:54:02,公司的技术实力如何？,1976,YES
2026-06-16 10:54:02,公司的技术实力如何？,1788,YES
2026-06-16 10:54:02,公司的采购与关联交易情况如何？,2760,YES
2026-06-16 10:54:02,公司的主要业务是什么？,1893,YES
2026-06-16 10:54:02,公司的主要业务是什么？,1760,YES
2026-06-16 10:54:02,这个文档主要讲什么内容？,1662,YES
2026-06-16 10:54:03,公司的业务运营模式是什么？,1298,YES
2026-06-16 10:54:03,公司的技术实力如何？,2057,YES
2026-06-16 10:54:03,这个文档主要讲什么内容？,956,YES
2026-06-16 10:54:03,公司的主要业务是什么？,1642,YES
2026-06-16 10:54:04,公司的技术实力如何？,877,YES
2026-06-16 10:54:04,公司的技术实力如何？,853,YES
2026-06-16 10:54:04,公司的业务运营模式是什么？,1187,YES
2026-06-16 10:54:05,公司的业务运营模式是什么？,2465,YES
2026-06-16 10:54:05,公司的主要业务是什么？,1330,YES
2026-06-16 10:54:05,公司的技术实力如何？,1530,YES
2026-06-16 10:54:05,公司的业务运营模式是什么？,1191,YES
2026-06-16 10:54:05,公司的技术实力如何？,1488,YES
2026-06-16 10:54:05,公司的主要业务是什么？,1363,YES
2026-06-16 10:54:06,公司的主要业务是什么？,1634,YES
2026-06-16 10:54:06,公司的业务运营模式是什么？,1749,YES
2026-06-16 10:54:06,公司的业务运营模式是什么？,2092,YES
2026-06-16 10:54:06,公司的主要销售模式是什么？,1931,YES
2026-06-16 10:54:06,公司的主要销售模式是什么？,2189,YES
2026-06-16 10:54:06,公司的业务运营模式是什么？,2037,YES
2026-06-16 10:54:06,公司的技术实力如何？,2129,YES
2026-06-16 10:54:06,这个文档主要讲什么内容？,1185,YES
2026-06-16 10:54:07,公司的技术实力如何？,2179,YES
2026-06-16 10:54:07,公司的业务运营模式是什么？,1240,YES
2026-06-16 10:54:07,公司的技术实力如何？,879,YES
2026-06-16 10:54:07,这个文档主要讲什么内容？,363,YES
2026-06-16 10:54:07,这个文档主要讲什么内容？,295,YES
2026-06-16 10:54:07,这个文档主要讲什么内容？,493,YES
2026-06-16 10:54:07,公司的业务运营模式是什么？,876,YES
2026-06-16 10:54:07,公司的业务运营模式是什么？,231,YES
2026-06-16 10:54:07,公司的业务运营模式是什么？,708,YES
2026-06-16 10:54:08,公司的技术实力如何？,486,YES
2026-06-16 10:54:09,这个文档主要讲什么内容？,1263,YES
2026-06-16 10:54:09,公司的业务运营模式是什么？,1310,YES
2026-06-16 10:54:09,这个文档主要讲什么内容？,1312,YES
2026-06-16 10:54:09,公司的业务运营模式是什么？,1186,YES
2026-06-16 10:54:09,公司的技术实力如何？,1194,YES
2026-06-16 10:54:09,公司的主要销售模式是什么？,1112,YES
2026-06-16 10:54:09,公司的主要销售模式是什么？,1175,YES
2026-06-16 10:54:09,这个文档主要讲什么内容？,1180,YES
2026-06-16 10:54:10,公司的产品开发流程是什么？,2257,YES
2026-06-16 10:54:10,公司的主要销售模式是什么？,1563,YES
2026-06-16 10:54:11,公司的产品开发流程是什么？,2350,YES
2026-06-16 10:54:11,公司的业务运营模式是什么？,2062,YES
2026-06-16 10:54:11,这个文档主要讲什么内容？,2063,YES
2026-06-16 10:54:11,这个文档主要讲什么内容？,1882,YES
2026-06-16 10:54:11,这个文档主要讲什么内容？,2918,YES
2026-06-16 10:54:12,公司的业务运营模式是什么？,3090,YES
2026-06-16 10:54:12,公司的主要销售模式是什么？,3027,YES
2026-06-16 10:54:12,这个文档主要讲什么内容？,2677,YES
2026-06-16 10:54:13,公司的业务运营模式是什么？,2268,YES
2026-06-16 10:54:13,这个文档主要讲什么内容？,2272,YES
2026-06-16 10:54:14,公司的产品开发流程是什么？,3198,YES
2026-06-16 10:54:15,公司的主要销售模式是什么？,3501,YES
2026-06-16 10:54:15,公司的产品开发流程是什么？,3810,YES
2026-06-16 10:54:15,公司的业务运营模式是什么？,3704,YES
2026-06-16 10:54:15,公司的主要销售模式是什么？,3793,YES
2026-06-16 10:54:15,这个文档主要讲什么内容？,3735,YES
2026-06-16 10:54:16,公司的主要销售模式是什么？,4587,YES
2026-06-16 10:54:17,公司的技术创新机制是什么？,5500,YES
2026-06-16 10:54:18,公司的技术创新机制是什么？,5860,YES
2026-06-16 10:54:19,公司的主要销售模式是什么？,6368,YES
2026-06-16 10:54:19,公司的主要销售模式是什么？,6410,YES
2026-06-16 10:54:19,公司的产品开发流程是什么？,6617,YES
2026-06-16 10:54:19,公司的主要销售模式是什么？,5649,YES
2026-06-16 10:54:19,这个文档主要讲什么内容？,5940,YES
2026-06-16 10:54:19,这个文档主要讲什么内容？,4843,YES
2026-06-16 10:54:19,这个文档主要讲什么内容？,4479,YES
2026-06-16 10:54:20,公司的主要销售模式是什么？,5010,YES
2026-06-16 10:54:20,公司的主要销售模式是什么？,5608,YES
2026-06-16 10:54:21,公司的技术创新机制是什么？,5634,YES
2026-06-16 10:54:22,公司的技术创新机制是什么？,5235,YES
2026-06-16 10:54:22,公司的产品开发流程是什么？,6358,YES
2026-06-16 10:54:22,公司的主要销售模式是什么？,5082,YES
2026-06-16 10:54:22,这个文档主要讲什么内容？,4831,YES
2026-06-16 10:54:22,公司的产品开发流程是什么？,4969,YES
2026-06-16 10:54:22,公司的产品开发流程是什么？,5160,YES
2026-06-16 10:54:23,公司的采购与关联交易情况如何？,3792,YES
2026-06-16 10:54:23,公司的采购与关联交易情况如何？,3739,YES
2026-06-16 10:54:23,公司的主要销售模式是什么？,3286,YES
2026-06-16 10:54:23,公司的产品开发流程是什么？,5268,YES
2026-06-16 10:54:23,公司的主要销售模式是什么？,2446,YES
2026-06-16 10:54:24,公司的产品开发流程是什么？,3153,YES
2026-06-16 10:54:25,公司的产品开发流程是什么？,3227,YES
2026-06-16 10:54:26,公司的技术创新机制是什么？,4181,YES
2026-06-16 10:54:26,公司的主要销售模式是什么？,3893,YES
2026-06-16 10:54:26,公司的产品开发流程是什么？,4598,YES
2026-06-16 10:54:27,公司的采购与关联交易情况如何？,3977,YES
2026-06-16 10:54:27,公司的产品开发流程是什么？,5275,YES
2026-06-16 10:54:28,公司的产品开发流程是什么？,4638,YES
2026-06-16 10:54:28,公司的主要销售模式是什么？,4097,YES
2026-06-16 10:54:28,公司的产品开发流程是什么？,4446,YES
2026-06-16 10:54:29,公司的采购与关联交易情况如何？,4236,YES
2026-06-16 10:54:29,公司的技术创新机制是什么？,5055,YES
2026-06-16 10:54:30,公司的产品开发流程是什么？,5562,YES
2026-06-16 10:54:30,公司的产品开发流程是什么？,5544,YES
2026-06-16 10:54:31,公司的主要业务是什么？,6326,YES
2026-06-16 10:54:31,公司的技术创新机制是什么？,6657,YES
2026-06-16 10:54:33,公司的技术创新机制是什么？,7735,YES
2026-06-16 10:54:33,公司的技术创新机制是什么？,7973,YES
2026-06-16 10:54:34,公司的主要业务是什么？,7397,YES
2026-06-16 10:54:34,公司的技术创新机制是什么？,7790,YES
2026-06-16 10:54:35,公司的技术创新机制是什么？,7672,YES
2026-06-16 10:54:35,公司的主要业务是什么？,6665,YES
2026-06-16 10:54:35,公司的采购与关联交易情况如何？,7316,YES
2026-06-16 10:54:36,公司的产品开发流程是什么？,7956,YES
2026-06-16 10:54:37,公司的技术创新机制是什么？,6652,YES
2026-06-16 10:54:37,公司的技术创新机制是什么？,8306,YES
2026-06-16 10:54:38,公司的技术创新机制是什么？,7787,YES
2026-06-16 10:54:38,公司的产品开发流程是什么？,7771,YES
2026-06-16 10:54:38,公司的主要业务是什么？,7970,YES
2026-06-16 10:54:39,公司的采购与关联交易情况如何？,6695,YES
2026-06-16 10:54:39,公司的技术创新机制是什么？,8442,YES
2026-06-16 10:54:40,公司的技术创新机制是什么？,7776,YES
2026-06-16 10:54:40,公司的技术创新机制是什么？,7552,YES
2026-06-16 10:54:41,公司的采购与关联交易情况如何？,7538,YES
2026-06-16 10:54:41,公司的技术实力如何？,6806,YES
2026-06-16 10:54:41,公司的采购与关联交易情况如何？,5943,YES
2026-06-16 10:54:41,公司的技术实力如何？,5855,YES
2026-06-16 10:54:41,公司的采购与关联交易情况如何？,6470,YES
2026-06-16 10:54:42,公司的采购与关联交易情况如何？,5558,YES
2026-06-16 10:54:42,公司的采购与关联交易情况如何？,6778,YES
2026-06-16 10:54:42,公司的主要业务是什么？,5456,YES
2026-06-16 10:54:43,公司的技术实力如何？,5432,YES
2026-06-16 10:54:44,公司的采购与关联交易情况如何？,5003,YES
2026-06-16 10:54:44,公司的技术创新机制是什么？,6364,YES
2026-06-16 10:54:44,公司的采购与关联交易情况如何？,4397,YES
2026-06-16 10:54:44,公司的采购与关联交易情况如何？,4648,YES
2026-06-16 10:54:44,公司的技术实力如何？,3931,YES
2026-06-16 10:54:44,公司的技术创新机制是什么？,3961,YES
2026-06-16 10:54:45,公司的采购与关联交易情况如何？,3757,YES
2026-06-16 10:54:45,公司的主要业务是什么？,4325,YES
2026-06-16 10:54:45,公司的采购与关联交易情况如何？,3769,YES
2026-06-16 10:54:46,公司的主要业务是什么？,3852,YES
2026-06-16 10:54:46,公司的采购与关联交易情况如何？,4139,YES
2026-06-16 10:54:46,公司的主要业务是什么？,3387,YES
2026-06-16 10:54:47,公司的业务运营模式是什么？,4761,YES
2026-06-16 10:54:47,公司的主要业务是什么？,4174,YES
2026-06-16 10:54:48,公司的业务运营模式是什么？,3477,YES
2026-06-16 10:54:48,公司的主要业务是什么？,4443,YES
2026-06-16 10:54:48,公司的主要业务是什么？,3963,YES
2026-06-16 10:54:48,公司的技术实力如何？,3998,YES
2026-06-16 10:54:48,公司的业务运营模式是什么？,3297,YES
2026-06-16 10:54:49,公司的主要业务是什么？,3930,YES
2026-06-16 10:54:50,公司的主要业务是什么？,4277,YES
2026-06-16 10:54:50,公司的业务运营模式是什么？,5103,YES
2026-06-16 10:54:50,公司的主要业务是什么？,4187,YES
2026-06-16 10:54:51,公司的主要业务是什么？,3752,YES
2026-06-16 10:54:51,公司的技术实力如何？,3857,YES
2026-06-16 10:54:51,公司的采购与关联交易情况如何？,4803,YES
2026-06-16 10:54:51,公司的采购与关联交易情况如何？,4353,YES
2026-06-16 10:54:51,公司的主要业务是什么？,3531,YES
2026-06-16 10:54:52,公司的技术实力如何？,3537,YES
2026-06-16 10:54:52,公司的主要业务是什么？,3735,YES
2026-06-16 10:54:52,公司的技术实力如何？,3307,YES
2026-06-16 10:54:52,公司的技术实力如何？,2612,YES
2026-06-16 10:54:52,这个文档主要讲什么内容？,2548,YES
2026-06-16 10:54:52,公司的业务运营模式是什么？,1965,YES
2026-06-16 10:54:52,公司的技术实力如何？,1972,YES
2026-06-16 10:54:52,这个文档主要讲什么内容？,1860,YES
2026-06-16 10:54:52,这个文档主要讲什么内容？,1869,YES
2026-06-16 10:54:53,公司的技术实力如何？,1946,YES
2026-06-16 10:54:53,公司的技术实力如何？,1031,YES
2026-06-16 10:54:53,公司的技术实力如何？,2761,YES
2026-06-16 10:54:54,公司的主要业务是什么？,1099,YES
2026-06-16 10:54:54,公司的技术实力如何？,1156,YES
2026-06-16 10:54:54,这个文档主要讲什么内容？,1059,YES
2026-06-16 10:54:54,公司的业务运营模式是什么？,1048,YES
2026-06-16 10:54:54,公司的业务运营模式是什么？,1264,YES
2026-06-16 10:54:55,公司的业务运营模式是什么？,1895,YES
2026-06-16 10:54:55,公司的技术实力如何？,1433,YES
2026-06-16 10:54:55,公司的技术实力如何？,1756,YES
2026-06-16 10:54:55,公司的技术实力如何？,1560,YES
2026-06-16 10:54:55,公司的主要销售模式是什么？,1401,YES
2026-06-16 10:54:55,公司的主要业务是什么？,1364,YES
2026-06-16 10:54:55,公司的业务运营模式是什么？,1823,YES
2026-06-16 10:54:57,公司的业务运营模式是什么？,2723,YES
2026-06-16 10:54:57,这个文档主要讲什么内容？,3018,YES
2026-06-16 10:54:58,公司的主要销售模式是什么？,3578,YES
2026-06-16 10:54:58,公司的业务运营模式是什么？,4107,YES
2026-06-16 10:54:58,公司的主要销售模式是什么？,3619,YES
2026-06-16 10:54:58,公司的主要销售模式是什么？,3468,YES
2026-06-16 10:54:59,公司的业务运营模式是什么？,3765,YES
2026-06-16 10:54:59,公司的技术实力如何？,3578,YES
2026-06-16 10:54:59,公司的业务运营模式是什么？,3362,YES
2026-06-16 10:55:00,公司的业务运营模式是什么？,3998,YES
2026-06-16 10:55:01,公司的业务运营模式是什么？,4692,YES
2026-06-16 10:55:01,公司的业务运营模式是什么？,4897,YES
2026-06-16 10:55:01,这个文档主要讲什么内容？,4362,YES
2026-06-16 10:55:01,这个文档主要讲什么内容？,4355,YES
2026-06-16 10:55:01,公司的技术实力如何？,4582,YES
2026-06-16 10:55:02,这个文档主要讲什么内容？,4715,YES
2026-06-16 10:55:02,公司的业务运营模式是什么？,4708,YES
2026-06-16 10:55:02,这个文档主要讲什么内容？,3945,YES
2026-06-16 10:55:02,公司的产品开发流程是什么？,5608,YES
2026-06-16 10:55:02,这个文档主要讲什么内容？,2865,YES
2026-06-16 10:55:02,这个文档主要讲什么内容？,2073,YES
2026-06-16 10:55:02,公司的业务运营模式是什么？,2004,YES
2026-06-16 10:55:03,公司的产品开发流程是什么？,2461,YES
2026-06-16 10:55:04,公司的主要销售模式是什么？,4083,YES
2026-06-16 10:55:05,公司的产品开发流程是什么？,3535,YES
2026-06-16 10:55:05,这个文档主要讲什么内容？,3331,YES
2026-06-16 10:55:05,这个文档主要讲什么内容？,3475,YES
2026-06-16 10:55:05,公司的产品开发流程是什么？,3788,YES
2026-06-16 10:55:05,这个文档主要讲什么内容？,2563,YES
2026-06-16 10:55:05,公司的主要销售模式是什么？,2622,YES
2026-06-16 10:55:05,公司的主要销售模式是什么？,2394,YES
2026-06-16 10:55:05,这个文档主要讲什么内容？,2284,YES
2026-06-16 10:55:06,这个文档主要讲什么内容？,2316,YES
2026-06-16 10:55:06,公司的主要销售模式是什么？,4133,YES
2026-06-16 10:55:07,公司的技术创新机制是什么？,3737,YES
2026-06-16 10:55:07,这个文档主要讲什么内容？,3813,YES
2026-06-16 10:55:08,公司的业务运营模式是什么？,3491,YES
2026-06-16 10:55:08,公司的主要销售模式是什么？,4669,YES
2026-06-16 10:55:08,公司的主要销售模式是什么？,4276,YES
2026-06-16 10:55:09,这个文档主要讲什么内容？,3681,YES
2026-06-16 10:55:09,公司的主要销售模式是什么？,4333,YES
2026-06-16 10:55:09,公司的技术创新机制是什么？,4051,YES
2026-06-16 10:55:10,公司的产品开发流程是什么？,3549,YES
2026-06-16 10:55:10,公司的主要销售模式是什么？,3154,YES
2026-06-16 10:55:10,公司的产品开发流程是什么？,3619,YES
2026-06-16 10:55:10,公司的主要销售模式是什么？,3347,YES
2026-06-16 10:55:11,公司的技术创新机制是什么？,4051,YES
2026-06-16 10:55:11,公司的主要销售模式是什么？,3818,YES
2026-06-16 10:55:12,公司的主要销售模式是什么？,4458,YES
2026-06-16 10:55:13,公司的技术创新机制是什么？,5199,YES
2026-06-16 10:55:13,公司的主要销售模式是什么？,5338,YES
2026-06-16 10:55:14,公司的产品开发流程是什么？,4887,YES
2026-06-16 10:55:14,公司的主要销售模式是什么？,4426,YES
2026-06-16 10:55:14,公司的产品开发流程是什么？,6210,YES
2026-06-16 10:55:15,公司的主要销售模式是什么？,4858,YES
2026-06-16 10:55:15,公司的采购与关联交易情况如何？,5523,YES
2026-06-16 10:55:16,这个文档主要讲什么内容？,5620,YES
2026-06-16 10:55:16,公司的产品开发流程是什么？,5826,YES
2026-06-16 10:55:17,公司的产品开发流程是什么？,5948,YES
2026-06-16 10:55:17,公司的产品开发流程是什么？,5843,YES
2026-06-16 10:55:17,公司的采购与关联交易情况如何？,6166,YES
2026-06-16 10:55:18,公司的技术创新机制是什么？,6870,YES
2026-06-16 10:55:18,公司的产品开发流程是什么？,6314,YES
2026-06-16 10:55:19,公司的采购与关联交易情况如何？,6448,YES
2026-06-16 10:55:20,公司的技术创新机制是什么？,6783,YES
2026-06-16 10:55:20,公司的产品开发流程是什么？,7029,YES
2026-06-16 10:55:20,公司的产品开发流程是什么？,7189,YES
2026-06-16 10:55:20,公司的采购与关联交易情况如何？,6434,YES
2026-06-16 10:55:21,公司的产品开发流程是什么？,6950,YES
2026-06-16 10:55:21,公司的产品开发流程是什么？,6930,YES
2026-06-16 10:55:22,公司的技术创新机制是什么？,6669,YES
2026-06-16 10:55:23,公司的产品开发流程是什么？,7636,YES
2026-06-16 10:55:23,公司的产品开发流程是什么？,6525,YES
2026-06-16 10:55:23,公司的技术创新机制是什么？,6722,YES
2026-06-16 10:55:24,公司的主要销售模式是什么？,7346,YES
2026-06-16 10:55:25,公司的技术创新机制是什么？,7301,YES
2026-06-16 10:55:25,公司的主要业务是什么？,6606,YES
2026-06-16 10:55:25,公司的技术创新机制是什么？,6773,YES
2026-06-16 10:55:26,公司的技术创新机制是什么？,7097,YES
2026-06-16 10:55:26,公司的主要业务是什么？,6636,YES
2026-06-16 10:55:26,公司的采购与关联交易情况如何？,5628,YES
2026-06-16 10:55:27,公司的主要业务是什么？,4725,YES
2026-06-16 10:55:27,公司的技术创新机制是什么？,5951,YES
2026-06-16 10:55:28,公司的技术创新机制是什么？,5806,YES
2026-06-16 10:55:28,公司的技术创新机制是什么？,5994,YES
2026-06-16 10:55:29,公司的采购与关联交易情况如何？,6736,YES
2026-06-16 10:55:30,公司的技术创新机制是什么？,7184,YES
2026-06-16 10:55:30,公司的主要业务是什么？,7209,YES
2026-06-16 10:55:30,公司的采购与关联交易情况如何？,6122,YES
2026-06-16 10:55:30,公司的技术创新机制是什么？,6457,YES
2026-06-16 10:55:31,公司的技术创新机制是什么？,6380,YES
2026-06-16 10:55:31,公司的技术创新机制是什么？,6352,YES
2026-06-16 10:55:32,公司的产品开发流程是什么？,6077,YES
2026-06-16 10:55:32,公司的采购与关联交易情况如何？,5995,YES
2026-06-16 10:55:32,公司的采购与关联交易情况如何？,5326,YES
2026-06-16 10:55:32,公司的技术实力如何？,4895,YES
2026-06-16 10:55:32,公司的技术实力如何？,4773,YES
2026-06-16 10:55:33,公司的采购与关联交易情况如何？,5309,YES
2026-06-16 10:55:33,公司的技术实力如何？,4689,YES
2026-06-16 10:55:33,公司的采购与关联交易情况如何？,4817,YES
2026-06-16 10:55:33,公司的采购与关联交易情况如何？,3964,YES
2026-06-16 10:55:34,公司的主要业务是什么？,3342,YES
2026-06-16 10:55:34,公司的采购与关联交易情况如何？,4117,YES
2026-06-16 10:55:34,公司的采购与关联交易情况如何？,3515,YES
2026-06-16 10:55:35,公司的采购与关联交易情况如何？,3797,YES
2026-06-16 10:55:35,公司的采购与关联交易情况如何？,2365,YES
2026-06-16 10:55:35,公司的技术实力如何？,2825,YES
2026-06-16 10:55:36,公司的采购与关联交易情况如何？,2381,YES
2026-06-16 10:55:36,公司的主要业务是什么？,2634,YES
2026-06-16 10:55:36,公司的采购与关联交易情况如何？,2840,YES
2026-06-16 10:55:36,公司的主要业务是什么？,2765,YES
2026-06-16 10:55:37,公司的主要业务是什么？,2635,YES
2026-06-16 10:55:37,公司的技术创新机制是什么？,2564,YES
2026-06-16 10:55:37,公司的业务运营模式是什么？,2272,YES
2026-06-16 10:55:37,公司的业务运营模式是什么？,2032,YES
2026-06-16 10:55:38,公司的主要业务是什么？,2652,YES
2026-06-16 10:55:38,公司的主要业务是什么？,2699,YES
2026-06-16 10:55:38,公司的主要业务是什么？,3272,YES
2026-06-16 10:55:39,公司的主要业务是什么？,3277,YES
2026-06-16 10:55:39,公司的技术实力如何？,3098,YES
2026-06-16 10:55:39,公司的主要业务是什么？,2900,YES
2026-06-16 10:55:39,公司的业务运营模式是什么？,3470,YES
2026-06-16 10:55:39,公司的主要业务是什么？,2712,YES
2026-06-16 10:55:40,公司的主要业务是什么？,2522,YES
2026-06-16 10:55:40,公司的技术实力如何？,2555,YES
2026-06-16 10:55:40,公司的主要业务是什么？,3949,YES
2026-06-16 10:55:40,公司的业务运营模式是什么？,2205,YES
2026-06-16 10:55:40,公司的技术实力如何？,2387,YES
2026-06-16 10:55:41,公司的采购与关联交易情况如何？,2384,YES
2026-06-16 10:55:41,公司的主要业务是什么？,2739,YES
2026-06-16 10:55:41,这个文档主要讲什么内容？,2081,YES
2026-06-16 10:55:41,这个文档主要讲什么内容？,1829,YES
2026-06-16 10:55:41,公司的技术实力如何？,1179,YES
2026-06-16 10:55:41,公司的技术实力如何？,1452,YES
2026-06-16 10:55:41,公司的技术实力如何？,1282,YES
2026-06-16 10:55:41,公司的技术实力如何？,1114,YES
2026-06-16 10:55:42,这个文档主要讲什么内容？,1074,YES
2026-06-16 10:55:42,公司的技术实力如何？,1145,YES
2026-06-16 10:55:42,公司的技术实力如何？,1291,YES
2026-06-16 10:55:42,公司的业务运营模式是什么？,1173,YES
2026-06-16 10:55:42,公司的业务运营模式是什么？,1000,YES
2026-06-16 10:55:42,公司的技术实力如何？,656,YES
2026-06-16 10:55:42,公司的技术实力如何？,1430,YES
2026-06-16 10:55:43,公司的业务运营模式是什么？,447,YES
2026-06-16 10:55:43,这个文档主要讲什么内容？,242,YES
2026-06-16 10:55:43,公司的技术实力如何？,522,YES
2026-06-16 10:55:43,公司的主要销售模式是什么？,559,YES
2026-06-16 10:55:43,公司的主要销售模式是什么？,553,YES
2026-06-16 10:55:43,公司的主要销售模式是什么？,543,YES
2026-06-16 10:55:43,这个文档主要讲什么内容？,585,YES
2026-06-16 10:55:44,公司的业务运营模式是什么？,630,YES
2026-06-16 10:55:44,这个文档主要讲什么内容？,628,YES
2026-06-16 10:55:44,公司的业务运营模式是什么？,721,YES
2026-06-16 10:55:44,公司的业务运营模式是什么？,1205,YES
2026-06-16 10:55:44,公司的主要业务是什么？,833,YES
2026-06-16 10:55:44,公司的技术实力如何？,495,YES
2026-06-16 10:55:45,公司的业务运营模式是什么？,1689,YES
2026-06-16 10:55:46,公司的业务运营模式是什么？,1920,YES
2026-06-16 10:55:46,公司的业务运营模式是什么？,2007,YES
2026-06-16 10:55:46,公司的业务运营模式是什么？,2499,YES
2026-06-16 10:55:47,公司的业务运营模式是什么？,3134,YES
2026-06-16 10:55:48,公司的产品开发流程是什么？,3392,YES
2026-06-16 10:55:48,公司的主要销售模式是什么？,3370,YES
2026-06-16 10:55:48,这个文档主要讲什么内容？,3162,YES
2026-06-16 10:55:48,这个文档主要讲什么内容？,3052,YES
2026-06-16 10:55:48,这个文档主要讲什么内容？,3246,YES
2026-06-16 10:55:49,公司的主要销售模式是什么？,3504,YES
2026-06-16 10:55:49,公司的主要销售模式是什么？,3396,YES
2026-06-16 10:55:49,公司的业务运营模式是什么？,3717,YES
2026-06-16 10:55:50,这个文档主要讲什么内容？,4046,YES
2026-06-16 10:55:50,公司的产品开发流程是什么？,4517,YES
2026-06-16 10:55:50,公司的业务运营模式是什么？,3495,YES
2026-06-16 10:55:50,公司的技术实力如何？,3525,YES
2026-06-16 10:55:50,这个文档主要讲什么内容？,2618,YES
2026-06-16 10:55:51,这个文档主要讲什么内容？,2334,YES
2026-06-16 10:55:51,这个文档主要讲什么内容？,2341,YES
2026-06-16 10:55:51,这个文档主要讲什么内容？,1971,YES
2026-06-16 10:55:51,公司的产品开发流程是什么？,4810,YES
2026-06-16 10:55:51,公司的主要销售模式是什么？,1853,YES
2026-06-16 10:55:51,这个文档主要讲什么内容？,1329,YES
2026-06-16 10:55:52,公司的主要销售模式是什么？,1699,YES
2026-06-16 10:55:52,公司的产品开发流程是什么？,2247,YES
2026-06-16 10:55:53,公司的产品开发流程是什么？,2976,YES
2026-06-16 10:55:53,公司的技术创新机制是什么？,3123,YES
2026-06-16 10:55:53,这个文档主要讲什么内容？,2082,YES
2026-06-16 10:55:54,公司的主要销售模式是什么？,3093,YES
2026-06-16 10:55:54,公司的主要销售模式是什么？,2446,YES
2026-06-16 10:55:54,公司的主要销售模式是什么？,2366,YES
2026-06-16 10:55:55,公司的业务运营模式是什么？,2543,YES
2026-06-16 10:55:55,公司的技术创新机制是什么？,3058,YES
2026-06-16 10:55:55,公司的主要销售模式是什么？,2760,YES
2026-06-16 10:55:56,公司的产品开发流程是什么？,4659,YES
2026-06-16 10:55:57,公司的主要销售模式是什么？,4220,YES
2026-06-16 10:55:57,公司的主要销售模式是什么？,4108,YES
2026-06-16 10:55:57,公司的技术创新机制是什么？,4503,YES
2026-06-16 10:55:57,这个文档主要讲什么内容？,4244,YES
2026-06-16 10:55:58,公司的产品开发流程是什么？,4988,YES
2026-06-16 10:55:59,公司的产品开发流程是什么？,5983,YES
2026-06-16 10:55:59,公司的主要销售模式是什么？,5668,YES
2026-06-16 10:56:00,公司的技术创新机制是什么？,5167,YES
2026-06-16 10:56:00,公司的采购与关联交易情况如何？,4808,YES
2026-06-16 10:56:00,公司的技术创新机制是什么？,5866,YES
2026-06-16 10:56:00,公司的主要销售模式是什么？,4629,YES
2026-06-16 10:56:01,这个文档主要讲什么内容？,4607,YES
2026-06-16 10:56:01,公司的产品开发流程是什么？,5300,YES
2026-06-16 10:56:02,公司的采购与关联交易情况如何？,5655,YES
2026-06-16 10:56:02,公司的产品开发流程是什么？,5828,YES
2026-06-16 10:56:04,公司的产品开发流程是什么？,6708,YES
2026-06-16 10:56:05,公司的产品开发流程是什么？,7002,YES
2026-06-16 10:56:06,公司的产品开发流程是什么？,7385,YES
2026-06-16 10:56:06,公司的技术创新机制是什么？,8530,YES
2026-06-16 10:56:06,公司的主要销售模式是什么？,6250,YES
2026-06-16 10:56:06,公司的采购与关联交易情况如何？,7791,YES
2026-06-16 10:56:07,公司的技术创新机制是什么？,6124,YES
2026-06-16 10:56:07,公司的产品开发流程是什么？,6800,YES
2026-06-16 10:56:07,公司的技术创新机制是什么？,6388,YES
2026-06-16 10:56:08,公司的产品开发流程是什么？,5870,YES
2026-06-16 10:56:08,公司的采购与关联交易情况如何？,5743,YES
2026-06-16 10:56:08,公司的采购与关联交易情况如何？,5401,YES
2026-06-16 10:56:08,公司的主要业务是什么？,5638,YES
2026-06-16 10:56:08,公司的主要销售模式是什么？,5541,YES
2026-06-16 10:56:09,公司的技术创新机制是什么？,5673,YES
2026-06-16 10:56:10,公司的产品开发流程是什么？,7193,YES
2026-06-16 10:56:10,公司的技术创新机制是什么？,6536,YES
2026-06-16 10:56:11,公司的主要业务是什么？,5423,YES
2026-06-16 10:56:11,公司的技术创新机制是什么？,6120,YES
2026-06-16 10:56:11,公司的主要业务是什么？,4169,YES
2026-06-16 10:56:12,公司的技术创新机制是什么？,5213,YES
2026-06-16 10:56:12,公司的产品开发流程是什么？,5075,YES
2026-06-16 10:56:13,公司的技术创新机制是什么？,4352,YES
2026-06-16 10:56:13,公司的采购与关联交易情况如何？,4703,YES
2026-06-16 10:56:13,公司的技术创新机制是什么？,4941,YES
2026-06-16 10:56:13,公司的采购与关联交易情况如何？,4838,YES
2026-06-16 10:56:14,公司的技术创新机制是什么？,5195,YES
2026-06-16 10:56:15,公司的主要业务是什么？,5213,YES
2026-06-16 10:56:15,公司的采购与关联交易情况如何？,5435,YES
2026-06-16 10:56:15,公司的主要业务是什么？,5112,YES
2026-06-16 10:56:15,公司的产品开发流程是什么？,5576,YES
2026-06-16 10:56:16,公司的采购与关联交易情况如何？,3743,YES
2026-06-16 10:56:16,公司的技术实力如何？,5509,YES
2026-06-16 10:56:16,公司的技术实力如何？,3267,YES
2026-06-16 10:56:17,公司的技术创新机制是什么？,4550,YES
2026-06-16 10:56:17,公司的采购与关联交易情况如何？,3908,YES
2026-06-16 10:56:18,公司的技术实力如何？,4553,YES
2026-06-16 10:56:18,公司的采购与关联交易情况如何？,3809,YES
2026-06-16 10:56:18,公司的采购与关联交易情况如何？,4452,YES
2026-06-16 10:56:18,公司的采购与关联交易情况如何？,3568,YES
2026-06-16 10:56:18,公司的主要业务是什么？,3452,YES
2026-06-16 10:56:19,公司的主要业务是什么？,3208,YES
2026-06-16 10:56:19,公司的技术创新机制是什么？,3605,YES
2026-06-16 10:56:19,公司的技术实力如何？,3463,YES
2026-06-16 10:56:19,公司的采购与关联交易情况如何？,3891,YES
2026-06-16 10:56:20,公司的采购与关联交易情况如何？,3517,YES
2026-06-16 10:56:20,公司的主要业务是什么？,3577,YES
2026-06-16 10:56:20,公司的技术实力如何？,3063,YES
2026-06-16 10:56:21,公司的技术创新机制是什么？,4212,YES
2026-06-16 10:56:21,公司的业务运营模式是什么？,3194,YES
2026-06-16 10:56:22,公司的采购与关联交易情况如何？,3255,YES
2026-06-16 10:56:22,公司的主要业务是什么？,3338,YES
2026-06-16 10:56:22,公司的主要业务是什么？,3672,YES
2026-06-16 10:56:22,公司的业务运营模式是什么？,3358,YES
2026-06-16 10:56:23,公司的主要业务是什么？,3371,YES
2026-06-16 10:56:23,公司的主要业务是什么？,3622,YES
2026-06-16 10:56:23,公司的业务运营模式是什么？,3488,YES
2026-06-16 10:56:23,公司的技术实力如何？,3303,YES
2026-06-16 10:56:23,公司的主要业务是什么？,3730,YES
2026-06-16 10:56:24,公司的技术实力如何？,3209,YES
2026-06-16 10:56:24,公司的采购与关联交易情况如何？,3149,YES
2026-06-16 10:56:24,公司的主要业务是什么？,2352,YES
2026-06-16 10:56:25,公司的业务运营模式是什么？,3271,YES
2026-06-16 10:56:25,公司的技术实力如何？,2644,YES
2026-06-16 10:56:25,公司的采购与关联交易情况如何？,2757,YES
2026-06-16 10:56:25,这个文档主要讲什么内容？,2287,YES
2026-06-16 10:56:26,公司的主要业务是什么？,3120,YES
2026-06-16 10:56:26,这个文档主要讲什么内容？,1628,YES
2026-06-16 10:56:26,这个文档主要讲什么内容？,1489,YES
2026-06-16 10:56:26,公司的技术实力如何？,1538,YES
2026-06-16 10:56:26,公司的业务运营模式是什么？,3218,YES
2026-06-16 10:56:26,公司的技术实力如何？,1635,YES
2026-06-16 10:56:27,公司的主要业务是什么？,1894,YES
2026-06-16 10:56:27,公司的技术实力如何？,1633,YES
2026-06-16 10:56:27,公司的技术实力如何？,2249,YES
2026-06-16 10:56:27,公司的技术实力如何？,2163,YES
2026-06-16 10:56:28,公司的业务运营模式是什么？,2739,YES
2026-06-16 10:56:28,公司的业务运营模式是什么？,2702,YES
2026-06-16 10:56:28,公司的主要业务是什么？,2559,YES
2026-06-16 10:56:29,公司的主要业务是什么？,2622,YES
2026-06-16 10:56:29,这个文档主要讲什么内容？,1828,YES
2026-06-16 10:56:29,这个文档主要讲什么内容？,1741,YES
2026-06-16 10:56:29,公司的主要销售模式是什么？,2584,YES
2026-06-16 10:56:30,公司的技术实力如何？,2059,YES
2026-06-16 10:56:30,公司的主要销售模式是什么？,2380,YES
2026-06-16 10:56:30,公司的业务运营模式是什么？,2089,YES
2026-06-16 10:56:30,公司的业务运营模式是什么？,2155,YES
2026-06-16 10:56:31,公司的业务运营模式是什么？,2358,YES
2026-06-16 10:56:31,公司的主要销售模式是什么？,2975,YES
2026-06-16 10:56:31,公司的技术实力如何？,2353,YES
2026-06-16 10:56:31,公司的业务运营模式是什么？,1243,YES
2026-06-16 10:56:31,公司的业务运营模式是什么？,1300,YES
2026-06-16 10:56:31,公司的业务运营模式是什么？,1501,YES
2026-06-16 10:56:31,公司的技术实力如何？,2927,YES
2026-06-16 10:56:31,这个文档主要讲什么内容？,1493,YES
2026-06-16 10:56:31,这个文档主要讲什么内容？,1286,YES
2026-06-16 10:56:32,公司的技术实力如何？,1125,YES
2026-06-16 10:56:33,公司的产品开发流程是什么？,1852,YES
2026-06-16 10:56:33,公司的主要销售模式是什么？,2741,YES
2026-06-16 10:56:33,公司的技术实力如何？,2347,YES
2026-06-16 10:56:34,公司的业务运营模式是什么？,1684,YES
2026-06-16 10:56:34,这个文档主要讲什么内容？,1656,YES
2026-06-16 10:56:34,这个文档主要讲什么内容？,1642,YES
2026-06-16 10:56:34,公司的主要销售模式是什么？,3310,YES
2026-06-16 10:56:34,这个文档主要讲什么内容？,1619,YES
2026-06-16 10:56:35,公司的产品开发流程是什么？,2385,YES
2026-06-16 10:56:35,这个文档主要讲什么内容？,2439,YES
2026-06-16 10:56:36,公司的主要销售模式是什么？,3112,YES
2026-06-16 10:56:36,公司的业务运营模式是什么？,3096,YES
2026-06-16 10:56:36,这个文档主要讲什么内容？,3250,YES
2026-06-16 10:56:36,公司的产品开发流程是什么？,3313,YES
2026-06-16 10:56:37,公司的主要销售模式是什么？,3546,YES
2026-06-16 10:56:37,这个文档主要讲什么内容？,3868,YES
2026-06-16 10:56:37,公司的业务运营模式是什么？,4262,YES
2026-06-16 10:56:38,公司的产品开发流程是什么？,3434,YES
2026-06-16 10:56:38,这个文档主要讲什么内容？,2792,YES
2026-06-16 10:56:38,公司的技术创新机制是什么？,3160,YES
2026-06-16 10:56:38,公司的主要销售模式是什么？,2646,YES
2026-06-16 10:56:39,公司的主要销售模式是什么？,2864,YES
2026-06-16 10:56:39,公司的产品开发流程是什么？,3425,YES
2026-06-16 10:56:39,公司的业务运营模式是什么？,2933,YES
2026-06-16 10:56:39,公司的主要销售模式是什么？,2728,YES
2026-06-16 10:56:40,这个文档主要讲什么内容？,2165,YES
2026-06-16 10:56:41,公司的主要销售模式是什么？,3481,YES
2026-06-16 10:56:42,公司的技术创新机制是什么？,4112,YES
2026-06-16 10:56:42,公司的技术创新机制是什么？,4208,YES
2026-06-16 10:56:42,公司的主要销售模式是什么？,3684,YES
2026-06-16 10:56:42,公司的主要销售模式是什么？,3603,YES
2026-06-16 10:56:43,公司的产品开发流程是什么？,4509,YES
2026-06-16 10:56:43,公司的技术创新机制是什么？,3531,YES
2026-06-16 10:56:43,这个文档主要讲什么内容？,3274,YES
2026-06-16 10:56:44,公司的产品开发流程是什么？,4417,YES
2026-06-16 10:56:44,公司的产品开发流程是什么？,4359,YES
2026-06-16 10:56:44,这个文档主要讲什么内容？,3319,YES
2026-06-16 10:56:45,公司的产品开发流程是什么？,3849,YES
2026-06-16 10:56:45,公司的主要销售模式是什么？,4919,YES
2026-06-16 10:56:46,公司的采购与关联交易情况如何？,4700,YES
2026-06-16 10:56:46,公司的技术创新机制是什么？,5004,YES
2026-06-16 10:56:47,公司的主要销售模式是什么？,5361,YES
2026-06-16 10:56:47,公司的产品开发流程是什么？,5671,YES
2026-06-16 10:56:48,公司的采购与关联交易情况如何？,5061,YES
2026-06-16 10:56:48,公司的产品开发流程是什么？,5717,YES
2026-06-16 10:56:49,公司的采购与关联交易情况如何？,5181,YES
2026-06-16 10:56:49,公司的主要销售模式是什么？,4924,YES
2026-06-16 10:56:49,公司的产品开发流程是什么？,5946,YES
2026-06-16 10:56:50,公司的产品开发流程是什么？,4717,YES
2026-06-16 10:56:50,公司的采购与关联交易情况如何？,4433,YES
2026-06-16 10:56:50,公司的技术创新机制是什么？,4551,YES
2026-06-16 10:56:51,公司的主要销售模式是什么？,5030,YES
2026-06-16 10:56:52,公司的技术创新机制是什么？,5217,YES
2026-06-16 10:56:52,公司的技术创新机制是什么？,5957,YES
2026-06-16 10:56:53,公司的技术创新机制是什么？,6166,YES
2026-06-16 10:56:54,公司的产品开发流程是什么？,5372,YES
2026-06-16 10:56:54,公司的主要业务是什么？,5428,YES
2026-06-16 10:56:55,公司的技术创新机制是什么？,5612,YES
2026-06-16 10:56:56,公司的采购与关联交易情况如何？,6483,YES
2026-06-16 10:56:56,公司的主要业务是什么？,5735,YES
2026-06-16 10:56:56,公司的主要业务是什么？,5743,YES
2026-06-16 10:56:57,公司的产品开发流程是什么？,8263,YES
2026-06-16 10:56:57,公司的技术创新机制是什么？,6245,YES
2026-06-16 10:56:57,公司的主要业务是什么？,6247,YES
2026-06-16 10:56:58,公司的技术创新机制是什么？,6961,YES
2026-06-16 10:56:58,公司的产品开发流程是什么？,7428,YES
2026-06-16 10:56:59,公司的采购与关联交易情况如何？,6023,YES
2026-06-16 10:56:59,公司的技术创新机制是什么？,7875,YES
2026-06-16 10:56:59,公司的采购与关联交易情况如何？,6317,YES
2026-06-16 10:57:00,公司的采购与关联交易情况如何？,4968,YES
2026-06-16 10:57:00,公司的产品开发流程是什么？,6884,YES
2026-06-16 10:57:01,公司的采购与关联交易情况如何？,5432,YES
2026-06-16 10:57:01,公司的技术实力如何？,4707,YES
2026-06-16 10:57:01,公司的技术创新机制是什么？,5350,YES
2026-06-16 10:57:01,公司的采购与关联交易情况如何？,5110,YES
2026-06-16 10:57:02,公司的主要业务是什么？,5067,YES
2026-06-16 10:57:02,公司的技术实力如何？,4421,YES
2026-06-16 10:57:02,公司的采购与关联交易情况如何？,4016,YES
2026-06-16 10:57:03,公司的技术实力如何？,3995,YES
2026-06-16 10:57:03,公司的技术创新机制是什么？,4846,YES
2026-06-16 10:57:03,公司的技术实力如何？,3948,YES
2026-06-16 10:57:04,公司的采购与关联交易情况如何？,4837,YES
2026-06-16 10:57:04,公司的技术创新机制是什么？,4533,YES
2026-06-16 10:57:04,公司的主要业务是什么？,2979,YES
2026-06-16 10:57:05,公司的采购与关联交易情况如何？,4904,YES
2026-06-16 10:57:06,公司的业务运营模式是什么？,3461,YES
2026-06-16 10:57:06,公司的主要业务是什么？,3640,YES
2026-06-16 10:57:06,公司的主要业务是什么？,3550,YES
2026-06-16 10:57:06,公司的采购与关联交易情况如何？,3899,YES
2026-06-16 10:57:06,公司的主要业务是什么？,3084,YES
2026-06-16 10:57:07,公司的主要业务是什么？,3196,YES
2026-06-16 10:57:07,公司的业务运营模式是什么？,3063,YES
2026-06-16 10:57:07,公司的技术实力如何？,2845,YES
2026-06-16 10:57:07,公司的技术创新机制是什么？,3777,YES
2026-06-16 10:57:08,公司的采购与关联交易情况如何？,3271,YES
2026-06-16 10:57:08,公司的主要业务是什么？,3213,YES
2026-06-16 10:57:09,公司的业务运营模式是什么？,3765,YES
2026-06-16 10:57:09,公司的业务运营模式是什么？,4529,YES
2026-06-16 10:57:09,公司的采购与关联交易情况如何？,4189,YES
2026-06-16 10:57:09,公司的主要业务是什么？,3551,YES
2026-06-16 10:57:09,公司的技术实力如何？,2683,YES
2026-06-16 10:57:10,公司的技术实力如何？,2559,YES
2026-06-16 10:57:10,这个文档主要讲什么内容？,2256,YES
2026-06-16 10:57:10,公司的主要业务是什么？,1647,YES
2026-06-16 10:57:10,公司的主要业务是什么？,3091,YES
2026-06-16 10:57:11,公司的技术实力如何？,1963,YES
2026-06-16 10:57:11,公司的技术实力如何？,2147,YES
2026-06-16 10:57:11,公司的采购与关联交易情况如何？,2538,YES
2026-06-16 10:57:11,公司的业务运营模式是什么？,2273,YES
2026-06-16 10:57:11,这个文档主要讲什么内容？,2197,YES
2026-06-16 10:57:12,公司的技术实力如何？,2864,YES
2026-06-16 10:57:12,公司的主要业务是什么？,2962,YES
2026-06-16 10:57:12,公司的技术实力如何？,1765,YES
2026-06-16 10:57:12,公司的技术实力如何？,1179,YES
2026-06-16 10:57:13,公司的技术实力如何？,1696,YES
2026-06-16 10:57:13,公司的业务运营模式是什么？,1581,YES
2026-06-16 10:57:13,这个文档主要讲什么内容？,1573,YES
2026-06-16 10:57:13,这个文档主要讲什么内容？,1607,YES
2026-06-16 10:57:13,公司的技术实力如何？,1887,YES
2026-06-16 10:57:14,公司的业务运营模式是什么？,2330,YES
2026-06-16 10:57:14,公司的主要销售模式是什么？,2859,YES
2026-06-16 10:57:14,公司的主要销售模式是什么？,1887,YES
2026-06-16 10:57:15,公司的主要业务是什么？,3016,YES
2026-06-16 10:57:16,公司的业务运营模式是什么？,3140,YES
2026-06-16 10:57:17,公司的业务运营模式是什么？,3577,YES
2026-06-16 10:57:17,公司的业务运营模式是什么？,4029,YES
2026-06-16 10:57:17,这个文档主要讲什么内容？,4014,YES
2026-06-16 10:57:18,公司的业务运营模式是什么？,5135,YES
2026-06-16 10:57:18,公司的主要业务是什么？,4324,YES
2026-06-16 10:57:19,公司的技术实力如何？,3645,YES
2026-06-16 10:57:19,公司的业务运营模式是什么？,4710,YES
2026-06-16 10:57:20,公司的产品开发流程是什么？,4591,YES
2026-06-16 10:57:20,这个文档主要讲什么内容？,4626,YES
2026-06-16 10:57:20,公司的主要销售模式是什么？,4903,YES
2026-06-16 10:57:21,公司的产品开发流程是什么？,5795,YES
2026-06-16 10:57:21,公司的业务运营模式是什么？,5605,YES
2026-06-16 10:57:21,公司的业务运营模式是什么？,5621,YES
2026-06-16 10:57:22,公司的主要销售模式是什么？,6188,YES
2026-06-16 10:57:22,这个文档主要讲什么内容？,4816,YES
2026-06-16 10:57:22,这个文档主要讲什么内容？,6009,YES
2026-06-16 10:57:22,公司的技术实力如何？,5041,YES
2026-06-16 10:57:22,这个文档主要讲什么内容？,3554,YES
2026-06-16 10:57:22,这个文档主要讲什么内容？,2456,YES
2026-06-16 10:57:23,这个文档主要讲什么内容？,2392,YES
2026-06-16 10:57:23,公司的业务运营模式是什么？,2344,YES
2026-06-16 10:57:23,这个文档主要讲什么内容？,2201,YES
2026-06-16 10:57:23,公司的技术实力如何？,2508,YES
2026-06-16 10:57:24,公司的主要销售模式是什么？,4935,YES
2026-06-16 10:57:25,公司的技术创新机制是什么？,4104,YES
2026-06-16 10:57:25,公司的产品开发流程是什么？,3438,YES
2026-06-16 10:57:26,公司的主要销售模式是什么？,3900,YES
2026-06-16 10:57:27,公司的技术创新机制是什么？,4939,YES
2026-06-16 10:57:28,公司的主要销售模式是什么？,4646,YES
2026-06-16 10:57:28,这个文档主要讲什么内容？,4383,YES
2026-06-16 10:57:28,公司的主要销售模式是什么？,4245,YES
2026-06-16 10:57:28,公司的主要销售模式是什么？,3976,YES
2026-06-16 10:57:29,公司的业务运营模式是什么？,4488,YES
2026-06-16 10:57:29,这个文档主要讲什么内容？,4571,YES
2026-06-16 10:57:30,公司的主要销售模式是什么？,5278,YES
2026-06-16 10:57:30,公司的产品开发流程是什么？,7211,YES
2026-06-16 10:57:30,这个文档主要讲什么内容？,5108,YES
2026-06-16 10:57:30,公司的主要销售模式是什么？,4889,YES
2026-06-16 10:57:31,公司的主要销售模式是什么？,6197,YES
2026-06-16 10:57:32,公司的产品开发流程是什么？,5467,YES
2026-06-16 10:57:32,公司的采购与关联交易情况如何？,3687,YES
2026-06-16 10:57:33,公司的技术创新机制是什么？,4627,YES
2026-06-16 10:57:33,公司的业务运营模式是什么？,6976,YES
2026-06-16 10:57:34,公司的产品开发流程是什么？,5008,YES
2026-06-16 10:57:34,公司的产品开发流程是什么？,4982,YES
2026-06-16 10:57:34,公司的采购与关联交易情况如何？,4976,YES
2026-06-16 10:57:34,公司的主要销售模式是什么？,4346,YES
2026-06-16 10:57:35,公司的产品开发流程是什么？,4576,YES
2026-06-16 10:57:35,公司的主要销售模式是什么？,4631,YES
2026-06-16 10:57:35,这个文档主要讲什么内容？,4352,YES
2026-06-16 10:57:36,公司的产品开发流程是什么？,5925,YES
2026-06-16 10:57:36,公司的技术创新机制是什么？,4716,YES
2026-06-16 10:57:37,公司的主要销售模式是什么？,5487,YES
2026-06-16 10:57:37,公司的产品开发流程是什么？,4604,YES
2026-06-16 10:57:38,公司的产品开发流程是什么？,5213,YES
2026-06-16 10:57:38,公司的产品开发流程是什么？,5233,YES
2026-06-16 10:57:39,公司的主要业务是什么？,4095,YES
2026-06-16 10:57:39,公司的采购与关联交易情况如何？,3890,YES
2026-06-16 10:57:39,这个文档主要讲什么内容？,3618,YES
2026-06-16 10:57:39,公司的技术创新机制是什么？,5143,YES
2026-06-16 10:57:40,公司的技术创新机制是什么？,4578,YES
2026-06-16 10:57:41,公司的产品开发流程是什么？,5349,YES
2026-06-16 10:57:42,公司的技术创新机制是什么？,5698,YES
2026-06-16 10:57:42,公司的技术创新机制是什么？,6236,YES
2026-06-16 10:57:43,公司的主要业务是什么？,6306,YES
2026-06-16 10:57:43,公司的主要销售模式是什么？,5179,YES
2026-06-16 10:57:44,公司的产品开发流程是什么？,6874,YES
2026-06-16 10:57:44,公司的技术创新机制是什么？,5396,YES
2026-06-16 10:57:45,公司的采购与关联交易情况如何？,5525,YES
2026-06-16 10:57:45,公司的技术创新机制是什么？,5355,YES
2026-06-16 10:57:45,公司的产品开发流程是什么？,5178,YES
2026-06-16 10:57:46,公司的技术实力如何？,5474,YES
2026-06-16 10:57:46,公司的技术创新机制是什么？,5852,YES
2026-06-16 10:57:47,公司的主要业务是什么？,6024,YES
2026-06-16 10:57:47,公司的采购与关联交易情况如何？,6062,YES
2026-06-16 10:57:48,公司的主要销售模式是什么？,6465,YES
2026-06-16 10:57:48,公司的采购与关联交易情况如何？,4876,YES
2026-06-16 10:57:48,公司的技术创新机制是什么？,7374,YES
2026-06-16 10:57:49,公司的技术实力如何？,4932,YES
2026-06-16 10:57:49,公司的技术创新机制是什么？,5606,YES
2026-06-16 10:57:49,公司的采购与关联交易情况如何？,5155,YES
2026-06-16 10:57:50,公司的采购与关联交易情况如何？,5165,YES
2026-06-16 10:57:50,公司的技术创新机制是什么？,4438,YES
2026-06-16 10:57:51,公司的产品开发流程是什么？,5599,YES
2026-06-16 10:57:51,公司的采购与关联交易情况如何？,4097,YES
2026-06-16 10:57:51,公司的主要业务是什么？,5328,YES
2026-06-16 10:57:51,公司的采购与关联交易情况如何？,3539,YES
2026-06-16 10:57:51,公司的采购与关联交易情况如何？,4591,YES
2026-06-16 10:57:52,公司的业务运营模式是什么？,3983,YES
2026-06-16 10:57:52,公司的技术实力如何？,3772,YES
2026-06-16 10:57:52,公司的技术创新机制是什么？,3960,YES
2026-06-16 10:57:53,公司的主要业务是什么？,2890,YES
2026-06-16 10:57:53,公司的采购与关联交易情况如何？,3409,YES
2026-06-16 10:57:54,公司的主要业务是什么？,3740,YES
2026-06-16 10:57:54,公司的产品开发流程是什么？,5151,YES
2026-06-16 10:57:54,公司的主要业务是什么？,2869,YES
2026-06-16 10:57:55,公司的采购与关联交易情况如何？,3368,YES
2026-06-16 10:57:55,公司的业务运营模式是什么？,3638,YES
2026-06-16 10:57:56,公司的技术创新机制是什么？,3737,YES
2026-06-16 10:57:56,公司的主要业务是什么？,4013,YES
2026-06-16 10:57:56,公司的采购与关联交易情况如何？,4206,YES
2026-06-16 10:57:56,公司的技术实力如何？,3527,YES
2026-06-16 10:57:56,公司的主要业务是什么？,3588,YES
2026-06-16 10:57:57,公司的主要业务是什么？,3644,YES
2026-06-16 10:57:57,这个文档主要讲什么内容？,3672,YES
2026-06-16 10:57:57,公司的业务运营模式是什么？,3580,YES
2026-06-16 10:57:57,公司的主要业务是什么？,4013,YES
2026-06-16 10:57:57,公司的技术实力如何？,1887,YES
2026-06-16 10:57:57,公司的技术实力如何？,2199,YES
2026-06-16 10:57:57,公司的采购与关联交易情况如何？,3987,YES
2026-06-16 10:57:58,公司的主要业务是什么？,2170,YES
2026-06-16 10:57:58,公司的技术创新机制是什么？,2337,YES
2026-06-16 10:57:58,这个文档主要讲什么内容？,1758,YES
2026-06-16 10:57:58,公司的技术实力如何？,1619,YES
2026-06-16 10:57:58,公司的主要业务是什么？,2005,YES
2026-06-16 10:57:58,公司的业务运营模式是什么？,965,YES
2026-06-16 10:57:59,公司的技术实力如何？,387,YES
2026-06-16 10:57:59,公司的采购与关联交易情况如何？,1524,YES
2026-06-16 10:57:59,公司的业务运营模式是什么？,799,YES
2026-06-16 10:58:00,公司的技术实力如何？,1297,YES
2026-06-16 10:58:00,公司的技术实力如何？,1244,YES
2026-06-16 10:58:00,公司的主要销售模式是什么？,1348,YES
2026-06-16 10:58:00,公司的业务运营模式是什么？,1814,YES
2026-06-16 10:58:01,公司的技术实力如何？,1224,YES
2026-06-16 10:58:01,公司的主要业务是什么？,1635,YES
2026-06-16 10:58:01,公司的主要销售模式是什么？,1415,YES
2026-06-16 10:58:01,公司的主要业务是什么？,1775,YES
2026-06-16 10:58:01,这个文档主要讲什么内容？,1434,YES
2026-06-16 10:58:01,公司的采购与关联交易情况如何？,1841,YES
2026-06-16 10:58:03,公司的业务运营模式是什么？,2497,YES
2026-06-16 10:58:04,公司的技术实力如何？,2901,YES
2026-06-16 10:58:04,公司的技术实力如何？,2950,YES
2026-06-16 10:58:04,公司的业务运营模式是什么？,3293,YES
2026-06-16 10:58:04,这个文档主要讲什么内容？,2528,YES
2026-06-16 10:58:04,这个文档主要讲什么内容？,2080,YES
2026-06-16 10:58:04,公司的业务运营模式是什么？,2798,YES
2026-06-16 10:58:04,公司的业务运营模式是什么？,2176,YES
2026-06-16 10:58:05,公司的主要业务是什么？,2691,YES
2026-06-16 10:58:05,公司的技术实力如何？,2575,YES
2026-06-16 10:58:05,公司的产品开发流程是什么？,3308,YES
2026-06-16 10:58:05,这个文档主要讲什么内容？,3025,YES
2026-06-16 10:58:05,公司的业务运营模式是什么？,3168,YES
2026-06-16 10:58:06,公司的主要销售模式是什么？,3000,YES
2026-06-16 10:58:06,公司的主要业务是什么？,2735,YES
2026-06-16 10:58:06,公司的技术实力如何？,2220,YES
2026-06-16 10:58:06,公司的业务运营模式是什么？,1555,YES
2026-06-16 10:58:06,公司的产品开发流程是什么？,3491,YES
2026-06-16 10:58:06,公司的主要销售模式是什么？,1417,YES
2026-06-16 10:58:07,这个文档主要讲什么内容？,1297,YES
2026-06-16 10:58:07,公司的主要销售模式是什么？,534,YES
2026-06-16 11:03:51,这个文档主要讲什么内容？,9090,YES
2026-06-16 11:03:51,这个文档主要讲什么内容？,9109,YES
2026-06-16 11:03:51,这个文档主要讲什么内容？,9153,YES
2026-06-16 11:03:51,这个文档主要讲什么内容？,9319,YES
2026-06-16 11:03:51,这个文档主要讲什么内容？,8448,YES
2026-06-16 11:03:52,这个文档主要讲什么内容？,9514,YES
2026-06-16 11:03:52,这个文档主要讲什么内容？,8570,YES
2026-06-16 11:03:52,这个文档主要讲什么内容？,8684,YES
2026-06-16 11:03:52,这个文档主要讲什么内容？,8805,YES
2026-06-16 11:03:52,这个文档主要讲什么内容？,9092,YES
2026-06-16 11:03:53,公司的主要销售模式是什么？,361,YES
2026-06-16 11:03:53,公司的主要销售模式是什么？,143,YES
2026-06-16 11:03:54,公司的主要销售模式是什么？,146,YES
2026-06-16 11:03:54,公司的主要销售模式是什么？,154,YES
2026-06-16 11:03:54,公司的主要销售模式是什么？,171,YES
2026-06-16 11:03:54,公司的主要销售模式是什么？,510,YES
2026-06-16 11:03:54,公司的主要销售模式是什么？,274,YES
2026-06-16 11:03:55,公司的主要销售模式是什么？,529,YES
2026-06-16 11:03:55,公司的主要销售模式是什么？,1289,YES
2026-06-16 11:03:56,公司的主要销售模式是什么？,1983,YES
2026-06-16 11:03:56,公司的产品开发流程是什么？,1052,YES
2026-06-16 11:03:57,公司的产品开发流程是什么？,2018,YES
2026-06-16 11:03:58,公司的产品开发流程是什么？,1999,YES
2026-06-16 11:03:58,公司的产品开发流程是什么？,2124,YES
2026-06-16 11:03:59,公司的产品开发流程是什么？,2381,YES
2026-06-16 11:03:59,公司的产品开发流程是什么？,2580,YES
2026-06-16 11:04:00,公司的产品开发流程是什么？,3168,YES
2026-06-16 11:04:00,公司的产品开发流程是什么？,2897,YES
2026-06-16 11:04:00,公司的产品开发流程是什么？,2634,YES
2026-06-16 11:04:01,公司的产品开发流程是什么？,3409,YES
2026-06-16 11:04:01,公司的技术创新机制是什么？,2506,YES
2026-06-16 11:04:02,公司的技术创新机制是什么？,2531,YES
2026-06-16 11:04:02,公司的技术创新机制是什么？,1708,YES
2026-06-16 11:04:03,公司的技术创新机制是什么？,2549,YES
2026-06-16 11:04:03,公司的技术创新机制是什么？,2475,YES
2026-06-16 11:04:04,公司的技术创新机制是什么？,1440,YES
2026-06-16 11:04:04,公司的技术创新机制是什么？,2740,YES
2026-06-16 11:04:05,公司的技术创新机制是什么？,2659,YES
2026-06-16 11:04:05,公司的技术创新机制是什么？,2434,YES
2026-06-16 11:04:06,公司的采购与关联交易情况如何？,2773,YES
2026-06-16 11:04:07,公司的采购与关联交易情况如何？,2969,YES
2026-06-16 11:04:07,公司的采购与关联交易情况如何？,3530,YES
2026-06-16 11:04:08,公司的技术创新机制是什么？,4659,YES
2026-06-16 11:04:08,公司的采购与关联交易情况如何？,3432,YES
2026-06-16 11:04:08,公司的采购与关联交易情况如何？,3416,YES
2026-06-16 11:04:09,公司的采购与关联交易情况如何？,3388,YES
2026-06-16 11:04:09,公司的采购与关联交易情况如何？,2555,YES
2026-06-16 11:04:09,公司的采购与关联交易情况如何？,4016,YES
2026-06-16 11:04:10,公司的采购与关联交易情况如何？,1467,YES
2026-06-16 11:04:10,公司的主要业务是什么？,2137,YES
2026-06-16 11:04:10,公司的主要业务是什么？,1415,YES
2026-06-16 11:04:10,公司的采购与关联交易情况如何？,1468,YES
2026-06-16 11:04:11,公司的主要业务是什么？,1196,YES
2026-06-16 11:04:11,公司的主要业务是什么？,611,YES
2026-06-16 11:04:11,公司的主要业务是什么？,415,YES
2026-06-16 11:04:11,公司的主要业务是什么？,220,YES
2026-06-16 11:04:12,公司的主要业务是什么？,669,YES
2026-06-16 11:04:12,公司的主要业务是什么？,664,YES
2026-06-16 11:04:12,公司的技术实力如何？,578,YES
2026-06-16 11:04:12,公司的技术实力如何？,297,YES
2026-06-16 11:04:12,公司的主要业务是什么？,363,YES
2026-06-16 11:04:13,公司的技术实力如何？,430,YES
2026-06-16 11:04:13,公司的技术实力如何？,437,YES
2026-06-16 11:04:13,公司的技术实力如何？,306,YES
2026-06-16 11:04:14,公司的技术实力如何？,215,YES
2026-06-16 11:04:14,公司的主要业务是什么？,403,YES
2026-06-16 11:04:14,公司的技术实力如何？,142,YES
2026-06-16 11:04:14,公司的技术实力如何？,342,YES
2026-06-16 11:04:15,公司的技术实力如何？,649,YES
2026-06-16 11:04:16,公司的业务运营模式是什么？,1415,YES
2026-06-16 11:04:17,公司的技术实力如何？,1604,YES
2026-06-16 11:04:17,公司的业务运营模式是什么？,1728,YES
2026-06-16 11:04:17,公司的业务运营模式是什么？,2091,YES
2026-06-16 11:04:17,公司的业务运营模式是什么？,1970,YES
2026-06-16 11:04:18,公司的业务运营模式是什么？,2116,YES
2026-06-16 11:04:18,公司的业务运营模式是什么？,1913,YES
2026-06-16 11:04:18,公司的业务运营模式是什么？,2233,YES
2026-06-16 11:04:18,公司的业务运营模式是什么？,1731,YES
2026-06-16 11:04:18,这个文档主要讲什么内容？,429,YES
2026-06-16 11:04:18,这个文档主要讲什么内容？,177,YES
2026-06-16 11:04:19,公司的业务运营模式是什么？,653,YES
2026-06-16 11:04:19,这个文档主要讲什么内容？,241,YES
2026-06-16 11:04:19,这个文档主要讲什么内容？,254,YES
2026-06-16 11:04:19,公司的业务运营模式是什么？,342,YES
2026-06-16 11:04:20,这个文档主要讲什么内容？,129,YES
2026-06-16 11:04:20,这个文档主要讲什么内容？,164,YES
2026-06-16 11:04:20,这个文档主要讲什么内容？,133,YES
2026-06-16 11:04:21,这个文档主要讲什么内容？,129,YES
2026-06-16 11:04:21,公司的主要销售模式是什么？,664,YES
2026-06-16 11:04:21,公司的主要销售模式是什么？,407,YES
2026-06-16 11:04:21,公司的主要销售模式是什么？,532,YES
2026-06-16 11:04:22,这个文档主要讲什么内容？,472,YES
2026-06-16 11:04:22,公司的主要销售模式是什么？,429,YES
2026-06-16 11:04:22,公司的主要销售模式是什么？,1467,YES
2026-06-16 11:04:22,这个文档主要讲什么内容？,226,YES
2026-06-16 11:04:22,公司的主要销售模式是什么？,439,YES
2026-06-16 11:04:23,公司的主要销售模式是什么？,131,YES
2026-06-16 11:04:24,公司的产品开发流程是什么？,851,YES
2026-06-16 11:04:24,公司的主要销售模式是什么？,732,YES
2026-06-16 11:04:24,公司的产品开发流程是什么？,937,YES
2026-06-16 11:04:24,公司的产品开发流程是什么？,1050,YES
2026-06-16 11:04:25,公司的主要销售模式是什么？,1061,YES
2026-06-16 11:04:25,公司的主要销售模式是什么？,926,YES
2026-06-16 11:04:25,公司的产品开发流程是什么？,1217,YES
2026-06-16 11:04:27,公司的产品开发流程是什么？,2814,YES
2026-06-16 11:04:29,公司的产品开发流程是什么？,3260,YES
2026-06-16 11:04:29,公司的产品开发流程是什么？,5762,YES
2026-06-16 11:04:30,公司的技术创新机制是什么？,4087,YES
2026-06-16 11:04:30,公司的产品开发流程是什么？,4504,YES
2026-06-16 11:04:31,公司的产品开发流程是什么？,5050,YES
2026-06-16 11:04:31,公司的技术创新机制是什么？,5332,YES
2026-06-16 11:04:32,公司的产品开发流程是什么？,5591,YES
2026-06-16 11:04:32,公司的技术创新机制是什么？,5581,YES
2026-06-16 11:04:33,公司的技术创新机制是什么？,5871,YES
2026-06-16 11:04:33,公司的技术创新机制是什么？,4911,YES
2026-06-16 11:04:35,公司的技术创新机制是什么？,3401,YES
2026-06-16 11:04:35,公司的技术创新机制是什么？,4509,YES
2026-06-16 11:04:35,公司的采购与关联交易情况如何？,2938,YES
2026-06-16 11:04:35,公司的采购与关联交易情况如何？,2378,YES
2026-06-16 11:04:36,公司的技术创新机制是什么？,2408,YES
2026-06-16 11:04:36,公司的技术创新机制是什么？,2333,YES
2026-06-16 11:04:36,公司的采购与关联交易情况如何？,2226,YES
2026-06-16 11:04:36,公司的采购与关联交易情况如何？,1569,YES
2026-06-16 11:04:37,公司的技术创新机制是什么？,2483,YES
2026-06-16 11:04:38,公司的采购与关联交易情况如何？,933,YES
2026-06-16 11:04:38,公司的采购与关联交易情况如何？,931,YES
2026-06-16 11:04:38,公司的采购与关联交易情况如何？,2573,YES
2026-06-16 11:04:39,公司的采购与关联交易情况如何？,1337,YES
2026-06-16 11:04:39,公司的采购与关联交易情况如何？,1439,YES
2026-06-16 11:04:39,公司的主要业务是什么？,1396,YES
2026-06-16 11:04:39,公司的主要业务是什么？,1357,YES
2026-06-16 11:04:39,公司的主要业务是什么？,597,YES
2026-06-16 11:04:39,公司的主要业务是什么？,618,YES
2026-06-16 11:04:40,公司的主要业务是什么？,805,YES
2026-06-16 11:04:40,公司的采购与关联交易情况如何？,858,YES
2026-06-16 11:04:40,公司的主要业务是什么？,828,YES
2026-06-16 11:04:41,公司的主要业务是什么？,479,YES
2026-06-16 11:04:41,公司的主要业务是什么？,1324,YES
2026-06-16 11:04:41,公司的技术实力如何？,907,YES
2026-06-16 11:04:42,公司的主要业务是什么？,471,YES
2026-06-16 11:04:42,公司的技术实力如何？,401,YES
2026-06-16 11:04:42,公司的技术实力如何？,694,YES
2026-06-16 11:04:42,公司的主要业务是什么？,213,YES
2026-06-16 11:04:42,公司的技术实力如何？,252,YES
2026-06-16 11:04:42,公司的技术实力如何？,451,YES
2026-06-16 11:04:43,公司的业务运营模式是什么？,625,YES
2026-06-16 11:04:44,公司的技术实力如何？,925,YES
2026-06-16 11:04:44,公司的技术实力如何？,850,YES
2026-06-16 11:04:44,公司的技术实力如何？,602,YES
2026-06-16 11:04:44,公司的业务运营模式是什么？,728,YES
2026-06-16 11:04:45,公司的业务运营模式是什么？,1018,YES
2026-06-16 11:04:45,公司的业务运营模式是什么？,1491,YES
2026-06-16 11:04:45,公司的技术实力如何？,747,YES
2026-06-16 11:04:45,公司的技术实力如何？,767,YES
2026-06-16 11:04:46,公司的业务运营模式是什么？,1851,YES
2026-06-16 11:04:47,公司的业务运营模式是什么？,1936,YES
2026-06-16 11:04:47,公司的业务运营模式是什么？,1907,YES
2026-06-16 11:04:47,公司的业务运营模式是什么？,1850,YES
2026-06-16 11:04:47,这个文档主要讲什么内容？,1687,YES
2026-06-16 11:04:47,这个文档主要讲什么内容？,960,YES
2026-06-16 11:04:47,公司的业务运营模式是什么？,441,YES
2026-06-16 11:04:47,这个文档主要讲什么内容？,189,YES
2026-06-16 11:04:47,公司的业务运营模式是什么？,1112,YES
2026-06-16 11:04:48,这个文档主要讲什么内容？,159,YES
2026-06-16 11:04:48,这个文档主要讲什么内容？,174,YES
2026-06-16 11:04:48,这个文档主要讲什么内容？,140,YES
2026-06-16 11:04:49,公司的主要销售模式是什么？,167,YES
2026-06-16 11:04:49,这个文档主要讲什么内容？,204,YES
2026-06-16 11:04:49,公司的主要销售模式是什么？,253,YES
2026-06-16 11:04:49,这个文档主要讲什么内容？,203,YES
2026-06-16 11:04:49,公司的主要销售模式是什么？,450,YES
2026-06-16 11:04:50,公司的主要销售模式是什么？,1055,YES
2026-06-16 11:04:50,公司的主要销售模式是什么？,193,YES
2026-06-16 11:04:50,这个文档主要讲什么内容？,269,YES
2026-06-16 11:04:51,公司的主要销售模式是什么？,974,YES
2026-06-16 11:04:51,公司的主要销售模式是什么？,1273,YES
2026-06-16 11:04:52,这个文档主要讲什么内容？,1396,YES
2026-06-16 11:04:52,公司的产品开发流程是什么？,2107,YES
2026-06-16 11:04:54,公司的产品开发流程是什么？,2433,YES
2026-06-16 11:04:54,公司的产品开发流程是什么？,3198,YES
2026-06-16 11:04:55,公司的产品开发流程是什么？,5296,YES
2026-06-16 11:04:55,公司的主要销售模式是什么？,3848,YES
2026-06-16 11:04:56,公司的产品开发流程是什么？,4201,YES
2026-06-16 11:04:56,公司的产品开发流程是什么？,4619,YES
2026-06-16 11:04:56,公司的主要销售模式是什么？,4216,YES
2026-06-16 11:04:57,公司的主要销售模式是什么？,4153,YES
2026-06-16 11:04:57,公司的产品开发流程是什么？,4262,YES
2026-06-16 11:04:58,公司的技术创新机制是什么？,2829,YES
2026-06-16 11:04:58,公司的技术创新机制是什么？,1907,YES
2026-06-16 11:04:58,公司的产品开发流程是什么？,1951,YES
2026-06-16 11:04:59,公司的技术创新机制是什么？,1824,YES
2026-06-16 11:04:59,公司的技术创新机制是什么？,1777,YES
2026-06-16 11:05:00,公司的技术创新机制是什么？,2181,YES
2026-06-16 11:05:01,公司的产品开发流程是什么？,2464,YES
2026-06-16 11:05:01,公司的产品开发流程是什么？,3286,YES
2026-06-16 11:05:02,公司的技术创新机制是什么？,2762,YES
2026-06-16 11:05:02,公司的采购与关联交易情况如何？,1739,YES
2026-06-16 11:05:02,公司的技术创新机制是什么？,2354,YES
2026-06-16 11:05:03,公司的采购与关联交易情况如何？,1943,YES
2026-06-16 11:05:03,公司的技术创新机制是什么？,2282,YES
2026-06-16 11:05:04,公司的采购与关联交易情况如何？,2368,YES
2026-06-16 11:05:05,公司的采购与关联交易情况如何？,2435,YES
2026-06-16 11:05:05,公司的采购与关联交易情况如何？,2610,YES
2026-06-16 11:05:06,公司的技术创新机制是什么？,2738,YES
2026-06-16 11:05:06,公司的技术创新机制是什么？,3491,YES
2026-06-16 11:05:06,公司的采购与关联交易情况如何？,3433,YES
2026-06-16 11:05:07,公司的采购与关联交易情况如何？,2812,YES
2026-06-16 11:05:07,公司的主要业务是什么？,2528,YES
2026-06-16 11:05:08,公司的主要业务是什么？,3053,YES
2026-06-16 11:05:08,公司的主要业务是什么？,2538,YES
2026-06-16 11:05:08,公司的采购与关联交易情况如何？,3305,YES
2026-06-16 11:05:08,公司的主要业务是什么？,1567,YES
2026-06-16 11:05:09,公司的主要业务是什么？,1425,YES
2026-06-16 11:05:10,公司的采购与关联交易情况如何？,2430,YES
2026-06-16 11:05:10,公司的采购与关联交易情况如何？,2716,YES
2026-06-16 11:05:10,公司的主要业务是什么？,2193,YES
2026-06-16 11:05:10,公司的技术实力如何？,1974,YES
2026-06-16 11:05:10,公司的主要业务是什么？,1135,YES
2026-06-16 11:05:10,公司的技术实力如何？,560,YES
2026-06-16 11:05:10,公司的技术实力如何？,1012,YES
2026-06-16 11:05:11,公司的技术实力如何？,587,YES
2026-06-16 11:05:11,公司的主要业务是什么？,614,YES
2026-06-16 11:05:12,公司的主要业务是什么？,195,YES
2026-06-16 11:05:12,公司的技术实力如何？,263,YES
2026-06-16 11:05:12,公司的技术实力如何？,214,YES
2026-06-16 11:05:13,公司的主要业务是什么？,818,YES
2026-06-16 11:05:13,公司的业务运营模式是什么？,2102,YES
2026-06-16 11:05:14,公司的业务运营模式是什么？,1469,YES
2026-06-16 11:05:14,公司的业务运营模式是什么？,1788,YES
2026-06-16 11:05:14,公司的技术实力如何？,1276,YES
2026-06-16 11:05:14,公司的技术实力如何？,1588,YES
2026-06-16 11:05:15,公司的技术实力如何？,1457,YES
2026-06-16 11:05:15,公司的业务运营模式是什么？,572,YES
2026-06-16 11:05:16,公司的业务运营模式是什么？,1996,YES
2026-06-16 11:05:16,公司的技术实力如何？,533,YES
2026-06-16 11:05:16,这个文档主要讲什么内容？,322,YES
2026-06-16 11:05:16,公司的业务运营模式是什么？,1279,YES
2026-06-16 11:05:16,这个文档主要讲什么内容？,513,YES
2026-06-16 11:05:16,公司的业务运营模式是什么？,627,YES
2026-06-16 11:05:16,这个文档主要讲什么内容？,579,YES
2026-06-16 11:05:17,公司的业务运营模式是什么？,1017,YES
2026-06-16 11:05:17,这个文档主要讲什么内容？,357,YES
2026-06-16 11:05:17,这个文档主要讲什么内容？,407,YES
2026-06-16 11:05:18,公司的业务运营模式是什么？,1354,YES
2026-06-16 11:05:18,公司的主要销售模式是什么？,496,YES
2026-06-16 11:05:18,公司的业务运营模式是什么？,1291,YES
2026-06-16 11:05:19,这个文档主要讲什么内容？,179,YES
2026-06-16 11:05:19,这个文档主要讲什么内容？,198,YES
2026-06-16 11:05:19,公司的主要销售模式是什么？,206,YES
2026-06-16 11:05:20,这个文档主要讲什么内容？,311,YES
2026-06-16 11:05:20,公司的主要销售模式是什么？,258,YES
2026-06-16 11:05:20,这个文档主要讲什么内容？,333,YES
2026-06-16 11:05:20,公司的主要销售模式是什么？,1398,YES
2026-06-16 11:05:20,这个文档主要讲什么内容？,194,YES
2026-06-16 11:05:21,公司的主要销售模式是什么？,603,YES
2026-06-16 11:05:21,公司的产品开发流程是什么？,1140,YES
2026-06-16 11:05:22,公司的产品开发流程是什么？,889,YES
2026-06-16 11:05:22,公司的主要销售模式是什么？,560,YES
2026-06-16 11:05:22,公司的主要销售模式是什么？,1359,YES
2026-06-16 11:05:23,公司的主要销售模式是什么？,632,YES
2026-06-16 11:05:23,公司的主要销售模式是什么？,694,YES
2026-06-16 11:05:23,公司的产品开发流程是什么？,1051,YES
2026-06-16 11:05:23,公司的主要销售模式是什么？,1017,YES
2026-06-16 11:05:24,公司的产品开发流程是什么？,1352,YES
2026-06-16 11:05:24,公司的产品开发流程是什么？,2227,YES
2026-06-16 11:05:25,公司的技术创新机制是什么？,1901,YES
2026-06-16 11:05:26,公司的技术创新机制是什么？,1859,YES
2026-06-16 11:05:28,公司的产品开发流程是什么？,2835,YES
2026-06-16 11:05:29,公司的产品开发流程是什么？,5105,YES
2026-06-16 11:05:29,公司的产品开发流程是什么？,4296,YES
2026-06-16 11:05:30,公司的产品开发流程是什么？,4494,YES
2026-06-16 11:05:30,公司的技术创新机制是什么？,4652,YES
2026-06-16 11:05:31,公司的产品开发流程是什么？,5535,YES
2026-06-16 11:05:32,公司的技术创新机制是什么？,5122,YES
2026-06-16 11:05:32,公司的技术创新机制是什么？,5364,YES
2026-06-16 11:05:32,公司的采购与关联交易情况如何？,4591,YES
2026-06-16 11:05:32,公司的采购与关联交易情况如何？,5029,YES
2026-06-16 11:05:34,公司的技术创新机制是什么？,4143,YES
2026-06-16 11:05:34,公司的技术创新机制是什么？,3526,YES
2026-06-16 11:05:35,公司的采购与关联交易情况如何？,3034,YES
2026-06-16 11:05:35,公司的技术创新机制是什么？,3760,YES
2026-06-16 11:05:35,公司的技术创新机制是什么？,3179,YES
2026-06-16 11:05:36,公司的采购与关联交易情况如何？,2981,YES
2026-06-16 11:05:37,公司的采购与关联交易情况如何？,3003,YES
2026-06-16 11:05:37,公司的技术创新机制是什么？,3272,YES
2026-06-16 11:05:37,公司的主要业务是什么？,3387,YES
2026-06-16 11:05:38,公司的主要业务是什么？,2392,YES
2026-06-16 11:05:38,公司的采购与关联交易情况如何？,3071,YES
2026-06-16 11:05:38,公司的采购与关联交易情况如何？,1268,YES
2026-06-16 11:05:39,公司的主要业务是什么？,1463,YES
2026-06-16 11:05:39,公司的采购与关联交易情况如何？,1371,YES
2026-06-16 11:05:39,公司的主要业务是什么？,1091,YES
2026-06-16 11:05:39,公司的采购与关联交易情况如何？,792,YES
2026-06-16 11:05:39,公司的采购与关联交易情况如何？,4063,YES
2026-06-16 11:05:40,公司的技术实力如何？,561,YES
2026-06-16 11:05:40,公司的主要业务是什么？,1050,YES
2026-06-16 11:05:40,公司的技术实力如何？,143,YES
2026-06-16 11:05:40,公司的主要业务是什么？,255,YES
2026-06-16 11:05:40,公司的技术实力如何？,183,YES
2026-06-16 11:05:41,公司的主要业务是什么？,383,YES
2026-06-16 11:05:41,公司的业务运营模式是什么？,254,YES
2026-06-16 11:05:41,公司的技术实力如何？,694,YES
2026-06-16 11:05:41,公司的技术实力如何？,552,YES
2026-06-16 11:05:42,公司的业务运营模式是什么？,679,YES
2026-06-16 11:05:42,公司的主要业务是什么？,729,YES
2026-06-16 11:05:42,公司的主要业务是什么？,1335,YES
2026-06-16 11:05:43,公司的业务运营模式是什么？,914,YES
2026-06-16 11:05:43,公司的技术实力如何？,946,YES
2026-06-16 11:05:43,公司的主要业务是什么？,1304,YES
2026-06-16 11:05:43,这个文档主要讲什么内容？,797,YES
2026-06-16 11:05:44,这个文档主要讲什么内容？,384,YES
2026-06-16 11:05:44,公司的技术实力如何？,321,YES
2026-06-16 11:05:44,公司的技术实力如何？,713,YES
2026-06-16 11:05:45,公司的业务运营模式是什么？,2072,YES
2026-06-16 11:05:45,公司的技术实力如何？,882,YES
2026-06-16 11:05:45,公司的业务运营模式是什么？,1497,YES
2026-06-16 11:05:46,公司的业务运营模式是什么？,1890,YES
2026-06-16 11:05:46,公司的主要销售模式是什么？,1490,YES
2026-06-16 11:05:46,公司的技术实力如何？,1168,YES
2026-06-16 11:05:46,这个文档主要讲什么内容？,1080,YES
2026-06-16 11:05:47,这个文档主要讲什么内容？,627,YES
2026-06-16 11:05:47,公司的主要销售模式是什么？,367,YES
2026-06-16 11:05:47,公司的业务运营模式是什么？,1656,YES
2026-06-16 11:05:48,公司的业务运营模式是什么？,732,YES
2026-06-16 11:05:48,这个文档主要讲什么内容？,771,YES
2026-06-16 11:05:48,公司的业务运营模式是什么？,1136,YES
2026-06-16 11:05:48,这个文档主要讲什么内容？,951,YES
2026-06-16 11:05:49,公司的业务运营模式是什么？,1175,YES
2026-06-16 11:05:49,公司的产品开发流程是什么？,1734,YES
2026-06-16 11:05:49,这个文档主要讲什么内容？,948,YES
2026-06-16 11:05:49,公司的产品开发流程是什么？,1407,YES
2026-06-16 11:05:49,公司的主要销售模式是什么？,209,YES
2026-06-16 11:05:50,公司的主要销售模式是什么？,371,YES
2026-06-16 11:05:50,公司的主要销售模式是什么？,579,YES
2026-06-16 11:05:50,公司的主要销售模式是什么？,771,YES
2026-06-16 11:05:50,这个文档主要讲什么内容？,490,YES
2026-06-16 11:05:50,这个文档主要讲什么内容？,142,YES
2026-06-16 11:05:52,公司的产品开发流程是什么？,1219,YES
2026-06-16 11:05:52,这个文档主要讲什么内容？,1228,YES
2026-06-16 11:05:52,公司的主要销售模式是什么？,1336,YES
2026-06-16 11:05:53,公司的产品开发流程是什么？,1819,YES
2026-06-16 11:05:54,公司的主要销售模式是什么？,1916,YES
2026-06-16 11:05:54,公司的产品开发流程是什么？,2963,YES
2026-06-16 11:05:55,公司的产品开发流程是什么？,3262,YES
2026-06-16 11:05:56,公司的技术创新机制是什么？,3952,YES
2026-06-16 11:05:56,公司的技术创新机制是什么？,3813,YES
2026-06-16 11:05:56,公司的主要销售模式是什么？,3816,YES
2026-06-16 11:05:56,公司的主要销售模式是什么？,2243,YES
2026-06-16 11:05:57,公司的技术创新机制是什么？,3139,YES
2026-06-16 11:05:58,公司的产品开发流程是什么？,3454,YES
2026-06-16 11:05:58,公司的技术创新机制是什么？,3519,YES
2026-06-16 11:05:59,公司的技术创新机制是什么？,3187,YES
2026-06-16 11:06:00,公司的技术创新机制是什么？,3927,YES
2026-06-16 11:06:01,公司的产品开发流程是什么？,4222,YES
2026-06-16 11:06:01,公司的产品开发流程是什么？,4101,YES
2026-06-16 11:06:01,公司的采购与关联交易情况如何？,4067,YES
2026-06-16 11:06:01,公司的采购与关联交易情况如何？,3465,YES
2026-06-16 11:06:02,公司的技术创新机制是什么？,3369,YES
2026-06-16 11:06:02,公司的产品开发流程是什么？,3609,YES
2026-06-16 11:06:03,公司的采购与关联交易情况如何？,3036,YES
2026-06-16 11:06:03,公司的采购与关联交易情况如何？,3254,YES
2026-06-16 11:06:04,公司的采购与关联交易情况如何？,1334,YES
2026-06-16 11:06:04,公司的采购与关联交易情况如何？,2858,YES
2026-06-16 11:06:04,公司的技术创新机制是什么？,983,YES
2026-06-16 11:06:04,公司的技术创新机制是什么？,1157,YES
2026-06-16 11:06:05,公司的主要业务是什么？,1311,YES
2026-06-16 11:06:05,公司的主要业务是什么？,908,YES
2026-06-16 11:06:05,公司的主要业务是什么？,270,YES
2026-06-16 11:06:05,公司的采购与关联交易情况如何？,973,YES
2026-06-16 11:06:06,公司的主要业务是什么？,821,YES
2026-06-16 11:06:06,公司的主要业务是什么？,954,YES
2026-06-16 11:06:06,公司的技术创新机制是什么？,1059,YES
2026-06-16 11:06:07,公司的技术实力如何？,1047,YES
2026-06-16 11:06:08,公司的采购与关联交易情况如何？,1604,YES
2026-06-16 11:06:08,公司的主要业务是什么？,1628,YES
2026-06-16 11:06:08,公司的技术实力如何？,1176,YES
2026-06-16 11:06:08,公司的技术实力如何？,1107,YES
2026-06-16 11:06:08,公司的技术实力如何？,1158,YES
2026-06-16 11:06:09,公司的技术实力如何？,1598,YES
2026-06-16 11:06:09,公司的采购与关联交易情况如何？,2812,YES
2026-06-16 11:06:09,公司的主要业务是什么？,1542,YES
2026-06-16 11:06:10,公司的采购与关联交易情况如何？,1040,YES
2026-06-16 11:06:10,公司的业务运营模式是什么？,579,YES
2026-06-16 11:06:11,公司的业务运营模式是什么？,1636,YES
2026-06-16 11:06:11,公司的业务运营模式是什么？,794,YES
2026-06-16 11:06:11,公司的技术实力如何？,1178,YES
2026-06-16 11:06:11,公司的业务运营模式是什么？,1460,YES
2026-06-16 11:06:11,公司的主要业务是什么？,1068,YES
2026-06-16 11:06:12,公司的主要业务是什么？,651,YES
2026-06-16 11:06:12,公司的业务运营模式是什么？,1447,YES
2026-06-16 11:06:12,公司的技术实力如何？,561,YES
2026-06-16 11:06:12,公司的主要业务是什么？,658,YES
2026-06-16 11:06:12,这个文档主要讲什么内容？,173,YES
2026-06-16 11:06:13,这个文档主要讲什么内容？,146,YES
2026-06-16 11:06:13,公司的业务运营模式是什么？,656,YES
2026-06-16 11:06:13,这个文档主要讲什么内容？,444,YES
2026-06-16 11:06:14,公司的业务运营模式是什么？,369,YES
2026-06-16 11:06:14,公司的主要销售模式是什么？,196,YES
2026-06-16 11:06:14,公司的技术实力如何？,169,YES
2026-06-16 11:06:14,这个文档主要讲什么内容？,145,YES
2026-06-16 11:06:14,这个文档主要讲什么内容？,127,YES
2026-06-16 11:06:15,公司的主要销售模式是什么？,144,YES
2026-06-16 11:06:15,公司的主要销售模式是什么？,153,YES
2026-06-16 11:06:15,公司的技术实力如何？,365,YES
2026-06-16 11:06:15,公司的技术实力如何？,569,YES
2026-06-16 11:06:16,这个文档主要讲什么内容？,456,YES
2026-06-16 11:06:16,公司的产品开发流程是什么？,1310,YES
2026-06-16 11:06:17,公司的主要销售模式是什么？,1588,YES
2026-06-16 11:06:18,公司的业务运营模式是什么？,1697,YES
2026-06-16 11:06:18,公司的产品开发流程是什么？,1721,YES
2026-06-16 11:06:18,这个文档主要讲什么内容？,1680,YES
2026-06-16 11:06:18,公司的主要销售模式是什么？,1198,YES
2026-06-16 11:06:19,公司的产品开发流程是什么？,2152,YES
2026-06-16 11:06:19,公司的业务运营模式是什么？,1988,YES
2026-06-16 11:06:20,公司的技术创新机制是什么？,3015,YES
2026-06-16 11:06:20,公司的业务运营模式是什么？,1958,YES
2026-06-16 11:06:21,公司的主要销售模式是什么？,2829,YES
2026-06-16 11:06:21,公司的技术创新机制是什么？,2433,YES
2026-06-16 11:06:23,公司的产品开发流程是什么？,4171,YES
2026-06-16 11:06:23,这个文档主要讲什么内容？,3178,YES
2026-06-16 11:06:24,公司的主要销售模式是什么？,3147,YES
2026-06-16 11:06:24,公司的产品开发流程是什么？,3866,YES
2026-06-16 11:06:24,这个文档主要讲什么内容？,2350,YES
2026-06-16 11:06:24,这个文档主要讲什么内容？,3247,YES
2026-06-16 11:06:25,公司的技术创新机制是什么？,3340,YES
2026-06-16 11:06:26,公司的采购与关联交易情况如何？,3755,YES
2026-06-16 11:06:26,公司的产品开发流程是什么？,4477,YES
2026-06-16 11:06:26,公司的采购与关联交易情况如何？,2937,YES
2026-06-16 11:06:27,公司的技术创新机制是什么？,1739,YES
2026-06-16 11:06:27,公司的主要销售模式是什么？,1118,YES
2026-06-16 11:06:28,公司的产品开发流程是什么？,1688,YES
2026-06-16 11:06:28,公司的主要销售模式是什么？,1693,YES
2026-06-16 11:06:28,公司的技术创新机制是什么？,3545,YES
2026-06-16 11:06:28,公司的主要销售模式是什么？,1590,YES
2026-06-16 11:06:29,公司的主要业务是什么？,844,YES
2026-06-16 11:06:29,公司的技术创新机制是什么？,1180,YES
2026-06-16 11:06:29,公司的主要业务是什么？,921,YES
2026-06-16 11:06:29,公司的采购与关联交易情况如何？,932,YES
2026-06-16 11:06:30,公司的采购与关联交易情况如何？,654,YES
2026-06-16 11:06:30,公司的技术创新机制是什么？,919,YES
2026-06-16 11:06:30,公司的产品开发流程是什么？,916,YES
2026-06-16 11:06:31,公司的产品开发流程是什么？,1223,YES
2026-06-16 11:06:31,公司的采购与关联交易情况如何？,771,YES
2026-06-16 11:06:31,公司的采购与关联交易情况如何？,1169,YES
2026-06-16 11:06:32,公司的技术实力如何？,1231,YES
2026-06-16 11:06:32,公司的主要业务是什么？,1330,YES
2026-06-16 11:06:32,公司的产品开发流程是什么？,2064,YES
2026-06-16 11:06:33,公司的技术实力如何？,1709,YES
2026-06-16 11:06:33,公司的主要业务是什么？,1201,YES
2026-06-16 11:06:33,公司的采购与关联交易情况如何？,1243,YES
2026-06-16 11:06:34,公司的技术创新机制是什么？,1050,YES
2026-06-16 11:06:34,公司的技术创新机制是什么？,1954,YES
2026-06-16 11:06:35,公司的主要业务是什么？,1420,YES
2026-06-16 11:06:35,公司的技术创新机制是什么？,1958,YES
2026-06-16 11:06:36,公司的业务运营模式是什么？,1817,YES
2026-06-16 11:06:36,公司的业务运营模式是什么？,1519,YES
2026-06-16 11:06:36,公司的主要业务是什么？,1960,YES
2026-06-16 11:06:36,公司的技术实力如何？,1069,YES
2026-06-16 11:06:36,公司的主要业务是什么？,822,YES
2026-06-16 11:06:37,公司的技术实力如何？,986,YES
2026-06-16 11:06:37,这个文档主要讲什么内容？,221,YES
2026-06-16 11:06:37,公司的采购与关联交易情况如何？,660,YES
2026-06-16 11:06:37,这个文档主要讲什么内容？,290,YES
2026-06-16 11:06:38,公司的采购与关联交易情况如何？,238,YES
2026-06-16 11:06:38,公司的采购与关联交易情况如何？,1181,YES
2026-06-16 11:06:38,公司的技术实力如何？,781,YES
2026-06-16 11:06:38,公司的技术实力如何？,207,YES
2026-06-16 11:06:39,公司的技术实力如何？,585,YES
2026-06-16 11:06:39,公司的业务运营模式是什么？,161,YES
2026-06-16 11:06:39,公司的主要业务是什么？,151,YES
2026-06-16 11:06:39,公司的主要业务是什么？,136,YES
2026-06-16 11:06:39,公司的主要销售模式是什么？,175,YES
2026-06-16 11:06:40,公司的业务运营模式是什么？,775,YES
2026-06-16 11:06:41,公司的业务运营模式是什么？,1302,YES
2026-06-16 11:06:42,公司的主要销售模式是什么？,2033,YES
2026-06-16 11:06:42,公司的业务运营模式是什么？,1849,YES
2026-06-16 11:06:42,公司的技术实力如何？,1525,YES
2026-06-16 11:06:42,这个文档主要讲什么内容？,995,YES
2026-06-16 11:06:42,公司的主要业务是什么？,1428,YES
2026-06-16 11:06:43,公司的产品开发流程是什么？,2093,YES
2026-06-16 11:06:43,公司的技术实力如何？,1504,YES
2026-06-16 11:06:43,公司的业务运营模式是什么？,1422,YES
2026-06-16 11:06:43,这个文档主要讲什么内容？,155,YES
2026-06-16 11:06:43,这个文档主要讲什么内容？,131,YES
2026-06-16 11:06:43,这个文档主要讲什么内容？,244,YES
2026-06-16 11:06:44,公司的主要销售模式是什么？,189,YES
2026-06-16 11:06:44,公司的产品开发流程是什么？,677,YES
2026-06-16 11:06:44,公司的技术创新机制是什么？,763,YES
2026-06-16 11:06:45,公司的技术实力如何？,175,YES
2026-06-16 11:06:45,公司的业务运营模式是什么？,168,YES
2026-06-16 11:06:45,这个文档主要讲什么内容？,151,YES
2026-06-16 11:06:45,公司的主要销售模式是什么？,446,YES
2026-06-16 11:06:45,公司的主要销售模式是什么？,663,YES
2026-06-16 11:06:46,公司的业务运营模式是什么？,444,YES
2026-06-16 11:06:46,公司的技术创新机制是什么？,1194,YES
2026-06-16 11:06:46,这个文档主要讲什么内容？,418,YES
2026-06-16 11:06:47,公司的产品开发流程是什么？,1613,YES
2026-06-16 11:06:47,公司的主要销售模式是什么？,1251,YES
2026-06-16 11:06:48,公司的采购与关联交易情况如何？,1473,YES
2026-06-16 11:06:49,公司的主要销售模式是什么？,1864,YES
2026-06-16 11:06:49,公司的产品开发流程是什么？,1893,YES
2026-06-16 11:06:50,公司的业务运营模式是什么？,2127,YES
2026-06-16 11:06:50,公司的产品开发流程是什么？,1666,YES
2026-06-16 11:06:50,公司的主要销售模式是什么？,1304,YES
2026-06-16 11:06:50,公司的主要业务是什么？,1355,YES
2026-06-16 11:06:50,这个文档主要讲什么内容？,1409,YES
2026-06-16 11:06:50,公司的技术创新机制是什么？,1763,YES
2026-06-16 11:06:51,公司的采购与关联交易情况如何？,2071,YES
2026-06-16 11:06:51,这个文档主要讲什么内容？,464,YES
2026-06-16 11:06:52,公司的产品开发流程是什么？,1914,YES
2026-06-16 11:06:53,公司的技术创新机制是什么？,1395,YES
2026-06-16 11:06:53,公司的产品开发流程是什么？,2414,YES
2026-06-16 11:06:54,公司的技术实力如何？,1833,YES
2026-06-16 11:06:54,公司的主要业务是什么？,1883,YES
2026-06-16 11:06:54,公司的主要销售模式是什么？,1939,YES
2026-06-16 11:06:56,公司的产品开发流程是什么？,2794,YES
2026-06-16 11:06:56,公司的技术创新机制是什么？,4018,YES
2026-06-16 11:06:56,公司的主要销售模式是什么？,2849,YES
2026-06-16 11:06:57,公司的采购与关联交易情况如何？,3252,YES
2026-06-16 11:06:57,公司的采购与关联交易情况如何？,2992,YES
2026-06-16 11:06:58,公司的技术创新机制是什么？,4349,YES
2026-06-16 11:06:59,公司的技术创新机制是什么？,3996,YES
2026-06-16 11:06:59,公司的业务运营模式是什么？,3826,YES
2026-06-16 11:06:59,公司的技术实力如何？,2446,YES
2026-06-16 11:06:59,公司的产品开发流程是什么？,3588,YES
2026-06-16 11:07:00,公司的采购与关联交易情况如何？,2925,YES
2026-06-16 11:07:01,公司的主要业务是什么？,2450,YES
2026-06-16 11:07:01,公司的技术创新机制是什么？,3890,YES
2026-06-16 11:07:01,公司的主要业务是什么？,2594,YES
2026-06-16 11:07:01,这个文档主要讲什么内容？,1360,YES
2026-06-16 11:07:02,公司的采购与关联交易情况如何？,978,YES
2026-06-16 11:07:02,公司的业务运营模式是什么？,966,YES
2026-06-16 11:07:02,公司的产品开发流程是什么？,3115,YES
2026-06-16 11:07:03,公司的采购与关联交易情况如何？,1978,YES
2026-06-16 11:07:03,公司的技术创新机制是什么？,956,YES
2026-06-16 11:07:04,公司的主要业务是什么？,1168,YES
2026-06-16 11:07:04,这个文档主要讲什么内容？,764,YES
2026-06-16 11:07:04,公司的采购与关联交易情况如何？,1112,YES
2026-06-16 11:07:04,公司的技术实力如何？,446,YES
2026-06-16 11:07:04,公司的主要销售模式是什么？,330,YES
2026-06-16 11:07:04,公司的主要业务是什么？,487,YES
2026-06-16 11:07:04,公司的技术实力如何？,159,YES
2026-06-16 11:07:05,公司的技术创新机制是什么？,491,YES
2026-06-16 11:07:06,公司的采购与关联交易情况如何？,662,YES
2026-06-16 11:07:06,公司的主要业务是什么？,820,YES
2026-06-16 11:07:06,公司的技术实力如何？,833,YES
2026-06-16 11:07:06,公司的产品开发流程是什么？,1055,YES
2026-06-16 11:07:07,公司的技术实力如何？,1033,YES
2026-06-16 11:07:07,公司的采购与关联交易情况如何？,1495,YES
2026-06-16 11:07:07,公司的主要业务是什么？,1137,YES
2026-06-16 11:07:08,公司的业务运营模式是什么？,1828,YES
2026-06-16 11:07:08,公司的主要销售模式是什么？,1393,YES
2026-06-16 11:07:08,公司的业务运营模式是什么？,1052,YES
2026-06-16 11:07:08,公司的主要业务是什么？,1240,YES
2026-06-16 11:07:09,公司的技术创新机制是什么？,1356,YES
2026-06-16 11:07:09,公司的业务运营模式是什么？,233,YES
2026-06-16 11:07:10,公司的技术实力如何？,1985,YES
2026-06-16 11:07:10,公司的主要业务是什么？,699,YES
2026-06-16 11:07:10,公司的业务运营模式是什么？,212,YES
2026-06-16 11:07:10,公司的技术实力如何？,495,YES
2026-06-16 11:07:11,公司的技术实力如何？,558,YES
2026-06-16 11:07:11,这个文档主要讲什么内容？,464,YES
2026-06-16 11:07:11,这个文档主要讲什么内容？,204,YES
2026-06-16 11:07:12,公司的采购与关联交易情况如何？,556,YES
2026-06-16 11:07:12,这个文档主要讲什么内容？,563,YES
2026-06-16 11:07:12,这个文档主要讲什么内容？,548,YES
2026-06-16 11:07:12,公司的业务运营模式是什么？,483,YES
2026-06-16 11:07:12,公司的产品开发流程是什么？,2304,YES
2026-06-16 11:07:12,公司的技术实力如何？,514,YES
2026-06-16 11:07:13,公司的业务运营模式是什么？,597,YES
2026-06-16 11:07:13,公司的主要销售模式是什么？,230,YES
2026-06-16 11:07:13,公司的主要销售模式是什么？,601,YES
2026-06-16 11:07:14,公司的主要业务是什么？,951,YES
2026-06-16 11:07:14,公司的主要销售模式是什么？,1196,YES
2026-06-16 11:07:15,公司的业务运营模式是什么？,1259,YES
2026-06-16 11:07:15,这个文档主要讲什么内容？,1366,YES
2026-06-16 11:07:16,公司的主要销售模式是什么？,1548,YES
2026-06-16 11:07:16,这个文档主要讲什么内容？,1557,YES
2026-06-16 11:07:16,公司的技术创新机制是什么？,2513,YES
2026-06-16 11:07:17,公司的产品开发流程是什么？,3079,YES
2026-06-16 11:07:18,公司的业务运营模式是什么？,3470,YES
2026-06-16 11:07:18,公司的产品开发流程是什么？,3087,YES
2026-06-16 11:07:18,这个文档主要讲什么内容？,2715,YES
2026-06-16 11:07:19,公司的产品开发流程是什么？,3358,YES
2026-06-16 11:07:19,公司的技术实力如何？,2658,YES
2026-06-16 11:07:19,公司的主要销售模式是什么？,1845,YES
2026-06-16 11:07:19,公司的主要销售模式是什么？,1633,YES
2026-06-16 11:07:19,公司的采购与关联交易情况如何？,1435,YES
2026-06-16 11:07:20,公司的产品开发流程是什么？,2388,YES
2026-06-16 11:07:20,这个文档主要讲什么内容？,650,YES
2026-06-16 11:07:20,公司的技术创新机制是什么？,1303,YES
2026-06-16 11:07:22,公司的技术创新机制是什么？,1514,YES
2026-06-16 11:07:22,公司的业务运营模式是什么？,1869,YES
2026-06-16 11:07:23,公司的主要业务是什么？,1661,YES
2026-06-16 11:07:23,公司的主要销售模式是什么？,1776,YES
2026-06-16 11:07:24,公司的技术创新机制是什么？,2376,YES
2026-06-16 11:07:24,公司的主要销售模式是什么？,2352,YES
2026-06-16 11:07:24,公司的产品开发流程是什么？,2952,YES
2026-06-16 11:07:25,公司的产品开发流程是什么？,2880,YES
2026-06-16 11:07:26,公司的采购与关联交易情况如何？,2444,YES
2026-06-16 11:07:26,这个文档主要讲什么内容？,1433,YES
2026-06-16 11:07:26,公司的技术创新机制是什么？,3174,YES
2026-06-16 11:07:26,公司的采购与关联交易情况如何？,1742,YES
2026-06-16 11:07:27,公司的技术实力如何？,1274,YES
2026-06-16 11:07:27,公司的产品开发流程是什么？,2157,YES
2026-06-16 11:07:27,公司的采购与关联交易情况如何？,796,YES
2026-06-16 11:07:27,公司的技术创新机制是什么？,1445,YES
2026-06-16 11:07:28,公司的技术创新机制是什么？,1689,YES
2026-06-16 11:07:28,公司的主要业务是什么？,827,YES
2026-06-16 11:07:28,公司的产品开发流程是什么？,1561,YES
2026-06-16 11:07:29,公司的采购与关联交易情况如何？,831,YES
2026-06-16 11:07:29,公司的主要销售模式是什么？,1291,YES
2026-06-16 11:07:29,公司的主要业务是什么？,1043,YES
2026-06-16 11:07:29,公司的业务运营模式是什么？,532,YES
2026-06-16 11:07:30,公司的主要业务是什么？,743,YES
2026-06-16 11:07:30,公司的技术创新机制是什么？,2035,YES
2026-06-16 11:07:31,公司的采购与关联交易情况如何？,1135,YES
2026-06-16 11:07:31,公司的技术实力如何？,910,YES
2026-06-16 11:07:31,公司的技术实力如何？,242,YES
2026-06-16 11:07:31,公司的产品开发流程是什么？,879,YES
2026-06-16 11:07:32,公司的主要业务是什么？,889,YES
2026-06-16 11:07:32,这个文档主要讲什么内容？,606,YES
2026-06-16 11:07:32,公司的采购与关联交易情况如何？,226,YES
2026-06-16 11:07:32,公司的技术创新机制是什么？,1210,YES
2026-06-16 11:07:32,公司的技术实力如何？,135,YES
2026-06-16 11:07:33,公司的主要业务是什么？,185,YES
2026-06-16 11:07:33,公司的主要业务是什么？,236,YES
2026-06-16 11:07:35,公司的业务运营模式是什么？,1334,YES
2026-06-16 11:07:35,公司的主要销售模式是什么？,1484,YES
2026-06-16 11:07:35,公司的技术实力如何？,1637,YES
2026-06-16 11:07:36,公司的技术创新机制是什么？,2405,YES
2026-06-16 11:07:36,公司的业务运营模式是什么？,2607,YES
2026-06-16 11:07:37,公司的技术实力如何？,1897,YES
2026-06-16 11:07:37,公司的采购与关联交易情况如何？,2268,YES
2026-06-16 11:07:37,公司的技术实力如何？,1934,YES
2026-06-16 11:07:38,公司的业务运营模式是什么？,2744,YES
2026-06-16 11:07:39,公司的产品开发流程是什么？,1932,YES
2026-06-16 11:07:39,公司的业务运营模式是什么？,2121,YES
2026-06-16 11:07:39,这个文档主要讲什么内容？,1679,YES
2026-06-16 11:07:39,这个文档主要讲什么内容？,1401,YES
2026-06-16 11:07:39,公司的采购与关联交易情况如何？,490,YES
2026-06-16 11:07:40,公司的主要业务是什么？,763,YES
2026-06-16 11:07:40,公司的业务运营模式是什么？,191,YES
2026-06-16 11:07:40,公司的业务运营模式是什么？,139,YES
2026-06-16 11:07:40,这个文档主要讲什么内容？,152,YES
2026-06-16 11:07:41,公司的技术创新机制是什么？,833,YES
2026-06-16 11:07:42,公司的主要销售模式是什么？,1100,YES
2026-06-16 11:07:42,这个文档主要讲什么内容？,854,YES
2026-06-16 11:07:42,公司的技术实力如何？,538,YES
2026-06-16 11:07:42,这个文档主要讲什么内容？,550,YES
2026-06-16 11:07:42,公司的主要业务是什么？,826,YES
2026-06-16 11:07:43,这个文档主要讲什么内容？,605,YES
2026-06-16 11:07:43,公司的采购与关联交易情况如何？,217,YES
2026-06-16 11:07:43,公司的主要销售模式是什么？,955,YES
2026-06-16 11:07:43,公司的主要销售模式是什么？,216,YES
2026-06-16 11:07:44,公司的主要销售模式是什么？,968,YES
2026-06-16 11:07:44,公司的主要销售模式是什么？,147,YES
2026-06-16 11:07:44,公司的主要销售模式是什么？,233,YES
2026-06-16 11:07:45,公司的业务运营模式是什么？,817,YES
2026-06-16 11:07:45,公司的主要业务是什么？,602,YES
2026-06-16 11:07:45,公司的技术实力如何？,611,YES
2026-06-16 11:07:46,公司的产品开发流程是什么？,1468,YES
2026-06-16 11:07:46,公司的产品开发流程是什么？,1219,YES
2026-06-16 11:07:47,公司的产品开发流程是什么？,1677,YES
2026-06-16 11:07:47,公司的产品开发流程是什么？,1706,YES
2026-06-16 11:07:48,公司的产品开发流程是什么？,2238,YES
2026-06-16 11:07:48,这个文档主要讲什么内容？,1529,YES
2026-06-16 11:07:48,公司的产品开发流程是什么？,2104,YES
2026-06-16 11:07:49,公司的业务运营模式是什么？,1065,YES
2026-06-16 11:07:49,公司的技术实力如何？,1033,YES
2026-06-16 11:07:49,公司的技术创新机制是什么？,1839,YES
2026-06-16 11:07:50,公司的技术创新机制是什么？,670,YES
2026-06-16 11:07:50,公司的技术创新机制是什么？,739,YES
2026-06-16 11:07:51,公司的技术创新机制是什么？,1020,YES
2026-06-16 11:07:52,公司的技术创新机制是什么？,2101,YES
2026-06-16 11:07:52,公司的技术创新机制是什么？,1326,YES
2026-06-16 11:07:52,公司的主要销售模式是什么？,1277,YES
2026-06-16 11:07:52,这个文档主要讲什么内容？,523,YES
2026-06-16 11:07:53,公司的采购与关联交易情况如何？,1617,YES
2026-06-16 11:07:53,公司的采购与关联交易情况如何？,1120,YES
2026-06-16 11:07:53,公司的业务运营模式是什么？,1126,YES
2026-06-16 11:07:53,公司的采购与关联交易情况如何？,917,YES
2026-06-16 11:07:54,公司的采购与关联交易情况如何？,794,YES
2026-06-16 11:07:54,公司的采购与关联交易情况如何？,751,YES
2026-06-16 11:07:54,公司的采购与关联交易情况如何？,856,YES
2026-06-16 11:07:55,公司的主要销售模式是什么？,1112,YES
2026-06-16 11:07:56,公司的主要业务是什么？,1818,YES
2026-06-16 11:07:56,这个文档主要讲什么内容？,1541,YES
2026-06-16 11:07:57,公司的主要业务是什么？,1759,YES
2026-06-16 11:07:57,公司的主要业务是什么？,2303,YES
2026-06-16 11:07:58,公司的主要业务是什么？,2537,YES
2026-06-16 11:07:58,公司的主要业务是什么？,2544,YES
2026-06-16 11:07:59,公司的产品开发流程是什么？,5780,YES
2026-06-16 11:07:59,公司的主要业务是什么？,3635,YES
2026-06-16 11:07:59,公司的主要销售模式是什么？,2299,YES
2026-06-16 11:08:00,公司的产品开发流程是什么？,2820,YES
2026-06-16 11:08:00,公司的技术实力如何？,2420,YES
2026-06-16 11:08:00,公司的技术实力如何？,891,YES
2026-06-16 11:08:00,公司的技术实力如何？,1117,YES
2026-06-16 11:08:00,公司的技术实力如何？,1049,YES
2026-06-16 11:08:01,公司的技术实力如何？,1429,YES
2026-06-16 11:08:03,公司的技术创新机制是什么？,1384,YES
2026-06-16 11:08:03,公司的业务运营模式是什么？,1127,YES
2026-06-16 11:08:04,公司的业务运营模式是什么？,2100,YES
2026-06-16 11:08:04,公司的技术实力如何？,2026,YES
2026-06-16 11:08:04,公司的业务运营模式是什么？,2391,YES
2026-06-16 11:08:05,公司的业务运营模式是什么？,3025,YES
2026-06-16 11:08:05,公司的技术创新机制是什么？,3270,YES
2026-06-16 11:08:06,公司的产品开发流程是什么？,3471,YES
2026-06-16 11:08:06,公司的采购与关联交易情况如何？,2207,YES
2026-06-16 11:08:06,这个文档主要讲什么内容？,1207,YES
2026-06-16 11:08:06,这个文档主要讲什么内容？,1113,YES
2026-06-16 11:08:06,公司的业务运营模式是什么？,215,YES
2026-06-16 11:08:07,公司的业务运营模式是什么？,4074,YES
2026-06-16 11:08:07,这个文档主要讲什么内容？,145,YES
2026-06-16 11:08:07,这个文档主要讲什么内容？,126,YES
2026-06-16 11:08:08,公司的主要业务是什么？,606,YES
2026-06-16 11:08:10,公司的技术创新机制是什么？,1794,YES
2026-06-16 11:08:10,公司的主要销售模式是什么？,2070,YES
2026-06-16 11:08:11,公司的主要销售模式是什么？,1918,YES
2026-06-16 11:08:11,公司的采购与关联交易情况如何？,2690,YES
2026-06-16 11:08:11,这个文档主要讲什么内容？,2181,YES
2026-06-16 11:08:11,公司的主要销售模式是什么？,2266,YES
2026-06-16 11:08:11,这个文档主要讲什么内容？,2224,YES
2026-06-16 11:08:11,公司的技术实力如何？,1578,YES
2026-06-16 11:08:12,公司的主要销售模式是什么？,2660,YES
2026-06-16 11:08:13,公司的主要销售模式是什么？,732,YES
2026-06-16 11:08:13,公司的采购与关联交易情况如何？,707,YES
2026-06-16 11:08:13,公司的产品开发流程是什么？,1511,YES
2026-06-16 11:08:14,公司的产品开发流程是什么？,1481,YES
2026-06-16 11:08:14,公司的业务运营模式是什么？,1553,YES
2026-06-16 11:08:14,公司的产品开发流程是什么？,1746,YES
2026-06-16 11:08:15,公司的主要业务是什么？,1576,YES
2026-06-16 11:08:16,公司的主要销售模式是什么？,2004,YES
2026-06-16 11:08:16,公司的产品开发流程是什么？,2196,YES
2026-06-16 11:08:16,公司的主要业务是什么？,1880,YES
2026-06-16 11:08:16,这个文档主要讲什么内容？,219,YES
2026-06-16 11:08:17,公司的产品开发流程是什么？,2650,YES
2026-06-16 11:08:18,公司的技术创新机制是什么？,1396,YES
2026-06-16 11:08:18,公司的技术创新机制是什么？,1831,YES
2026-06-16 11:08:19,公司的技术实力如何？,1786,YES
2026-06-16 11:08:19,公司的产品开发流程是什么？,2073,YES
2026-06-16 11:08:20,公司的技术创新机制是什么？,2475,YES
2026-06-16 11:08:20,公司的主要销售模式是什么？,2589,YES
2026-06-16 11:08:20,公司的技术创新机制是什么？,3327,YES
2026-06-16 11:08:21,公司的技术实力如何？,1972,YES
2026-06-16 11:08:21,公司的采购与关联交易情况如何？,1606,YES
2026-06-16 11:08:21,公司的采购与关联交易情况如何？,567,YES
2026-06-16 11:08:21,公司的技术创新机制是什么？,3302,YES
2026-06-16 11:08:22,公司的业务运营模式是什么？,160,YES
2026-06-16 11:08:22,公司的技术创新机制是什么？,825,YES
2026-06-16 11:08:23,公司的采购与关联交易情况如何？,653,YES
2026-06-16 11:08:23,公司的业务运营模式是什么？,959,YES
2026-06-16 11:08:24,公司的产品开发流程是什么？,1403,YES
2026-06-16 11:08:24,公司的采购与关联交易情况如何？,1458,YES
2026-06-16 11:08:24,公司的主要业务是什么？,1438,YES
2026-06-16 11:08:25,这个文档主要讲什么内容？,966,YES
2026-06-16 11:08:25,公司的主要业务是什么？,747,YES
2026-06-16 11:08:25,公司的采购与关联交易情况如何？,215,YES
2026-06-16 11:08:25,公司的采购与关联交易情况如何？,2028,YES
2026-06-16 11:08:25,公司的主要业务是什么？,318,YES
2026-06-16 11:08:25,这个文档主要讲什么内容？,280,YES
2026-06-16 11:08:26,公司的技术实力如何？,156,YES
2026-06-16 11:08:26,公司的技术实力如何？,130,YES
2026-06-16 11:08:26,公司的主要业务是什么？,339,YES
2026-06-16 11:08:27,公司的主要销售模式是什么？,714,YES
2026-06-16 11:08:28,公司的主要业务是什么？,895,YES
2026-06-16 11:08:28,公司的主要业务是什么？,967,YES
2026-06-16 11:08:28,公司的技术创新机制是什么？,1289,YES
2026-06-16 11:08:28,公司的技术实力如何？,820,YES
2026-06-16 11:08:28,公司的主要销售模式是什么？,717,YES
2026-06-16 11:08:28,公司的技术实力如何？,749,YES
2026-06-16 11:08:28,公司的业务运营模式是什么？,707,YES
2026-06-16 11:08:29,公司的技术实力如何？,184,YES
2026-06-16 11:08:29,公司的业务运营模式是什么？,905,YES
2026-06-16 11:08:30,这个文档主要讲什么内容？,216,YES
2026-06-16 11:08:30,公司的业务运营模式是什么？,971,YES
2026-06-16 11:08:31,公司的产品开发流程是什么？,724,YES
2026-06-16 11:08:31,公司的产品开发流程是什么？,915,YES
2026-06-16 11:08:32,公司的采购与关联交易情况如何？,1699,YES
2026-06-16 11:08:32,公司的业务运营模式是什么？,1695,YES
2026-06-16 11:08:32,公司的技术实力如何？,1706,YES
2026-06-16 11:08:32,这个文档主要讲什么内容？,1278,YES
2026-06-16 11:08:32,公司的业务运营模式是什么？,290,YES
2026-06-16 11:08:33,公司的技术创新机制是什么？,786,YES
2026-06-16 11:08:34,公司的技术创新机制是什么？,1199,YES
2026-06-16 11:08:34,这个文档主要讲什么内容？,929,YES
2026-06-16 11:08:34,公司的业务运营模式是什么？,528,YES
2026-06-16 11:08:34,这个文档主要讲什么内容？,621,YES
2026-06-16 11:08:34,公司的主要销售模式是什么？,1649,YES
2026-06-16 11:08:34,公司的主要销售模式是什么？,178,YES
2026-06-16 11:08:35,这个文档主要讲什么内容？,143,YES
2026-06-16 11:08:35,公司的主要业务是什么？,150,YES
2026-06-16 11:08:36,公司的采购与关联交易情况如何？,488,YES
2026-06-16 11:08:36,公司的主要销售模式是什么？,161,YES
2026-06-16 11:08:37,公司的采购与关联交易情况如何？,674,YES
2026-06-16 11:08:37,公司的产品开发流程是什么？,965,YES
2026-06-16 11:08:37,这个文档主要讲什么内容？,486,YES
2026-06-16 11:08:37,公司的技术实力如何？,959,YES
2026-06-16 11:08:38,公司的主要销售模式是什么？,1477,YES
2026-06-16 11:08:39,公司的主要业务是什么？,1471,YES
2026-06-16 11:08:39,公司的主要销售模式是什么？,1343,YES
2026-06-16 11:08:40,公司的产品开发流程是什么？,2608,YES
2026-06-16 11:08:40,公司的主要业务是什么？,2548,YES
2026-06-16 11:08:41,公司的技术创新机制是什么？,2852,YES
2026-06-16 11:08:41,公司的主要销售模式是什么？,2021,YES
2026-06-16 11:08:42,公司的业务运营模式是什么？,1244,YES
2026-06-16 11:08:42,公司的技术实力如何？,1381,YES
2026-06-16 11:08:43,公司的产品开发流程是什么？,2060,YES
2026-06-16 11:08:43,公司的产品开发流程是什么？,6424,YES
2026-06-16 11:08:43,公司的技术实力如何？,1566,YES
2026-06-16 11:08:44,公司的产品开发流程是什么？,1852,YES
2026-06-16 11:08:44,公司的采购与关联交易情况如何？,1180,YES
2026-06-16 11:08:44,公司的技术创新机制是什么？,2074,YES
2026-06-16 11:08:45,公司的技术创新机制是什么？,1763,YES
2026-06-16 11:08:46,公司的产品开发流程是什么？,2421,YES
2026-06-16 11:08:46,这个文档主要讲什么内容？,1344,YES
2026-06-16 11:08:46,公司的业务运营模式是什么？,2818,YES
2026-06-16 11:08:47,公司的业务运营模式是什么？,1973,YES
2026-06-16 11:08:47,公司的主要业务是什么？,1570,YES
2026-06-16 11:08:48,公司的技术创新机制是什么？,2447,YES
2026-06-16 11:08:48,公司的技术创新机制是什么？,2205,YES
2026-06-16 11:08:48,公司的采购与关联交易情况如何？,1442,YES
2026-06-16 11:08:48,公司的主要销售模式是什么？,1375,YES
2026-06-16 11:08:49,公司的技术创新机制是什么？,951,YES
2026-06-16 11:08:49,这个文档主要讲什么内容？,1030,YES
2026-06-16 11:08:49,公司的采购与关联交易情况如何？,2279,YES
2026-06-16 11:08:50,这个文档主要讲什么内容？,816,YES
2026-06-16 11:08:50,公司的技术实力如何？,623,YES
2026-06-16 11:08:50,公司的采购与关联交易情况如何？,494,YES
2026-06-16 11:08:50,公司的采购与关联交易情况如何？,1113,YES
2026-06-16 11:08:51,公司的主要销售模式是什么？,616,YES
2026-06-16 11:08:52,公司的主要业务是什么？,712,YES
2026-06-16 11:08:52,公司的采购与关联交易情况如何？,953,YES
2026-06-16 11:08:53,公司的产品开发流程是什么？,1539,YES
2026-06-16 11:08:53,公司的主要业务是什么？,865,YES
2026-06-16 11:08:53,公司的主要业务是什么？,525,YES
2026-06-16 11:08:54,公司的业务运营模式是什么？,1057,YES
2026-06-16 11:08:54,公司的主要销售模式是什么？,1573,YES
2026-06-16 11:08:54,公司的技术实力如何？,1013,YES
2026-06-16 11:08:54,公司的主要业务是什么？,900,YES
2026-06-16 11:08:54,公司的技术实力如何？,307,YES
2026-06-16 11:08:55,公司的产品开发流程是什么？,1628,YES
2026-06-16 11:08:55,这个文档主要讲什么内容？,214,YES
2026-06-16 11:08:55,公司的技术实力如何？,283,YES
2026-06-16 11:08:56,公司的技术创新机制是什么？,1225,YES
2026-06-16 11:08:56,公司的产品开发流程是什么？,1204,YES
2026-06-16 11:08:56,公司的业务运营模式是什么？,922,YES
2026-06-16 11:08:57,公司的业务运营模式是什么？,1120,YES
2026-06-16 11:08:57,公司的主要业务是什么？,1600,YES
2026-06-16 11:08:57,公司的技术实力如何？,218,YES
2026-06-16 11:08:58,公司的主要销售模式是什么？,854,YES
2026-06-16 11:08:59,公司的技术创新机制是什么？,1454,YES
2026-06-16 11:08:59,公司的采购与关联交易情况如何？,871,YES
2026-06-16 11:08:59,这个文档主要讲什么内容？,800,YES
2026-06-16 11:08:59,公司的业务运营模式是什么？,708,YES
2026-06-16 11:08:59,公司的业务运营模式是什么？,691,YES
2026-06-16 11:08:59,公司的技术实力如何？,796,YES
2026-06-16 11:08:59,这个文档主要讲什么内容？,684,YES
2026-06-16 11:09:00,公司的技术创新机制是什么？,1715,YES
2026-06-16 11:09:00,这个文档主要讲什么内容？,150,YES
2026-06-16 11:09:01,公司的采购与关联交易情况如何？,647,YES
2026-06-16 11:09:02,公司的产品开发流程是什么？,762,YES
2026-06-16 11:09:03,公司的主要业务是什么？,1764,YES
2026-06-16 11:09:03,公司的主要销售模式是什么？,2005,YES
2026-06-16 11:09:03,这个文档主要讲什么内容？,1234,YES
2026-06-16 11:09:04,公司的业务运营模式是什么？,1250,YES
2026-06-16 11:09:04,公司的主要销售模式是什么？,1069,YES
2026-06-16 11:09:04,公司的主要销售模式是什么？,2984,YES
2026-06-16 11:09:06,公司的采购与关联交易情况如何？,2704,YES
2026-06-16 11:09:06,公司的技术创新机制是什么？,2563,YES
2026-06-16 11:09:06,公司的主要销售模式是什么？,2240,YES
2026-06-16 11:09:07,公司的主要业务是什么？,2850,YES
2026-06-16 11:09:07,这个文档主要讲什么内容？,2091,YES
2026-06-16 11:09:08,公司的产品开发流程是什么？,3559,YES
2026-06-16 11:09:08,公司的产品开发流程是什么？,2748,YES
2026-06-16 11:09:08,公司的技术实力如何？,2912,YES
2026-06-16 11:09:09,公司的产品开发流程是什么？,2509,YES
2026-06-16 11:09:09,公司的主要业务是什么？,1394,YES
2026-06-16 11:09:10,公司的采购与关联交易情况如何？,2630,YES
2026-06-16 11:09:11,公司的产品开发流程是什么？,2427,YES
2026-06-16 11:09:11,公司的技术创新机制是什么？,2207,YES
2026-06-16 11:09:12,公司的主要销售模式是什么？,1792,YES
2026-06-16 11:09:13,公司的业务运营模式是什么？,3641,YES
2026-06-16 11:09:13,公司的技术实力如何？,3289,YES
2026-06-16 11:09:14,公司的技术创新机制是什么？,2503,YES
2026-06-16 11:09:15,公司的技术实力如何？,2945,YES
2026-06-16 11:09:15,公司的主要业务是什么？,2877,YES
2026-06-16 11:09:15,公司的技术创新机制是什么？,4353,YES
2026-06-16 11:09:15,公司的采购与关联交易情况如何？,1015,YES
2026-06-16 11:09:16,公司的业务运营模式是什么？,1460,YES
2026-06-16 11:09:16,公司的技术创新机制是什么？,4234,YES
2026-06-16 11:09:17,这个文档主要讲什么内容？,1941,YES
2026-06-16 11:09:17,公司的技术实力如何？,1396,YES
2026-06-16 11:09:17,公司的产品开发流程是什么？,2791,YES
2026-06-16 11:09:18,公司的采购与关联交易情况如何？,1682,YES
2026-06-16 11:09:18,公司的主要业务是什么？,543,YES
2026-06-16 11:09:18,公司的业务运营模式是什么？,1678,YES
2026-06-16 11:09:19,公司的主要销售模式是什么？,786,YES
2026-06-16 11:09:19,公司的采购与关联交易情况如何？,1099,YES
2026-06-16 11:09:19,这个文档主要讲什么内容？,153,YES
2026-06-16 11:09:20,公司的采购与关联交易情况如何？,528,YES
2026-06-16 11:09:20,公司的主要业务是什么？,219,YES
2026-06-16 11:09:20,公司的业务运营模式是什么？,606,YES
2026-06-16 11:09:21,公司的主要业务是什么？,734,YES
2026-06-16 11:09:21,这个文档主要讲什么内容？,522,YES
2026-06-16 11:09:22,公司的产品开发流程是什么？,1041,YES
2026-06-16 11:09:22,公司的技术实力如何？,806,YES
2026-06-16 11:09:22,公司的技术实力如何？,670,YES
2026-06-16 11:09:22,公司的技术创新机制是什么？,1826,YES
2026-06-16 11:09:23,这个文档主要讲什么内容？,223,YES
2026-06-16 11:09:23,公司的主要销售模式是什么？,1821,YES
2026-06-16 11:09:24,公司的主要业务是什么？,911,YES
2026-06-16 11:09:24,公司的技术创新机制是什么？,1213,YES
2026-06-16 11:09:24,公司的主要销售模式是什么？,903,YES
2026-06-16 11:09:24,公司的技术实力如何？,1433,YES
2026-06-16 11:09:25,公司的业务运营模式是什么？,664,YES
2026-06-16 11:09:25,公司的主要销售模式是什么？,437,YES
2026-06-16 11:09:25,公司的采购与关联交易情况如何？,1849,YES
2026-06-16 11:09:25,公司的业务运营模式是什么？,598,YES
2026-06-16 11:09:27,公司的产品开发流程是什么？,1051,YES
2026-06-16 11:09:28,公司的产品开发流程是什么？,1544,YES
2026-06-16 11:09:28,这个文档主要讲什么内容？,1275,YES
2026-06-16 11:09:28,公司的技术实力如何？,1082,YES
2026-06-16 11:09:28,公司的产品开发流程是什么？,1791,YES
2026-06-16 11:09:28,公司的主要业务是什么？,1437,YES
2026-06-16 11:09:29,这个文档主要讲什么内容？,1193,YES
2026-06-16 11:09:29,公司的采购与关联交易情况如何？,1553,YES
2026-06-16 11:09:29,公司的业务运营模式是什么？,1973,YES
2026-06-16 11:09:30,公司的技术创新机制是什么？,1367,YES
2026-06-16 11:09:30,公司的技术创新机制是什么？,948,YES
2026-06-16 11:09:30,公司的主要销售模式是什么？,371,YES
2026-06-16 11:09:30,公司的业务运营模式是什么？,460,YES
2026-06-16 11:09:31,公司的主要业务是什么？,770,YES
2026-06-16 11:09:32,公司的技术创新机制是什么？,1749,YES
2026-06-16 11:09:32,公司的技术实力如何？,1436,YES
2026-06-16 11:09:33,公司的采购与关联交易情况如何？,2274,YES
2026-06-16 11:09:33,公司的主要销售模式是什么？,4083,YES
2026-06-16 11:09:34,这个文档主要讲什么内容？,1538,YES
2026-06-16 11:09:34,这个文档主要讲什么内容？,1317,YES
2026-06-16 11:09:34,公司的技术实力如何？,1452,YES
2026-06-16 11:09:35,公司的采购与关联交易情况如何？,2003,YES
2026-06-16 11:09:35,公司的产品开发流程是什么？,3512,YES
2026-06-16 11:09:35,公司的业务运营模式是什么？,736,YES
2026-06-16 11:09:35,公司的主要销售模式是什么？,491,YES
2026-06-16 11:09:35,公司的采购与关联交易情况如何？,1151,YES
2026-06-16 11:09:35,公司的主要业务是什么？,643,YES
2026-06-16 11:09:36,公司的产品开发流程是什么？,1136,YES
2026-06-16 11:09:37,公司的业务运营模式是什么？,516,YES
2026-06-16 11:09:37,这个文档主要讲什么内容？,264,YES
2026-06-16 11:09:37,公司的主要销售模式是什么？,311,YES
2026-06-16 11:09:37,公司的主要业务是什么？,552,YES
2026-06-16 11:09:37,公司的技术实力如何？,361,YES
2026-06-16 11:09:38,公司的主要业务是什么？,811,YES
2026-06-16 11:09:38,公司的产品开发流程是什么？,862,YES
2026-06-16 11:09:38,公司的技术创新机制是什么？,604,YES
2026-06-16 11:09:39,这个文档主要讲什么内容？,211,YES
2026-06-16 11:09:40,公司的业务运营模式是什么？,578,YES
2026-06-16 11:09:40,公司的技术实力如何？,675,YES
2026-06-16 11:09:40,公司的技术创新机制是什么？,1254,YES
2026-06-16 11:09:40,公司的技术实力如何？,629,YES
2026-06-16 11:09:41,公司的主要销售模式是什么？,938,YES
2026-06-16 11:09:42,公司的技术创新机制是什么？,1898,YES
2026-06-16 11:09:42,公司的采购与关联交易情况如何？,1423,YES
2026-06-16 11:09:42,公司的主要销售模式是什么？,1518,YES
2026-06-16 11:09:42,公司的产品开发流程是什么？,2406,YES
2026-06-16 11:09:43,公司的采购与关联交易情况如何？,977,YES
2026-06-16 11:09:43,这个文档主要讲什么内容？,979,YES
2026-06-16 11:09:43,公司的业务运营模式是什么？,2029,YES
2026-06-16 11:09:44,公司的产品开发流程是什么？,2233,YES
2026-06-16 11:09:45,公司的业务运营模式是什么？,2050,YES
2026-06-16 11:09:45,公司的主要业务是什么？,528,YES
2026-06-16 11:09:45,公司的主要销售模式是什么？,478,YES
2026-06-16 11:09:45,公司的采购与关联交易情况如何？,2410,YES
2026-06-16 11:09:46,公司的产品开发流程是什么？,914,YES
2026-06-16 11:09:46,这个文档主要讲什么内容？,676,YES
2026-06-16 11:09:46,公司的主要业务是什么？,902,YES
2026-06-16 11:09:47,公司的技术实力如何？,782,YES
2026-06-16 11:09:47,这个文档主要讲什么内容？,899,YES
2026-06-16 11:09:47,公司的技术创新机制是什么？,1850,YES
2026-06-16 11:09:47,公司的主要业务是什么？,722,YES
2026-06-16 11:09:49,公司的技术创新机制是什么？,1808,YES
2026-06-16 11:09:49,公司的主要销售模式是什么？,1217,YES
2026-06-16 11:09:49,公司的产品开发流程是什么？,2858,YES
2026-06-16 11:09:49,公司的主要销售模式是什么？,1230,YES
2026-06-16 11:09:50,公司的技术实力如何？,1548,YES
2026-06-16 11:09:50,公司的技术创新机制是什么？,2079,YES
2026-06-16 11:09:50,公司的采购与关联交易情况如何？,1198,YES
2026-06-16 11:09:50,公司的技术实力如何？,1082,YES
2026-06-16 11:09:51,公司的业务运营模式是什么？,2755,YES
2026-06-16 11:09:52,公司的采购与关联交易情况如何？,1240,YES
2026-06-16 11:09:52,公司的技术创新机制是什么？,919,YES
2026-06-16 11:09:52,公司的产品开发流程是什么？,1461,YES
2026-06-16 11:09:53,公司的产品开发流程是什么？,1703,YES
2026-06-16 11:09:53,公司的采购与关联交易情况如何？,1746,YES
2026-06-16 11:09:53,公司的业务运营模式是什么？,897,YES
2026-06-16 11:09:54,公司的主要业务是什么？,2070,YES
2026-06-16 11:09:54,公司的业务运营模式是什么？,1563,YES
2026-06-16 11:09:54,公司的主要业务是什么？,1029,YES
2026-06-16 11:09:55,公司的采购与关联交易情况如何？,1186,YES
2026-06-16 11:09:55,这个文档主要讲什么内容？,768,YES
2026-06-16 11:09:56,公司的技术创新机制是什么？,1489,YES
2026-06-16 11:09:56,公司的主要业务是什么？,1041,YES
2026-06-16 11:09:56,这个文档主要讲什么内容？,1084,YES
2026-06-16 11:09:56,公司的技术创新机制是什么？,1748,YES
2026-06-16 11:09:56,公司的技术实力如何？,1105,YES
2026-06-16 11:09:56,这个文档主要讲什么内容？,1190,YES
2026-06-16 11:09:57,公司的技术实力如何？,234,YES
2026-06-16 11:09:57,公司的主要业务是什么？,833,YES
2026-06-16 11:09:57,公司的主要销售模式是什么？,144,YES
2026-06-16 11:09:58,公司的采购与关联交易情况如何？,327,YES
2026-06-16 11:09:58,公司的主要销售模式是什么？,728,YES
2026-06-16 11:09:59,公司的采购与关联交易情况如何？,423,YES
2026-06-16 11:09:59,公司的技术实力如何？,225,YES
2026-06-16 11:09:59,公司的业务运营模式是什么？,484,YES
2026-06-16 11:09:59,公司的主要销售模式是什么？,165,YES
2026-06-16 11:09:59,公司的技术实力如何？,324,YES
2026-06-16 11:09:59,公司的业务运营模式是什么？,143,YES
2026-06-16 11:10:00,这个文档主要讲什么内容？,380,YES
2026-06-16 11:10:01,公司的主要业务是什么？,783,YES
2026-06-16 11:10:01,公司的产品开发流程是什么？,1196,YES
2026-06-16 11:10:02,公司的业务运营模式是什么？,1433,YES
2026-06-16 11:10:02,公司的产品开发流程是什么？,2029,YES
2026-06-16 11:10:03,公司的主要业务是什么？,1617,YES
2026-06-16 11:10:03,公司的主要销售模式是什么？,1760,YES
2026-06-16 11:10:03,公司的业务运营模式是什么？,1325,YES
2026-06-16 11:10:03,公司的技术实力如何？,1047,YES
2026-06-16 11:10:03,公司的产品开发流程是什么？,2191,YES
2026-06-16 11:10:04,公司的技术创新机制是什么？,909,YES
2026-06-16 11:10:04,这个文档主要讲什么内容？,194,YES
2026-06-16 11:10:05,公司的技术创新机制是什么？,794,YES
2026-06-16 11:10:06,公司的业务运营模式是什么？,1099,YES
2026-06-16 11:10:06,公司的技术创新机制是什么？,1759,YES
2026-06-16 11:10:06,公司的主要销售模式是什么？,541,YES
2026-06-16 11:10:06,公司的技术实力如何？,667,YES
2026-06-16 11:10:06,这个文档主要讲什么内容？,878,YES
2026-06-16 11:10:07,公司的产品开发流程是什么？,916,YES
2026-06-16 11:10:08,公司的采购与关联交易情况如何？,502,YES
2026-06-16 11:10:08,公司的采购与关联交易情况如何？,602,YES
2026-06-16 11:10:08,这个文档主要讲什么内容？,164,YES
2026-06-16 11:10:08,公司的主要销售模式是什么？,164,YES
2026-06-16 11:10:09,公司的技术创新机制是什么？,647,YES
2026-06-16 11:10:09,公司的产品开发流程是什么？,898,YES
2026-06-16 11:10:09,公司的业务运营模式是什么？,398,YES
2026-06-16 11:10:09,公司的采购与关联交易情况如何？,638,YES
2026-06-16 11:10:10,公司的主要业务是什么？,629,YES
2026-06-16 11:10:11,公司的产品开发流程是什么？,1314,YES
2026-06-16 11:10:11,公司的采购与关联交易情况如何？,960,YES
2026-06-16 11:10:11,公司的主要业务是什么？,993,YES
2026-06-16 11:10:12,公司的主要销售模式是什么？,873,YES
2026-06-16 11:10:12,公司的技术创新机制是什么？,1471,YES
2026-06-16 11:10:12,公司的主要业务是什么？,868,YES
2026-06-16 11:10:13,这个文档主要讲什么内容？,454,YES
2026-06-16 11:10:13,公司的技术实力如何？,549,YES
2026-06-16 11:10:15,公司的采购与关联交易情况如何？,1173,YES
2026-06-16 11:10:15,公司的技术实力如何？,1397,YES
2026-06-16 11:10:15,公司的技术创新机制是什么？,1771,YES
2026-06-16 11:10:15,公司的技术实力如何？,1071,YES
2026-06-16 11:10:15,公司的主要业务是什么？,1314,YES
2026-06-16 11:10:15,公司的主要销售模式是什么？,311,YES
2026-06-16 11:10:16,公司的产品开发流程是什么？,1632,YES
2026-06-16 11:10:16,公司的采购与关联交易情况如何？,162,YES
2026-06-16 11:10:16,公司的业务运营模式是什么？,181,YES
2026-06-16 11:10:17,公司的业务运营模式是什么？,160,YES
2026-06-16 11:10:17,公司的主要业务是什么？,342,YES
2026-06-16 11:10:18,公司的技术创新机制是什么？,879,YES
2026-06-16 11:10:18,公司的业务运营模式是什么？,743,YES
2026-06-16 11:10:18,公司的技术实力如何？,470,YES
2026-06-16 11:10:18,这个文档主要讲什么内容？,459,YES
2026-06-16 11:10:19,公司的主要业务是什么？,524,YES
2026-06-16 11:10:19,公司的产品开发流程是什么？,1025,YES
2026-06-16 11:10:19,这个文档主要讲什么内容？,147,YES
2026-06-16 11:10:20,公司的技术实力如何？,457,YES
2026-06-16 11:10:21,公司的业务运营模式是什么？,589,YES
2026-06-16 11:10:21,公司的主要销售模式是什么？,1163,YES
2026-06-16 11:10:22,公司的技术创新机制是什么？,1450,YES
2026-06-16 11:10:22,公司的采购与关联交易情况如何？,1504,YES
2026-06-16 11:10:22,这个文档主要讲什么内容？,1204,YES
2026-06-16 11:10:22,公司的技术实力如何？,1414,YES
2026-06-16 11:10:23,公司的主要销售模式是什么？,2407,YES
2026-06-16 11:10:24,公司的业务运营模式是什么？,1844,YES
2026-06-16 11:10:24,公司的主要业务是什么？,557,YES
2026-06-16 11:10:24,这个文档主要讲什么内容？,312,YES
2026-06-16 11:10:24,公司的业务运营模式是什么？,577,YES
2026-06-16 11:10:24,公司的主要销售模式是什么？,870,YES
2026-06-16 11:10:25,公司的产品开发流程是什么？,1348,YES
2026-06-16 11:10:25,公司的采购与关联交易情况如何？,1592,YES
2026-06-16 11:10:25,公司的产品开发流程是什么？,1077,YES
2026-06-16 11:10:26,公司的主要销售模式是什么？,180,YES
2026-06-16 11:10:26,这个文档主要讲什么内容？,225,YES
2026-06-16 11:10:27,公司的技术实力如何？,347,YES
2026-06-16 11:10:27,这个文档主要讲什么内容？,275,YES
2026-06-16 11:10:27,公司的产品开发流程是什么？,1260,YES
2026-06-16 11:10:28,公司的主要业务是什么？,519,YES
2026-06-16 11:10:28,公司的产品开发流程是什么？,1433,YES
2026-06-16 11:10:29,公司的技术创新机制是什么？,1042,YES
2026-06-16 11:10:29,公司的技术创新机制是什么？,978,YES
2026-06-16 11:10:29,公司的业务运营模式是什么？,1076,YES
2026-06-16 11:10:30,公司的主要销售模式是什么？,1359,YES
2026-06-16 11:10:30,公司的主要销售模式是什么？,503,YES
2026-06-16 11:10:30,公司的技术实力如何？,203,YES
2026-06-16 11:10:31,公司的技术创新机制是什么？,807,YES
2026-06-16 11:10:31,公司的采购与关联交易情况如何？,184,YES
2026-06-16 11:10:32,这个文档主要讲什么内容？,203,YES
2026-06-16 11:10:32,公司的业务运营模式是什么？,568,YES
2026-06-16 11:10:32,公司的技术创新机制是什么？,1557,YES
2026-06-16 11:10:33,公司的产品开发流程是什么？,1676,YES
2026-06-16 11:10:33,公司的采购与关联交易情况如何？,1592,YES
2026-06-16 11:10:33,公司的主要业务是什么？,479,YES
2026-06-16 11:10:34,这个文档主要讲什么内容？,340,YES
2026-06-16 11:10:34,公司的产品开发流程是什么？,946,YES
2026-06-16 11:10:34,公司的主要销售模式是什么？,650,YES
2026-06-16 11:10:35,公司的采购与关联交易情况如何？,461,YES
2026-06-16 11:10:36,公司的主要业务是什么？,459,YES
2026-06-16 11:10:36,公司的技术实力如何？,488,YES
2026-06-16 11:10:36,公司的主要销售模式是什么？,268,YES
2026-06-16 11:10:37,公司的技术创新机制是什么？,1799,YES
2026-06-16 11:10:37,公司的产品开发流程是什么？,1363,YES
2026-06-16 11:10:38,公司的技术创新机制是什么？,1688,YES
2026-06-16 11:10:38,公司的主要业务是什么？,770,YES
2026-06-16 11:10:39,公司的业务运营模式是什么？,1554,YES
2026-06-16 11:10:39,公司的技术实力如何？,542,YES
2026-06-16 11:10:40,公司的采购与关联交易情况如何？,1454,YES
2026-06-16 11:10:40,公司的产品开发流程是什么？,1955,YES
2026-06-16 11:10:41,公司的业务运营模式是什么？,513,YES
2026-06-16 11:10:41,公司的技术创新机制是什么？,1575,YES
2026-06-16 11:10:41,公司的技术实力如何？,625,YES
2026-06-16 11:10:41,公司的采购与关联交易情况如何？,785,YES
2026-06-16 11:10:42,这个文档主要讲什么内容？,197,YES
2026-06-16 11:10:42,公司的主要业务是什么？,554,YES
2026-06-16 11:10:43,公司的主要业务是什么？,349,YES
2026-06-16 11:10:43,这个文档主要讲什么内容？,220,YES
2026-06-16 11:10:44,公司的技术创新机制是什么？,799,YES
2026-06-16 11:10:44,公司的采购与关联交易情况如何？,839,YES
2026-06-16 11:10:45,公司的业务运营模式是什么？,870,YES
2026-06-16 11:10:45,公司的主要销售模式是什么？,286,YES
2026-06-16 11:10:45,公司的技术实力如何？,227,YES
2026-06-16 11:10:45,公司的技术实力如何？,1331,YES
2026-06-16 11:10:46,公司的主要销售模式是什么？,158,YES
2026-06-16 11:10:46,公司的采购与关联交易情况如何？,146,YES
2026-06-16 11:10:47,公司的主要业务是什么？,442,YES
2026-06-16 11:10:47,这个文档主要讲什么内容？,378,YES
2026-06-16 11:10:48,公司的产品开发流程是什么？,1294,YES
2026-06-16 11:10:48,公司的业务运营模式是什么？,1680,YES
2026-06-16 11:10:48,公司的主要业务是什么？,1400,YES
2026-06-16 11:10:49,公司的业务运营模式是什么？,1900,YES
2026-06-16 11:10:49,这个文档主要讲什么内容？,311,YES
2026-06-16 11:10:49,公司的主要销售模式是什么？,216,YES
2026-06-16 11:10:50,公司的产品开发流程是什么？,2422,YES
2026-06-16 11:10:50,公司的技术实力如何？,492,YES
2026-06-16 11:10:51,公司的技术实力如何？,529,YES
2026-06-16 11:10:51,公司的技术创新机制是什么？,956,YES
2026-06-16 11:10:51,这个文档主要讲什么内容？,378,YES
2026-06-16 11:10:52,公司的产品开发流程是什么？,1207,YES
2026-06-16 11:10:53,公司的主要销售模式是什么？,1390,YES
2026-06-16 11:10:53,公司的业务运营模式是什么？,1277,YES
2026-06-16 11:10:54,公司的技术创新机制是什么？,1381,YES
2026-06-16 11:10:54,公司的业务运营模式是什么？,1597,YES
2026-06-16 11:10:55,公司的采购与关联交易情况如何？,1292,YES
2026-06-16 11:10:55,公司的技术创新机制是什么？,2129,YES
2026-06-16 11:10:55,公司的主要销售模式是什么？,994,YES
2026-06-16 11:10:56,这个文档主要讲什么内容？,215,YES
2026-06-16 11:10:56,公司的产品开发流程是什么？,870,YES
2026-06-16 11:10:57,公司的采购与关联交易情况如何？,642,YES
2026-06-16 11:10:57,公司的主要业务是什么？,838,YES
2026-06-16 11:10:58,这个文档主要讲什么内容？,223,YES
2026-06-16 11:10:58,公司的主要销售模式是什么？,216,YES
2026-06-16 11:10:58,公司的产品开发流程是什么？,1865,YES
2026-06-16 11:10:58,公司的采购与关联交易情况如何？,657,YES
2026-06-16 11:10:59,公司的技术创新机制是什么？,826,YES
2026-06-16 11:10:59,公司的技术实力如何？,351,YES
2026-06-16 11:11:00,公司的主要业务是什么？,375,YES
2026-06-16 11:11:00,公司的产品开发流程是什么？,882,YES
2026-06-16 11:11:01,公司的主要销售模式是什么？,552,YES
2026-06-16 11:11:01,公司的技术创新机制是什么？,628,YES
2026-06-16 11:11:01,公司的技术实力如何？,314,YES
2026-06-16 11:11:02,公司的主要业务是什么？,814,YES
2026-06-16 11:11:02,公司的采购与关联交易情况如何？,828,YES
2026-06-16 11:11:03,公司的业务运营模式是什么？,850,YES
2026-06-16 11:11:04,公司的产品开发流程是什么？,1317,YES
2026-06-16 11:11:04,公司的技术创新机制是什么？,1163,YES
2026-06-16 11:11:04,公司的业务运营模式是什么？,558,YES
2026-06-16 11:11:04,公司的采购与关联交易情况如何？,208,YES
2026-06-16 11:11:04,公司的技术实力如何？,181,YES
2026-06-16 11:11:06,公司的主要业务是什么？,425,YES
2026-06-16 11:11:06,这个文档主要讲什么内容？,229,YES
2026-06-16 11:11:06,公司的采购与关联交易情况如何？,920,YES
2026-06-16 11:11:07,公司的主要业务是什么？,422,YES
2026-06-16 11:11:07,这个文档主要讲什么内容？,487,YES
2026-06-16 11:11:07,公司的技术创新机制是什么？,922,YES
2026-06-16 11:11:08,公司的业务运营模式是什么？,306,YES
2026-06-16 11:11:09,公司的采购与关联交易情况如何？,333,YES
2026-06-16 11:11:09,公司的技术实力如何？,407,YES
2026-06-16 11:11:10,公司的主要业务是什么？,1082,YES
2026-06-16 11:11:10,公司的技术实力如何？,1156,YES
2026-06-16 11:11:10,公司的主要销售模式是什么？,1660,YES
2026-06-16 11:11:10,这个文档主要讲什么内容？,356,YES
2026-06-16 11:11:10,公司的主要销售模式是什么？,982,YES
2026-06-16 11:11:11,公司的技术实力如何？,166,YES
2026-06-16 11:11:11,公司的主要业务是什么？,392,YES
2026-06-16 11:11:12,公司的业务运营模式是什么？,322,YES
2026-06-16 11:11:13,公司的业务运营模式是什么？,1578,YES
2026-06-16 11:11:13,公司的产品开发流程是什么？,1154,YES
2026-06-16 11:11:13,公司的主要销售模式是什么？,915,YES
2026-06-16 11:11:14,公司的业务运营模式是什么？,1622,YES
2026-06-16 11:11:14,公司的产品开发流程是什么？,1693,YES
2026-06-16 11:11:15,这个文档主要讲什么内容？,793,YES
2026-06-16 11:11:15,公司的技术实力如何？,556,YES
2026-06-16 11:11:15,公司的技术创新机制是什么？,909,YES
2026-06-16 11:11:16,这个文档主要讲什么内容？,313,YES
2026-06-16 11:11:16,公司的产品开发流程是什么？,1036,YES
2026-06-16 11:11:16,这个文档主要讲什么内容？,205,YES
2026-06-16 11:11:17,公司的技术创新机制是什么？,694,YES
2026-06-16 11:11:17,公司的业务运营模式是什么？,676,YES
2026-06-16 11:11:18,公司的采购与关联交易情况如何？,1285,YES
2026-06-16 11:11:19,公司的主要销售模式是什么？,1770,YES
2026-06-16 11:11:19,公司的主要销售模式是什么？,2093,YES
2026-06-16 11:11:20,公司的主要销售模式是什么？,2007,YES
2026-06-16 11:11:20,这个文档主要讲什么内容？,931,YES
2026-06-16 11:11:20,公司的技术创新机制是什么？,2010,YES
2026-06-16 11:11:20,公司的采购与关联交易情况如何？,697,YES
2026-06-16 11:11:20,公司的主要业务是什么？,515,YES
2026-06-16 11:11:22,公司的产品开发流程是什么？,1186,YES
2026-06-16 11:11:22,公司的产品开发流程是什么？,995,YES
2026-06-16 11:11:23,公司的采购与关联交易情况如何？,682,YES
2026-06-16 11:11:23,公司的技术实力如何？,771,YES
2026-06-16 11:11:23,公司的主要销售模式是什么？,1775,YES
2026-06-16 11:11:24,公司的主要业务是什么？,1274,YES
2026-06-16 11:11:25,公司的主要业务是什么？,522,YES
2026-06-16 11:11:26,公司的技术创新机制是什么？,1090,YES
2026-06-16 11:11:26,公司的产品开发流程是什么？,3939,YES
2026-06-16 11:11:27,公司的技术创新机制是什么？,2143,YES
2026-06-16 11:11:27,公司的业务运营模式是什么？,1645,YES
2026-06-16 11:11:27,公司的产品开发流程是什么？,1812,YES
2026-06-16 11:11:28,公司的技术实力如何？,2095,YES
2026-06-16 11:11:28,公司的技术实力如何？,816,YES
2026-06-16 11:11:29,公司的采购与关联交易情况如何？,183,YES
2026-06-16 11:11:30,公司的业务运营模式是什么？,1258,YES
2026-06-16 11:11:31,公司的技术创新机制是什么？,1893,YES
2026-06-16 11:11:31,公司的技术创新机制是什么？,2073,YES
2026-06-16 11:11:32,这个文档主要讲什么内容？,1616,YES
2026-06-16 11:11:32,公司的业务运营模式是什么？,879,YES
2026-06-16 11:11:32,这个文档主要讲什么内容？,612,YES
2026-06-16 11:11:32,公司的采购与关联交易情况如何？,2117,YES
2026-06-16 11:11:32,公司的主要业务是什么？,752,YES
2026-06-16 11:11:33,公司的采购与关联交易情况如何？,207,YES
2026-06-16 11:11:34,公司的主要业务是什么？,468,YES
2026-06-16 11:11:35,公司的主要销售模式是什么？,1364,YES
2026-06-16 11:11:35,这个文档主要讲什么内容？,1214,YES
2026-06-16 11:11:35,公司的主要销售模式是什么？,1254,YES
2026-06-16 11:11:35,公司的采购与关联交易情况如何？,1259,YES
2026-06-16 11:11:35,公司的技术实力如何？,1009,YES
2026-06-16 11:11:35,公司的主要业务是什么？,1179,YES
2026-06-16 11:11:36,公司的技术实力如何？,150,YES
2026-06-16 11:11:37,公司的业务运营模式是什么？,1194,YES
2026-06-16 11:11:38,公司的主要销售模式是什么？,1349,YES
2026-06-16 11:11:38,公司的主要业务是什么？,1961,YES
2026-06-16 11:11:39,公司的产品开发流程是什么？,2688,YES
2026-06-16 11:11:40,公司的产品开发流程是什么？,3033,YES
2026-06-16 11:11:40,公司的业务运营模式是什么？,573,YES
2026-06-16 11:11:40,这个文档主要讲什么内容？,672,YES
2026-06-16 11:11:40,公司的技术实力如何？,2842,YES
2026-06-16 11:11:40,公司的产品开发流程是什么？,454,YES
2026-06-16 11:11:41,公司的技术实力如何？,148,YES
2026-06-16 11:11:41,公司的技术创新机制是什么？,862,YES
2026-06-16 11:11:42,公司的技术创新机制是什么？,1340,YES
2026-06-16 11:11:42,公司的主要销售模式是什么？,1445,YES
2026-06-16 11:11:43,公司的业务运营模式是什么？,1614,YES
2026-06-16 11:11:43,公司的业务运营模式是什么？,1662,YES
2026-06-16 11:11:43,这个文档主要讲什么内容？,624,YES
2026-06-16 11:11:44,公司的技术创新机制是什么？,1176,YES
2026-06-16 11:11:45,公司的产品开发流程是什么？,1212,YES
2026-06-16 11:11:45,公司的采购与关联交易情况如何？,1155,YES
2026-06-16 11:11:45,这个文档主要讲什么内容？,701,YES
2026-06-16 11:11:45,这个文档主要讲什么内容？,303,YES
2026-06-16 11:11:45,公司的采购与关联交易情况如何？,1615,YES
2026-06-16 11:11:46,公司的主要销售模式是什么？,596,YES
2026-06-16 11:11:47,公司的采购与关联交易情况如何？,588,YES
2026-06-16 11:11:48,公司的主要销售模式是什么？,1455,YES
2026-06-16 11:11:48,公司的产品开发流程是什么？,1158,YES
2026-06-16 11:11:48,公司的主要业务是什么？,1095,YES
2026-06-16 11:11:49,公司的主要销售模式是什么？,1187,YES
2026-06-16 11:11:49,公司的主要业务是什么？,1542,YES
2026-06-16 11:11:50,公司的主要业务是什么？,989,YES
2026-06-16 11:11:50,公司的技术创新机制是什么？,2507,YES
2026-06-16 11:11:50,公司的技术实力如何？,744,YES
2026-06-16 11:11:51,公司的产品开发流程是什么？,1875,YES
2026-06-16 11:11:52,公司的产品开发流程是什么？,1221,YES
2026-06-16 11:11:52,公司的技术创新机制是什么？,1412,YES
2026-06-16 11:11:52,公司的采购与关联交易情况如何？,935,YES
2026-06-16 11:11:53,公司的技术实力如何？,2114,YES
2026-06-16 11:11:53,公司的业务运营模式是什么？,1320,YES
2026-06-16 11:11:53,公司的技术实力如何？,1138,YES
2026-06-16 11:11:54,公司的技术创新机制是什么？,2030,YES
2026-06-16 11:11:55,公司的技术创新机制是什么？,1431,YES
2026-06-16 11:11:55,公司的采购与关联交易情况如何？,1023,YES
2026-06-16 11:11:56,公司的主要业务是什么？,1769,YES
2026-06-16 11:11:56,这个文档主要讲什么内容？,683,YES
2026-06-16 11:11:56,公司的业务运营模式是什么？,1135,YES
2026-06-16 11:11:57,公司的业务运营模式是什么？,874,YES
2026-06-16 11:11:57,公司的采购与关联交易情况如何？,907,YES
2026-06-16 11:11:57,公司的主要业务是什么？,667,YES
2026-06-16 11:11:58,这个文档主要讲什么内容？,513,YES
2026-06-16 11:11:58,公司的采购与关联交易情况如何？,1244,YES
2026-06-16 11:11:58,这个文档主要讲什么内容？,407,YES
2026-06-16 11:11:59,公司的技术实力如何？,328,YES
2026-06-16 11:11:59,公司的技术实力如何？,549,YES
2026-06-16 11:11:59,公司的主要销售模式是什么？,327,YES
2026-06-16 11:11:59,公司的主要销售模式是什么？,434,YES
2026-06-16 11:11:59,公司的主要销售模式是什么？,185,YES
2026-06-16 11:12:00,公司的主要业务是什么？,300,YES
2026-06-16 11:12:01,公司的主要业务是什么？,587,YES
2026-06-16 11:12:01,公司的业务运营模式是什么？,159,YES
2026-06-16 11:12:02,公司的产品开发流程是什么？,1040,YES
2026-06-16 11:12:03,公司的业务运营模式是什么？,1707,YES
2026-06-16 11:12:03,公司的产品开发流程是什么？,1319,YES
2026-06-16 11:12:03,公司的技术实力如何？,482,YES
2026-06-16 11:12:03,公司的产品开发流程是什么？,909,YES
2026-06-16 11:12:03,这个文档主要讲什么内容？,254,YES
2026-06-16 11:12:03,公司的技术实力如何？,681,YES
2026-06-16 11:12:06,公司的技术创新机制是什么？,1742,YES
2026-06-16 11:12:07,公司的业务运营模式是什么？,1993,YES
2026-06-16 11:12:07,这个文档主要讲什么内容？,2392,YES
2026-06-16 11:12:07,公司的业务运营模式是什么？,1951,YES
2026-06-16 11:12:08,公司的主要销售模式是什么？,2068,YES
2026-06-16 11:12:08,公司的技术创新机制是什么？,2770,YES
2026-06-16 11:12:09,公司的技术创新机制是什么？,3069,YES
2026-06-16 11:12:09,这个文档主要讲什么内容？,997,YES
2026-06-16 11:12:09,公司的采购与关联交易情况如何？,1115,YES
2026-06-16 11:12:10,公司的采购与关联交易情况如何？,595,YES
2026-06-16 11:12:10,公司的主要销售模式是什么？,901,YES
2026-06-16 11:12:11,公司的采购与关联交易情况如何？,1109,YES
2026-06-16 11:12:11,这个文档主要讲什么内容？,980,YES
2026-06-16 11:12:12,公司的产品开发流程是什么？,2126,YES
2026-06-16 11:12:12,公司的主要销售模式是什么？,1417,YES
2026-06-16 11:12:12,公司的主要业务是什么？,1301,YES
2026-06-16 11:12:13,公司的主要业务是什么？,580,YES
2026-06-16 11:12:13,公司的主要业务是什么？,629,YES
2026-06-16 11:12:14,公司的产品开发流程是什么？,1430,YES
2026-06-16 11:12:14,公司的技术实力如何？,953,YES
2026-06-16 11:12:15,公司的主要销售模式是什么？,1649,YES
2026-06-16 11:12:15,公司的产品开发流程是什么？,1364,YES
2026-06-16 11:12:15,公司的技术实力如何？,643,YES
2026-06-16 11:12:16,公司的技术创新机制是什么？,1595,YES
2026-06-16 11:12:16,公司的技术实力如何？,557,YES
2026-06-16 11:12:18,公司的产品开发流程是什么？,1395,YES
2026-06-16 11:12:18,公司的技术创新机制是什么？,2312,YES
2026-06-16 11:12:18,公司的业务运营模式是什么？,1752,YES
2026-06-16 11:12:19,公司的采购与关联交易情况如何？,1476,YES
2026-06-16 11:12:20,公司的业务运营模式是什么？,1504,YES
2026-06-16 11:12:20,公司的技术创新机制是什么？,2125,YES
2026-06-16 11:12:21,公司的采购与关联交易情况如何？,1618,YES
2026-06-16 11:12:21,公司的业务运营模式是什么？,2185,YES
2026-06-16 11:12:21,公司的主要业务是什么？,813,YES
2026-06-16 11:12:21,公司的技术创新机制是什么？,1414,YES
2026-06-16 11:12:21,这个文档主要讲什么内容？,176,YES
2026-06-16 11:12:22,这个文档主要讲什么内容？,141,YES
2026-06-16 11:12:23,公司的采购与关联交易情况如何？,526,YES
2026-06-16 11:12:23,公司的主要业务是什么？,467,YES
2026-06-16 11:12:23,公司的主要销售模式是什么？,253,YES
2026-06-16 11:12:23,这个文档主要讲什么内容？,265,YES
2026-06-16 11:12:24,公司的技术实力如何？,449,YES
2026-06-16 11:12:24,公司的采购与关联交易情况如何？,194,YES
2026-06-16 11:12:25,公司的主要销售模式是什么？,764,YES
2026-06-16 11:12:25,公司的主要业务是什么？,681,YES
2026-06-16 11:12:25,公司的技术实力如何？,419,YES
2026-06-16 11:12:26,公司的产品开发流程是什么？,665,YES
2026-06-16 11:12:26,公司的主要销售模式是什么？,168,YES
2026-06-16 11:12:27,公司的业务运营模式是什么？,880,YES
2026-06-16 11:12:28,公司的主要业务是什么？,883,YES
2026-06-16 11:12:28,公司的技术实力如何？,902,YES
2026-06-16 11:12:28,公司的业务运营模式是什么？,1179,YES
2026-06-16 11:12:29,公司的产品开发流程是什么？,1846,YES
2026-06-16 11:12:29,公司的技术创新机制是什么？,1902,YES
2026-06-16 11:12:29,这个文档主要讲什么内容？,232,YES
2026-06-16 11:12:30,公司的技术实力如何？,206,YES
2026-06-16 11:12:32,公司的业务运营模式是什么？,1684,YES
2026-06-16 11:12:32,这个文档主要讲什么内容？,1818,YES
2026-06-16 11:12:33,公司的技术创新机制是什么？,1460,YES
2026-06-16 11:12:34,公司的采购与关联交易情况如何？,2242,YES
2026-06-16 11:12:34,公司的业务运营模式是什么？,2546,YES
2026-06-16 11:12:35,公司的主要销售模式是什么？,3018,YES
2026-06-16 11:12:35,公司的产品开发流程是什么？,6287,YES
2026-06-16 11:12:35,这个文档主要讲什么内容？,1786,YES
2026-06-16 11:12:35,公司的主要销售模式是什么？,732,YES
2026-06-16 11:12:36,公司的采购与关联交易情况如何？,1713,YES
2026-06-16 11:12:36,公司的主要业务是什么？,911,YES
2026-06-16 11:12:36,这个文档主要讲什么内容？,347,YES
2026-06-16 11:12:38,公司的产品开发流程是什么？,1351,YES
2026-06-16 11:12:38,公司的主要销售模式是什么？,1152,YES
2026-06-16 11:12:38,公司的产品开发流程是什么？,1332,YES
2026-06-16 11:12:39,公司的技术创新机制是什么？,1690,YES
2026-06-16 11:12:39,公司的主要销售模式是什么？,1897,YES
2026-06-16 11:12:39,公司的技术实力如何？,619,YES
2026-06-16 11:12:40,公司的主要业务是什么？,1256,YES
2026-06-16 11:12:40,公司的技术创新机制是什么？,786,YES
2026-06-16 11:12:41,公司的产品开发流程是什么？,712,YES
2026-06-16 11:12:42,公司的产品开发流程是什么？,1789,YES
2026-06-16 11:12:43,公司的采购与关联交易情况如何？,1451,YES
2026-06-16 11:12:43,公司的技术创新机制是什么？,2656,YES
2026-06-16 11:12:44,公司的采购与关联交易情况如何？,2468,YES
2026-06-16 11:12:44,公司的业务运营模式是什么？,2429,YES
2026-06-16 11:12:44,公司的技术实力如何？,1724,YES
2026-06-16 11:12:45,公司的技术创新机制是什么？,853,YES
2026-06-16 11:12:45,公司的主要业务是什么？,287,YES
2026-06-16 11:12:46,公司的技术创新机制是什么？,563,YES
2026-06-16 11:12:47,公司的采购与关联交易情况如何？,664,YES
2026-06-16 11:12:47,公司的技术实力如何？,386,YES
2026-06-16 11:12:48,公司的主要业务是什么？,606,YES
2026-06-16 11:12:48,这个文档主要讲什么内容？,863,YES
2026-06-16 11:12:48,公司的采购与关联交易情况如何？,941,YES
2026-06-16 11:12:49,公司的主要业务是什么？,573,YES
2026-06-16 11:12:49,公司的采购与关联交易情况如何？,650,YES
2026-06-16 11:12:50,公司的业务运营模式是什么？,2118,YES
2026-06-16 11:12:50,公司的业务运营模式是什么？,1230,YES
2026-06-16 11:12:51,公司的主要业务是什么？,352,YES
2026-06-16 11:12:51,公司的技术实力如何？,171,YES
2026-06-16 11:12:51,公司的技术实力如何？,209,YES
2026-06-16 11:12:51,公司的主要销售模式是什么？,977,YES
2026-06-16 11:12:52,这个文档主要讲什么内容？,283,YES
2026-06-16 11:12:53,公司的主要业务是什么？,1371,YES
2026-06-16 11:12:53,这个文档主要讲什么内容？,513,YES
2026-06-16 11:12:53,公司的业务运营模式是什么？,425,YES
2026-06-16 11:12:53,公司的技术实力如何？,1013,YES
2026-06-16 11:12:54,公司的业务运营模式是什么？,160,YES
2026-06-16 11:12:55,公司的主要销售模式是什么？,221,YES
2026-06-16 11:12:55,公司的主要销售模式是什么？,530,YES
2026-06-16 11:12:56,公司的产品开发流程是什么？,1483,YES
2026-06-16 11:12:56,公司的技术实力如何？,537,YES
2026-06-16 11:12:56,这个文档主要讲什么内容？,265,YES
2026-06-16 11:12:57,公司的产品开发流程是什么？,900,YES
2026-06-16 11:12:57,这个文档主要讲什么内容？,480,YES
2026-06-16 11:12:57,公司的业务运营模式是什么？,1272,YES
2026-06-16 11:12:57,公司的业务运营模式是什么？,154,YES
2026-06-16 11:12:58,公司的产品开发流程是什么？,887,YES
2026-06-16 11:12:59,公司的主要销售模式是什么？,1141,YES
2026-06-16 11:12:59,公司的技术创新机制是什么？,1256,YES
2026-06-16 11:13:00,公司的技术创新机制是什么？,2050,YES
2026-06-16 11:13:00,这个文档主要讲什么内容？,934,YES
2026-06-16 11:13:00,这个文档主要讲什么内容？,716,YES
2026-06-16 11:13:01,公司的主要销售模式是什么？,2603,YES
2026-06-16 11:13:02,公司的技术创新机制是什么？,1139,YES
2026-06-16 11:13:02,公司的采购与关联交易情况如何？,1168,YES
2026-06-16 11:13:03,公司的采购与关联交易情况如何？,932,YES
2026-06-16 11:13:04,公司的产品开发流程是什么？,2513,YES
2026-06-16 11:13:04,公司的采购与关联交易情况如何？,1305,YES
2026-06-16 11:13:04,公司的主要销售模式是什么？,884,YES
2026-06-16 11:13:04,公司的主要销售模式是什么？,1156,YES
2026-06-16 11:13:05,公司的产品开发流程是什么？,1846,YES
2026-06-16 11:13:05,公司的主要业务是什么？,744,YES
2026-06-16 11:13:06,公司的主要业务是什么？,971,YES
2026-06-16 11:13:06,公司的技术创新机制是什么？,1353,YES
2026-06-16 11:13:07,公司的主要业务是什么？,679,YES
2026-06-16 11:13:07,公司的产品开发流程是什么？,842,YES
2026-06-16 11:13:08,公司的产品开发流程是什么？,872,YES
2026-06-16 11:13:08,公司的采购与关联交易情况如何？,663,YES
2026-06-16 11:13:09,公司的技术实力如何？,997,YES
2026-06-16 11:13:09,公司的技术实力如何？,1070,YES
2026-06-16 11:13:10,公司的技术实力如何？,1113,YES
2026-06-16 11:13:10,公司的技术创新机制是什么？,2007,YES
2026-06-16 11:13:11,公司的技术创新机制是什么？,1031,YES
2026-06-16 11:13:12,公司的技术创新机制是什么？,1453,YES
2026-06-16 11:13:12,公司的业务运营模式是什么？,1244,YES
2026-06-16 11:13:12,公司的业务运营模式是什么？,1622,YES
2026-06-16 11:13:13,公司的主要业务是什么？,1267,YES
2026-06-16 11:13:13,公司的业务运营模式是什么？,861,YES
2026-06-16 11:13:13,公司的采购与关联交易情况如何？,424,YES
2026-06-16 11:13:13,这个文档主要讲什么内容？,177,YES
2026-06-16 11:13:14,公司的采购与关联交易情况如何？,441,YES
2026-06-16 11:13:14,公司的采购与关联交易情况如何？,374,YES
2026-06-16 11:13:15,公司的主要销售模式是什么？,177,YES
2026-06-16 11:13:15,这个文档主要讲什么内容？,226,YES
2026-06-16 11:13:15,公司的技术实力如何？,488,YES
2026-06-16 11:13:16,公司的主要业务是什么？,298,YES
2026-06-16 11:13:16,这个文档主要讲什么内容？,234,YES
2026-06-16 11:13:16,公司的主要业务是什么？,377,YES
2026-06-16 11:13:16,公司的主要业务是什么？,253,YES
2026-06-16 11:13:17,公司的主要销售模式是什么？,636,YES
2026-06-16 11:13:17,公司的产品开发流程是什么？,1140,YES
2026-06-16 11:13:18,公司的业务运营模式是什么？,315,YES
2026-06-16 11:13:18,公司的技术实力如何？,867,YES
2026-06-16 11:13:19,公司的主要销售模式是什么？,932,YES
2026-06-16 11:13:19,公司的技术实力如何？,1135,YES
2026-06-16 11:13:20,公司的产品开发流程是什么？,1329,YES
2026-06-16 11:13:20,公司的技术实力如何？,1044,YES
2026-06-16 11:13:21,这个文档主要讲什么内容？,224,YES
2026-06-16 11:13:21,公司的技术创新机制是什么？,1983,YES
2026-06-16 11:13:22,公司的产品开发流程是什么？,778,YES
2026-06-16 11:13:22,公司的业务运营模式是什么？,743,YES
2026-06-16 11:13:22,公司的业务运营模式是什么？,372,YES
2026-06-16 11:13:23,公司的技术创新机制是什么？,1404,YES
2026-06-16 11:13:23,公司的业务运营模式是什么？,1791,YES
2026-06-16 11:13:23,这个文档主要讲什么内容？,242,YES
2026-06-16 11:13:23,公司的采购与关联交易情况如何？,555,YES
2026-06-16 11:13:24,公司的主要销售模式是什么？,852,YES
2026-06-16 11:13:24,这个文档主要讲什么内容？,218,YES
2026-06-16 11:13:24,公司的技术创新机制是什么？,1089,YES
2026-06-16 11:13:25,公司的采购与关联交易情况如何？,867,YES
2026-06-16 11:13:25,公司的主要业务是什么？,928,YES
2026-06-16 11:13:26,公司的主要销售模式是什么？,641,YES
2026-06-16 11:13:26,这个文档主要讲什么内容？,391,YES
2026-06-16 11:13:27,公司的采购与关联交易情况如何？,843,YES
2026-06-16 11:13:28,公司的主要销售模式是什么？,947,YES
2026-06-16 11:13:28,公司的主要业务是什么？,1465,YES
2026-06-16 11:13:28,公司的技术实力如何？,1003,YES
2026-06-16 11:13:28,公司的产品开发流程是什么？,2004,YES
2026-06-16 11:13:29,公司的主要业务是什么？,176,YES
2026-06-16 11:13:29,公司的主要销售模式是什么？,223,YES
2026-06-16 11:13:29,公司的产品开发流程是什么？,582,YES
2026-06-16 11:13:31,公司的技术创新机制是什么？,864,YES
2026-06-16 11:13:31,公司的业务运营模式是什么？,1413,YES
2026-06-16 11:13:31,公司的技术实力如何？,243,YES
2026-06-16 11:13:32,公司的产品开发流程是什么？,1927,YES
2026-06-16 11:13:32,公司的产品开发流程是什么？,1108,YES
2026-06-16 11:13:33,公司的技术实力如何？,1244,YES
2026-06-16 11:13:33,这个文档主要讲什么内容？,339,YES
2026-06-16 11:13:33,公司的业务运营模式是什么？,447,YES
2026-06-16 11:13:33,公司的技术创新机制是什么？,1621,YES
2026-06-16 11:13:34,公司的采购与关联交易情况如何？,739,YES
2026-06-16 11:13:35,公司的技术创新机制是什么？,1227,YES
2026-06-16 11:13:36,公司的技术创新机制是什么？,1353,YES
2026-06-16 11:13:36,这个文档主要讲什么内容？,1162,YES
2026-06-16 11:13:37,公司的采购与关联交易情况如何？,1985,YES
2026-06-16 11:13:37,公司的主要销售模式是什么？,1209,YES
2026-06-16 11:13:37,公司的主要业务是什么？,1139,YES
2026-06-16 11:13:37,公司的业务运营模式是什么？,2567,YES
2026-06-16 11:13:38,公司的采购与关联交易情况如何？,958,YES
2026-06-16 11:13:38,公司的采购与关联交易情况如何？,752,YES
2026-06-16 11:13:38,公司的主要业务是什么？,297,YES
2026-06-16 11:13:38,公司的主要销售模式是什么？,197,YES
2026-06-16 11:13:39,公司的技术实力如何？,162,YES
2026-06-16 11:13:39,这个文档主要讲什么内容？,154,YES
2026-06-16 11:13:40,公司的主要业务是什么？,483,YES
2026-06-16 11:13:41,公司的技术实力如何？,253,YES
2026-06-16 11:13:41,公司的产品开发流程是什么？,1224,YES
2026-06-16 11:13:41,公司的主要业务是什么？,524,YES
2026-06-16 11:13:41,公司的产品开发流程是什么？,681,YES
2026-06-16 11:13:42,公司的业务运营模式是什么？,466,YES
