Timestamp,User Count,Type,Name,Requests/s,Failures/s,50%,66%,75%,80%,90%,95%,98%,99%,99.9%,99.99%,100%,Total Request Count,Total Failure Count,Total Median Response Time,Total Average Response Time,Total Min Response Time,Total Max Response Time,Total Average Content Size
1781578091,0,,Aggregated,0.000000,0.000000,N/A,N/A,N/A,N/A,N/A,N/A,N/A,N/A,N/A,N/A,N/A,0,0,0,0.0,0,0,0
1781578092,5,,Aggregated,0.000000,0.000000,N/A,N/A,N/A,N/A,N/A,N/A,N/A,N/A,N/A,N/A,N/A,0,0,0,0.0,0,0,0
1781578093,10,,Aggregated,0.000000,0.000000,N/A,N/A,N/A,N/A,N/A,N/A,N/A,N/A,N/A,N/A,N/A,0,0,0,0.0,0,0,0
1781578094,15,,Aggregated,0.000000,0.000000,N/A,N/A,N/A,N/A,N/A,N/A,N/A,N/A,N/A,N/A,N/A,0,0,0,0.0,0,0,0
1781578095,20,,Aggregated,0.000000,0.000000,N/A,N/A,N/A,N/A,N/A,N/A,N/A,N/A,N/A,N/A,N/A,0,0,0,0.0,0,0,0
1781578096,20,,Aggregated,0.000000,0.000000,N/A,N/A,N/A,N/A,N/A,N/A,N/A,N/A,N/A,N/A,N/A,0,0,0,0.0,0,0,0
1781578097,20,,Aggregated,0.000000,0.000000,N/A,N/A,N/A,N/A,N/A,N/A,N/A,N/A,N/A,N/A,N/A,0,0,0,0.0,0,0,0
1781578098,20,,Aggregated,0.000000,0.000000,N/A,N/A,N/A,N/A,N/A,N/A,N/A,N/A,N/A,N/A,N/A,0,0,0,0.0,0,0,0
1781578099,20,,Aggregated,0.000000,0.000000,N/A,N/A,N/A,N/A,N/A,N/A,N/A,N/A,N/A,N/A,N/A,0,0,0,0.0,0,0,0
1781578100,20,,Aggregated,0.000000,0.000000,8800,8800,8800,8900,8900,8900,8900,8900,8900,8900,8900,5,0,8800,8784.750588200404,8711.840787000256,8894.558754000172,942.0
1781578101,20,,Aggregated,0.000000,0.000000,8300,8500,8700,8700,8800,8900,8900,8900,8900,8900,8900,16,0,8200,8116.9001532500715,6833.372965000308,8894.558754000172,963.3125
1781578102,20,,Aggregated,0.000000,0.000000,8000,8300,8500,8700,8800,8800,8900,8900,8900,8900,8900,21,0,8000,7640.3666229523105,679.6955579993664,8894.558754000172,972.8095238095239
1781578103,20,,Aggregated,0.444444,0.000000,7700,8300,8500,8700,8800,8800,8900,8900,8900,8900,8900,23,0,7700,7101.530120086824,679.6955579993664,8894.558754000172,1017.8260869565217
1781578104,20,,Aggregated,1.500000,0.000000,7700,8300,8500,8700,8800,8800,8900,8900,8900,8900,8900,25,0,7700,6682.493475079899,679.6955579993664,8894.558754000172,1052.92
1781578105,20,,Aggregated,2.100000,0.000000,7600,8200,8500,8500,8800,8800,8900,8900,8900,8900,8900,28,0,7600,6197.345953642784,679.6955579993664,8894.558754000172,1069.5
1781578106,20,,Aggregated,2.500000,0.000000,7200,7700,8300,8500,8700,8800,8900,8900,8900,8900,8900,33,0,7200,5731.821641060597,679.6955579993664,8894.558754000172,1078.7272727272727
1781578107,20,,Aggregated,2.800000,0.000000,7000,7700,8200,8300,8700,8800,8900,8900,8900,8900,8900,38,0,6800,5412.906038605268,679.6955579993664,8894.558754000172,1080.578947368421
1781578108,20,,Aggregated,2.800000,0.000000,6800,7600,8200,8300,8700,8800,8900,8900,8900,8900,8900,40,0,3800,5322.0719161000015,679.6955579993664,8894.558754000172,1073.975
1781578109,20,,Aggregated,3.100000,0.000000,4800,7600,8000,8300,8700,8800,8900,8900,8900,8900,8900,41,0,4800,5309.384683658562,679.6955579993664,8894.558754000172,1086.780487804878
1781578110,20,,Aggregated,4.000000,0.000000,4900,7600,8000,8300,8700,8800,8900,8900,8900,8900,8900,43,0,4900,5305.578751232575,679.6955579993664,8894.558754000172,1115.953488372093
1781578111,20,,Aggregated,4.000000,0.000000,5600,7600,8000,8300,8700,8800,8900,8900,8900,8900,8900,44,0,4900,5314.590103090927,679.6955579993664,8894.558754000172,1123.9545454545455
1781578112,20,,Aggregated,4.100000,0.000000,5600,7300,7700,8300,8700,8800,8900,8900,8900,8900,8900,45,0,5600,5331.333672866699,679.6955579993664,8894.558754000172,1130.5111111111112
1781578113,20,,Aggregated,3.800000,0.000000,5700,7300,7700,8200,8700,8800,8900,8900,8900,8900,8900,46,0,5600,5367.1393061087,679.6955579993664,8894.558754000172,1148.2608695652175
1781578114,20,,Aggregated,2.900000,0.000000,6100,7300,7700,8200,8700,8800,8900,8900,8900,8900,8900,48,0,5700,5453.187219979135,679.6955579993664,8894.558754000172,1165.1666666666667
1781578115,20,,Aggregated,2.900000,0.000000,6100,7300,7700,8200,8700,8800,8900,8900,8900,8900,8900,48,0,5700,5453.187219979135,679.6955579993664,8894.558754000172,1165.1666666666667
1781578116,20,,Aggregated,2.300000,0.000000,6100,7500,7700,8200,8700,8800,8900,8900,8900,8900,8900,49,0,6100,5509.132149346903,679.6955579993664,8894.558754000172,1176.0816326530612
1781578117,20,,Aggregated,2.300000,0.000000,6800,7600,8000,8300,8700,8800,8900,8900,8900,8900,8900,50,0,6100,5575.893932079959,679.6955579993664,8894.558754000172,1180.54
1781578118,20,,Aggregated,2.000000,0.000000,7000,7600,8200,8300,8800,8900,9600,10000,10000,10000,10000,52,0,6800,5744.80308178842,679.6955579993664,10342.295377999108,1213.7115384615386
1781578119,20,,Aggregated,1.300000,0.000000,7000,7700,8300,8500,8800,10000,10000,11000,11000,11000,11000,54,0,7000,5922.52474753702,679.6955579993664,10604.607871000553,1226.6851851851852
1781578120,20,,Aggregated,1.200000,0.000000,7100,7700,8500,8700,9600,11000,11000,11000,11000,11000,11000,56,0,7000,6107.660856303546,679.6955579993664,11384.361889000502,1232.1785714285713
1781578121,20,,Aggregated,1.200000,0.000000,7200,8200,8700,8800,11000,12000,12000,12000,12000,12000,12000,59,0,7200,6394.167493101675,679.6955579993664,11873.752982999576,1235.593220338983
1781578122,20,,Aggregated,1.200000,0.000000,7300,8300,8700,8800,11000,12000,12000,12000,12000,12000,12000,61,0,7300,6572.619160868806,679.6955579993664,12404.899801998909,1242.2295081967213
1781578123,20,,Aggregated,1.400000,0.000000,7300,8300,8800,9600,11000,12000,12000,12000,12000,12000,12000,63,0,7300,6738.283983746007,679.6955579993664,12404.899801998909,1249.6825396825398
1781578124,20,,Aggregated,1.400000,0.000000,7500,8500,8800,10000,11000,12000,12000,12000,12000,12000,12000,64,0,7300,6802.101464453101,679.6955579993664,12404.899801998909,1251.75
1781578125,20,,Aggregated,1.600000,0.000000,7500,8500,8800,10000,11000,12000,12000,12000,12000,12000,12000,65,0,7500,6873.291897215339,679.6955579993664,12404.899801998909,1257.9692307692308
1781578126,20,,Aggregated,1.600000,0.000000,7600,8700,9600,11000,12000,12000,12000,12000,12000,12000,12000,67,0,7600,7016.505503417863,679.6955579993664,12404.899801998909,1277.865671641791
1781578127,20,,Aggregated,1.600000,0.000000,7600,8700,9700,11000,12000,12000,12000,12000,12000,12000,12000,69,0,7600,7112.770361202858,679.6955579993664,12404.899801998909,1283.5942028985507
1781578128,20,,Aggregated,1.800000,0.000000,7700,8700,9700,11000,11000,12000,12000,12000,12000,12000,12000,72,0,7700,7162.994403958261,679.6955579993664,12404.899801998909,1289.5277777777778
1781578129,20,,Aggregated,1.800000,0.000000,7700,8700,9600,11000,11000,12000,12000,12000,12000,12000,12000,73,0,7700,7186.425627753348,679.6955579993664,12404.899801998909,1291.7123287671234
1781578130,20,,Aggregated,1.900000,0.000000,8000,8700,9600,11000,11000,12000,12000,12000,12000,12000,12000,75,0,8000,7231.523446413241,679.6955579993664,12404.899801998909,1300.1333333333334
1781578131,20,,Aggregated,2.000000,0.000000,8200,8700,9500,10000,11000,12000,12000,12000,12000,12000,12000,78,0,8000,7282.247508487112,679.6955579993664,12404.899801998909,1299.1923076923076
1781578132,20,,Aggregated,2.000000,0.000000,8100,8700,9100,10000,11000,12000,12000,12000,12000,12000,12000,81,0,8100,7322.684773567812,679.6955579993664,12404.899801998909,1297.469135802469
1781578133,20,,Aggregated,1.900000,0.000000,8100,8700,9100,10000,11000,12000,12000,12000,12000,12000,12000,84,0,8100,7342.528731464191,679.6955579993664,12404.899801998909,1301.2738095238096
1781578134,20,,Aggregated,2.000000,0.000000,8000,8600,8900,9700,11000,12000,12000,12000,12000,12000,12000,90,0,7900,7240.295030055476,679.6955579993664,12404.899801998909,1290.888888888889
1781578135,20,,Aggregated,2.100000,0.000000,7700,8500,8900,9600,11000,12000,12000,12000,12000,12000,12000,94,0,7700,7129.30121719138,679.6955579993664,12404.899801998909,1286.1382978723404
1781578136,20,,Aggregated,2.300000,0.000000,7600,8500,8800,9500,11000,12000,12000,12000,12000,12000,12000,98,0,7600,6970.246562377465,679.6955579993664,12404.899801998909,1282.3877551020407
1781578137,20,,Aggregated,2.600000,0.000000,7300,8400,8800,9100,11000,12000,12000,12000,12000,12000,12000,103,0,7300,6764.477933456204,679.6955579993664,12404.899801998909,1274.0388349514562
1781578138,20,,Aggregated,2.900000,0.000000,7200,8300,8800,9000,11000,12000,12000,12000,12000,12000,12000,107,0,7200,6574.305647429782,679.6955579993664,12404.899801998909,1265.943925233645
1781578139,20,,Aggregated,3.100000,0.000000,6800,8200,8700,8900,11000,12000,12000,12000,12000,12000,12000,115,0,6800,6247.3501143129415,679.6955579993664,12404.899801998909,1251.8608695652174
1781578140,20,,Aggregated,3.500000,0.000000,6500,8200,8600,8900,11000,12000,12000,12000,12000,12000,12000,119,0,6500,6099.913575873871,679.6955579993664,12404.899801998909,1245.6218487394958
1781578141,20,,Aggregated,3.800000,0.000000,5800,8000,8500,8800,11000,12000,12000,12000,12000,12000,12000,127,0,5800,5821.191029889697,679.6955579993664,12404.899801998909,1233.4724409448818
1781578142,20,,Aggregated,4.400000,0.000000,5600,8000,8500,8800,11000,12000,12000,12000,12000,12000,12000,132,0,5600,5639.405946249953,679.6955579993664,12404.899801998909,1224.4166666666667
1781578143,20,,Aggregated,4.400000,0.000000,5600,7900,8500,8800,11000,12000,12000,12000,12000,12000,12000,134,0,5500,5578.474320552191,679.6955579993664,12404.899801998909,1224.8880597014925
1781578144,20,,Aggregated,5.000000,0.000000,5000,7700,8500,8700,11000,12000,12000,12000,12000,12000,12000,139,0,5000,5455.465186280542,679.6955579993664,12404.899801998909,1223.8920863309352
1781578145,20,,Aggregated,5.100000,0.000000,4800,7600,8400,8700,11000,11000,12000,12000,12000,12000,12000,143,0,4800,5357.448433538452,679.6955579993664,12404.899801998909,1218.027972027972
1781578146,20,,Aggregated,5.000000,0.000000,4000,7600,8300,8600,11000,11000,12000,12000,12000,12000,12000,146,0,3800,5307.914483095884,679.6955579993664,12404.899801998909,1222.2602739726028
1781578147,20,,Aggregated,5.100000,0.000000,3800,7600,8300,8600,11000,11000,12000,12000,12000,12000,12000,147,0,3800,5293.380315489792,679.6955579993664,12404.899801998909,1222.2857142857142
1781578148,20,,Aggregated,5.100000,0.000000,3800,7500,8300,8600,11000,11000,12000,12000,12000,12000,12000,150,0,3700,5261.367746139985,679.6955579993664,12404.899801998909,1222.0333333333333
1781578149,20,,Aggregated,4.600000,0.000000,3800,7300,8300,8600,10000,11000,12000,12000,12000,12000,12000,152,0,3800,5255.914978967091,679.6955579993664,12404.899801998909,1225.282894736842
1781578150,20,,Aggregated,4.400000,0.000000,3800,7300,8300,8600,10000,11000,12000,12000,12000,12000,12000,153,0,3800,5258.198812483646,679.6955579993664,12404.899801998909,1226.7189542483661
1781578151,20,,Aggregated,4.400000,0.000000,4000,7300,8300,8600,10000,11000,12000,12000,12000,12000,12000,155,0,4000,5261.210617974174,679.6955579993664,12404.899801998909,1228.483870967742
1781578152,20,,Aggregated,3.400000,0.000000,4900,7100,8200,8500,10000,11000,12000,12000,12000,12000,12000,160,0,4800,5261.092112624975,679.6955579993664,12404.899801998909,1226.71875
1781578153,20,,Aggregated,3.200000,0.000000,4800,7000,8100,8500,10000,11000,12000,12000,12000,12000,12000,167,0,4800,5241.9530819161555,679.6955579993664,12404.899801998909,1218.622754491018
1781578154,20,,Aggregated,2.700000,0.000000,4500,6100,8000,8400,9700,11000,12000,12000,12000,12000,12000,177,0,4500,5104.963723598859,679.6955579993664,12404.899801998909,1207.677966101695
1781578155,20,,Aggregated,3.100000,0.000000,4300,6100,7900,8300,9600,11000,12000,12000,12000,12000,12000,181,0,4300,5020.773789519323,679.6955579993664,12404.899801998909,1206.0994475138123
1781578156,20,,Aggregated,3.100000,0.000000,4000,6000,7700,8300,9600,11000,12000,12000,12000,12000,12000,185,0,4000,4944.865960254044,679.6955579993664,12404.899801998909,1203.464864864865
1781578157,20,,Aggregated,3.600000,0.000000,3800,5900,7700,8300,9600,11000,12000,12000,12000,12000,12000,189,0,3800,4872.9092003121605,679.6955579993664,12404.899801998909,1202.3439153439153
1781578158,20,,Aggregated,3.600000,0.000000,3800,5800,7700,8300,9500,11000,12000,12000,12000,12000,12000,192,0,3700,4829.487706265617,679.6955579993664,12404.899801998909,1200.046875
1781578159,20,,Aggregated,4.100000,0.000000,3600,5800,7600,8200,9500,11000,12000,12000,12000,12000,12000,196,0,3600,4782.443911331611,679.6955579993664,12404.899801998909,1197.8316326530612
1781578160,20,,Aggregated,4.100000,0.000000,3600,5800,7600,8200,9500,11000,12000,12000,12000,12000,12000,197,0,3600,4776.807909969516,679.6955579993664,12404.899801998909,1201.3553299492385
1781578161,20,,Aggregated,4.300000,0.000000,3600,5700,7600,8200,9500,11000,12000,12000,12000,12000,12000,199,0,3600,4766.16032685928,679.6955579993664,12404.899801998909,1205.0150753768844
1781578162,20,,Aggregated,4.500000,0.000000,3700,5600,7500,8200,9100,11000,12000,12000,12000,12000,12000,201,0,3700,4767.944103905463,679.6955579993664,12404.899801998909,1209.5323383084576
1781578163,20,,Aggregated,4.300000,0.000000,3800,5600,7500,8200,9100,11000,12000,12000,12000,12000,12000,204,0,3700,4777.542156279399,679.6955579993664,12404.899801998909,1209.7058823529412
1781578164,20,,Aggregated,4.100000,0.000000,3800,5600,7300,8100,9100,11000,12000,12000,12000,12000,12000,207,0,3800,4792.488182169071,679.6955579993664,12404.899801998909,1209.0289855072465
1781578165,20,,Aggregated,4.100000,0.000000,3800,5700,7300,8100,9100,11000,12000,12000,12000,12000,12000,208,0,3800,4798.778194379798,679.6955579993664,12404.899801998909,1208.875
1781578166,20,,Aggregated,3.600000,0.000000,3800,5700,7300,8100,9100,11000,12000,12000,12000,12000,12000,209,0,3800,4810.602004870805,679.6955579993664,12404.899801998909,1211.2583732057417
1781578167,20,,Aggregated,3.000000,0.000000,4000,5800,7300,8100,9000,11000,12000,12000,12000,12000,12000,211,0,4000,4828.4673950568595,679.6955579993664,12404.899801998909,1211.5734597156397
1781578168,20,,Aggregated,2.600000,0.000000,4000,5900,7300,8100,9000,11000,12000,12000,12000,12000,12000,213,0,4000,4858.993457854445,679.6955579993664,12404.899801998909,1217.4976525821596
1781578169,20,,Aggregated,2.300000,0.000000,4200,5900,7600,8100,9000,11000,12000,12000,12000,12000,12000,215,0,4200,4888.4584979534775,679.6955579993664,12404.899801998909,1218.6046511627908
1781578170,20,,Aggregated,1.900000,0.000000,4300,5900,7600,8200,9000,11000,12000,12000,12000,12000,12000,217,0,4300,4921.623011202748,679.6955579993664,12404.899801998909,1219.221198156682
1781578171,20,,Aggregated,1.900000,0.000000,4400,6000,7700,8300,9100,11000,12000,12000,12000,12000,12000,219,0,4400,4960.0664774703055,679.6955579993664,12404.899801998909,1220.986301369863
1781578172,20,,Aggregated,1.900000,0.000000,4400,6000,7700,8300,9100,11000,12000,12000,12000,12000,12000,219,0,4400,4960.0664774703055,679.6955579993664,12404.899801998909,1220.986301369863
1781578173,20,,Aggregated,1.900000,0.000000,4500,6100,7800,8300,9100,11000,12000,12000,12000,12000,12000,221,0,4500,4997.165675800895,679.6955579993664,12404.899801998909,1225.2714932126696
1781578174,20,,Aggregated,2.000000,0.000000,4500,6100,8000,8300,9200,11000,12000,12000,12000,12000,12000,223,0,4500,5034.338153152464,679.6955579993664,12404.899801998909,1227.3004484304934
1781578175,20,,Aggregated,1.900000,0.000000,4600,6300,8000,8400,9500,11000,12000,12000,12000,12000,12000,225,0,4600,5076.121795275554,679.6955579993664,12404.899801998909,1231.1644444444444
1781578176,20,,Aggregated,1.800000,0.000000,4800,6500,8000,8500,9700,11000,12000,12000,12000,12000,12000,227,0,4800,5118.214433876648,679.6955579993664,12404.899801998909,1232.6431718061674
1781578177,20,,Aggregated,1.500000,0.000000,4800,6800,8100,8500,9700,11000,12000,12000,12000,12000,12000,229,0,4800,5162.753292593878,679.6955579993664,12404.899801998909,1233.698689956332
1781578178,20,,Aggregated,1.700000,0.000000,4900,6800,8100,8500,9700,11000,12000,12000,12000,12000,12000,230,0,4800,5179.784059586942,679.6955579993664,12404.899801998909,1234.3434782608695
1781578179,20,,Aggregated,1.700000,0.000000,4900,7000,8200,8600,9700,11000,12000,12000,12000,12000,12000,233,0,4900,5229.300941682383,679.6955579993664,12404.899801998909,1236.1201716738196
1781578180,20,,Aggregated,1.800000,0.000000,4900,7100,8300,8600,9700,11000,12000,12000,12000,12000,12000,236,0,4900,5272.726594656771,679.6955579993664,12404.899801998909,1237.6186440677966
1781578181,20,,Aggregated,1.900000,0.000000,4900,7300,8300,8600,9700,11000,12000,12000,12000,12000,12000,239,0,4900,5315.308507631795,679.6955579993664,12404.899801998909,1238.9414225941423
1781578182,20,,Aggregated,1.900000,0.000000,5000,7300,8300,8600,9700,11000,12000,12000,12000,12000,12000,242,0,5000,5337.212907384299,679.6955579993664,12404.899801998909,1237.5867768595042
1781578183,20,,Aggregated,2.100000,0.000000,5000,7300,8300,8600,9700,11000,12000,12000,12000,12000,12000,244,0,5000,5346.036531245905,679.6955579993664,12404.899801998909,1240.02868852459
1781578184,20,,Aggregated,2.200000,0.000000,5000,7300,8300,8600,9700,11000,12000,12000,12000,12000,12000,246,0,5000,5353.756606191064,679.6955579993664,12404.899801998909,1243.8699186991869
1781578185,20,,Aggregated,2.300000,0.000000,5200,7200,8300,8600,9700,11000,12000,12000,12000,12000,12000,248,0,5000,5364.758313004035,679.6955579993664,12404.899801998909,1245.274193548387
1781578186,20,,Aggregated,2.200000,0.000000,5200,7100,8200,8500,9700,11000,12000,12000,12000,12000,12000,251,0,5200,5375.856997410366,679.6955579993664,12404.899801998909,1245.585657370518
1781578187,20,,Aggregated,2.300000,0.000000,5300,7100,8200,8500,9700,11000,12000,12000,12000,12000,12000,254,0,5300,5386.156534366159,679.6955579993664,12404.899801998909,1245.9330708661416
1781578188,20,,Aggregated,2.400000,0.000000,5400,7000,8100,8500,9700,11000,12000,12000,12000,12000,12000,258,0,5300,5393.951704500025,679.6955579993664,12404.899801998909,1245.2093023255813
1781578189,20,,Aggregated,2.500000,0.000000,5300,7000,8100,8500,9600,11000,12000,12000,12000,12000,12000,264,0,5300,5389.247991803055,679.6955579993664,12404.899801998909,1242.0454545454545
1781578190,20,,Aggregated,2.600000,0.000000,5200,6800,8100,8500,9600,11000,12000,12000,12000,12000,12000,267,0,5200,5373.33824411613,679.6955579993664,12404.899801998909,1241.5880149812733
1781578191,20,,Aggregated,2.700000,0.000000,5000,6700,8000,8500,9500,11000,12000,12000,12000,12000,12000,273,0,5000,5321.16839074728,679.6955579993664,12404.899801998909,1237.5970695970695
1781578192,20,,Aggregated,3.100000,0.000000,5000,6600,8000,8400,9500,11000,12000,12000,12000,12000,12000,278,0,5000,5266.79466047483,679.6955579993664,12404.899801998909,1235.071942446043
1781578193,20,,Aggregated,3.100000,0.000000,5000,6500,8000,8400,9500,11000,12000,12000,12000,12000,12000,283,0,5000,5207.935019180222,679.6955579993664,12404.899801998909,1232.1201413427561
1781578194,20,,Aggregated,3.400000,0.000000,4900,6400,7900,8300,9500,11000,12000,12000,12000,12000,12000,290,0,4900,5127.337064858636,679.6955579993664,12404.899801998909,1227.3689655172413
1781578195,20,,Aggregated,3.700000,0.000000,4900,6400,7900,8300,9300,11000,12000,12000,12000,12000,12000,292,0,4900,5105.648824109602,679.6955579993664,12404.899801998909,1227.2397260273972
1781578196,20,,Aggregated,4.100000,0.000000,4800,6300,7700,8300,9300,11000,12000,12000,12000,12000,12000,297,0,4800,5057.980759239072,679.6955579993664,12404.899801998909,1226.121212121212
1781578197,20,,Aggregated,4.500000,0.000000,4800,6300,7700,8300,9300,11000,12000,12000,12000,12000,12000,300,0,4700,5032.034625800012,679.6955579993664,12404.899801998909,1225.9166666666667
1781578198,20,,Aggregated,4.500000,0.000000,4500,6200,7600,8300,9200,10000,12000,12000,12000,12000,12000,305,0,4500,4999.588939029519,679.6955579993664,12404.899801998909,1224.865573770492
1781578199,20,,Aggregated,4.600000,0.000000,4400,6100,7600,8200,9100,10000,12000,12000,12000,12000,12000,312,0,4300,4951.97498365386,679.6955579993664,12404.899801998909,1221.9775641025642
1781578200,20,,Aggregated,4.500000,0.000000,4200,6100,7500,8200,9100,10000,12000,12000,12000,12000,12000,316,0,4000,4914.431004411399,679.6955579993664,12404.899801998909,1220.0569620253164
1781578201,20,,Aggregated,4.600000,0.000000,3900,6000,7300,8100,9100,10000,12000,12000,12000,12000,12000,324,0,3800,4828.466986916679,451.86801700037904,12404.899801998909,1215.9104938271605
1781578202,20,,Aggregated,4.700000,0.000000,3700,5900,7300,8100,9100,10000,12000,12000,12000,12000,12000,332,0,3700,4733.99531471085,451.86801700037904,12404.899801998909,1211.855421686747
1781578203,20,,Aggregated,4.800000,0.000000,3700,5900,7300,8100,9100,10000,12000,12000,12000,12000,12000,335,0,3700,4698.065212555232,355.3681580015109,12404.899801998909,1210.5074626865671
1781578204,20,,Aggregated,5.000000,0.000000,3600,5800,7100,8000,9100,10000,12000,12000,12000,12000,12000,342,0,3600,4623.185656505854,355.3681580015109,12404.899801998909,1208.1812865497077
1781578205,20,,Aggregated,5.300000,0.000000,3600,5800,7100,8000,9100,10000,12000,12000,12000,12000,12000,346,0,3500,4589.3705951358515,355.3681580015109,12404.899801998909,1208.4826589595375
1781578206,20,,Aggregated,5.100000,0.000000,3500,5800,7000,8000,9100,10000,12000,12000,12000,12000,12000,349,0,3500,4566.675898489981,355.3681580015109,12404.899801998909,1207.3323782234957
1781578207,20,,Aggregated,5.100000,0.000000,3500,5800,7000,8000,9100,10000,12000,12000,12000,12000,12000,350,0,3500,4562.136412462867,355.3681580015109,12404.899801998909,1208.8314285714287
1781578208,20,,Aggregated,5.300000,0.000000,3500,5700,7000,8000,9000,10000,11000,12000,12000,12000,12000,352,0,3500,4553.81046388921,355.3681580015109,12404.899801998909,1210.3806818181818
1781578209,20,,Aggregated,5.100000,0.000000,3500,5600,7000,8000,9000,10000,11000,12000,12000,12000,12000,356,0,3500,4548.0852762893255,355.3681580015109,12404.899801998909,1210.1601123595506
1781578210,20,,Aggregated,5.000000,0.000000,3600,5600,7000,8000,9000,10000,11000,12000,12000,12000,12000,358,0,3500,4550.597973483239,355.3681580015109,12404.899801998909,1211.2988826815642
1781578211,20,,Aggregated,4.700000,0.000000,3600,5600,6800,7900,8900,10000,11000,12000,12000,12000,12000,361,0,3600,4552.71427973961,355.3681580015109,12404.899801998909,1212.454293628809
1781578212,20,,Aggregated,4.400000,0.000000,3600,5600,6800,7900,8900,10000,11000,12000,12000,12000,12000,363,0,3600,4557.16866228925,355.3681580015109,12404.899801998909,1213.090909090909
1781578213,20,,Aggregated,4.400000,0.000000,3600,5600,6800,7900,8900,10000,11000,12000,12000,12000,12000,363,0,3600,4557.16866228925,355.3681580015109,12404.899801998909,1213.090909090909
1781578214,20,,Aggregated,3.600000,0.000000,3600,5700,6800,7800,8900,10000,11000,12000,12000,12000,12000,367,0,3600,4578.138734874657,355.3681580015109,12404.899801998909,1215.1525885558583
1781578215,20,,Aggregated,3.000000,0.000000,3700,5700,6800,7800,8900,10000,11000,12000,12000,12000,12000,368,0,3600,4583.989268491844,355.3681580015109,12404.899801998909,1215.5733695652175
1781578216,20,,Aggregated,2.800000,0.000000,3700,5800,6800,7800,8900,10000,11000,12000,12000,12000,12000,370,0,3700,4596.057666121614,355.3681580015109,12404.899801998909,1217.2891891891893
1781578217,20,,Aggregated,2.500000,0.000000,3800,5900,6800,7700,8900,10000,11000,12000,12000,12000,12000,375,0,3800,4622.095572583996,355.3681580015109,12404.899801998909,1218.0906666666667
1781578218,20,,Aggregated,2.200000,0.000000,3800,5900,6800,7700,8900,10000,11000,12000,12000,12000,12000,378,0,3800,4634.487855523809,355.3681580015109,12404.899801998909,1217.6349206349207
1781578219,20,,Aggregated,2.200000,0.000000,3800,5900,6800,7700,8900,10000,11000,12000,12000,12000,12000,380,0,3800,4642.51522068158,355.3681580015109,12404.899801998909,1217.9473684210527
1781578220,20,,Aggregated,2.500000,0.000000,3900,5900,6800,7600,8800,10000,11000,12000,12000,12000,12000,382,0,3800,4648.565727685864,355.3681580015109,12404.899801998909,1218.3795811518326
1781578221,20,,Aggregated,2.600000,0.000000,4000,5900,6800,7600,8800,10000,11000,12000,12000,12000,12000,384,0,3900,4661.610338010417,355.3681580015109,12404.899801998909,1222.1901041666667
1781578222,20,,Aggregated,2.400000,0.000000,4000,5900,6800,7600,8800,10000,11000,12000,12000,12000,12000,386,0,4000,4669.185887694297,355.3681580015109,12404.899801998909,1223.676165803109
1781578223,20,,Aggregated,2.400000,0.000000,4000,6000,6800,7600,8800,10000,11000,12000,12000,12000,12000,387,0,4000,4674.691667366919,355.3681580015109,12404.899801998909,1224.5038759689924
1781578224,20,,Aggregated,2.300000,0.000000,4000,6000,6800,7600,8800,10000,11000,12000,12000,12000,12000,390,0,4000,4692.81754684615,355.3681580015109,12404.899801998909,1226.5666666666666
1781578225,20,,Aggregated,2.300000,0.000000,4100,6000,6800,7500,8800,10000,11000,12000,12000,12000,12000,392,0,4000,4702.578876334183,355.3681580015109,12404.899801998909,1227.466836734694
1781578226,20,,Aggregated,2.300000,0.000000,4200,6100,6800,7500,8800,10000,11000,12000,12000,12000,12000,394,0,4100,4713.312586779186,355.3681580015109,12404.899801998909,1228.5558375634519
1781578227,20,,Aggregated,2.300000,0.000000,4300,6100,6800,7500,8800,10000,11000,12000,12000,12000,12000,396,0,4200,4724.19752911869,355.3681580015109,12404.899801998909,1228.4621212121212
1781578228,20,,Aggregated,2.300000,0.000000,4300,6100,6900,7500,8800,10000,11000,12000,12000,12000,12000,399,0,4300,4744.890833616545,355.3681580015109,12404.899801998909,1230.4736842105262
1781578230,20,,Aggregated,2.300000,0.000000,4400,6100,6900,7500,8800,9800,11000,12000,12000,12000,12000,401,0,4400,4756.322309807979,355.3681580015109,12404.899801998909,1229.7705735660847
1781578231,20,,Aggregated,2.100000,0.000000,4400,6100,7000,7500,8800,9800,11000,12000,12000,12000,12000,402,0,4400,4762.851663634328,355.3681580015109,12404.899801998909,1230.8084577114428
1781578232,20,,Aggregated,2.100000,0.000000,4400,6100,7000,7500,8800,9800,11000,12000,12000,12000,12000,403,0,4400,4770.801237873453,355.3681580015109,12404.899801998909,1231.8535980148883
1781578233,20,,Aggregated,2.100000,0.000000,4500,6200,7000,7600,8800,9800,11000,12000,12000,12000,12000,405,0,4500,4786.114980567903,355.3681580015109,12404.899801998909,1231.3012345679012
1781578234,20,,Aggregated,2.000000,0.000000,4500,6200,7000,7500,8800,9800,11000,12000,12000,12000,12000,406,0,4500,4791.901518733993,355.3681580015109,12404.899801998909,1231.064039408867
1781578235,20,,Aggregated,1.800000,0.000000,4500,6200,7000,7600,8800,9800,11000,12000,12000,12000,12000,407,0,4500,4800.750651894347,355.3681580015109,12404.899801998909,1232.4692874692876
1781578236,20,,Aggregated,1.800000,0.000000,4500,6200,7000,7600,8800,9800,11000,12000,12000,12000,12000,407,0,4500,4800.750651894347,355.3681580015109,12404.899801998909,1232.4692874692876
1781578237,20,,Aggregated,1.900000,0.000000,4700,6300,7100,7700,8900,10000,11000,12000,13000,13000,13000,410,0,4600,4846.399232526831,355.3681580015109,13475.299220001034,1243.5560975609756
1781578238,20,,Aggregated,1.700000,0.000000,4700,6300,7100,7800,9000,10000,11000,12000,13000,13000,13000,413,0,4700,4884.698701811146,355.3681580015109,13475.299220001034,1243.685230024213
1781578239,20,,Aggregated,1.500000,0.000000,4800,6300,7300,8000,9100,10000,11000,12000,13000,13000,13000,415,0,4800,4906.943458467483,355.3681580015109,13475.299220001034,1243.8457831325302
1781578240,20,,Aggregated,1.600000,0.000000,4800,6400,7300,8000,9100,10000,11000,12000,13000,13000,13000,417,0,4800,4931.899958220633,355.3681580015109,13475.299220001034,1245.2086330935251
1781578241,20,,Aggregated,1.700000,0.000000,4900,6400,7300,8000,9300,10000,11000,12000,13000,13000,13000,420,0,4800,4969.092671011918,355.3681580015109,13475.299220001034,1245.4857142857143
1781578242,20,,Aggregated,1.600000,0.000000,4900,6500,7400,8000,9200,10000,11000,12000,13000,13000,13000,423,0,4900,4991.372333047292,355.3681580015109,13475.299220001034,1244.2624113475176
1781578243,20,,Aggregated,1.600000,0.000000,4900,6500,7400,8000,9200,10000,11000,12000,13000,13000,13000,425,0,4900,5006.0937610729525,355.3681580015109,13475.299220001034,1245.0517647058823
1781578244,20,,Aggregated,1.800000,0.000000,4900,6500,7300,8000,9200,10000,11000,12000,13000,13000,13000,429,0,4900,5015.257620016326,355.3681580015109,13475.299220001034,1244.7925407925409
1781578245,20,,Aggregated,2.000000,0.000000,4900,6500,7300,8000,9100,10000,11000,12000,13000,13000,13000,433,0,4900,5016.466311071603,355.3681580015109,13475.299220001034,1243.9769053117782
1781578246,20,,Aggregated,2.300000,0.000000,4900,6400,7300,8000,9100,10000,11000,12000,13000,13000,13000,437,0,4900,5013.45861152174,355.3681580015109,13475.299220001034,1243.395881006865
1781578247,20,,Aggregated,2.500000,0.000000,4900,6400,7300,8000,9100,10000,11000,12000,13000,13000,13000,443,0,4900,4988.238366896164,355.3681580015109,13475.299220001034,1241.018058690745
1781578248,20,,Aggregated,2.500000,0.000000,4900,6400,7300,8000,9100,10000,11000,12000,13000,13000,13000,448,0,4800,4964.258380258933,355.3681580015109,13475.299220001034,1238.796875
1781578249,20,,Aggregated,3.100000,0.000000,4800,6300,7300,7900,9100,10000,11000,12000,13000,13000,13000,451,0,4800,4947.475257611978,355.3681580015109,13475.299220001034,1237.8093126385809
1781578250,20,,Aggregated,3.100000,0.000000,4700,6300,7300,7900,9100,10000,11000,12000,13000,13000,13000,455,0,4700,4928.000721986819,355.3681580015109,13475.299220001034,1237.4285714285713
1781578251,20,,Aggregated,3.500000,0.000000,4700,6300,7200,7800,9100,10000,11000,12000,13000,13000,13000,458,0,4600,4913.141375024025,355.3681580015109,13475.299220001034,1238.1943231441048
1781578252,20,,Aggregated,3.500000,0.000000,4600,6200,7100,7800,9100,10000,11000,12000,13000,13000,13000,462,0,4500,4894.315622989183,355.3681580015109,13475.299220001034,1236.4025974025974
1781578253,20,,Aggregated,3.700000,0.000000,4500,6200,7100,7800,9100,10000,11000,12000,13000,13000,13000,465,0,4500,4885.706972875275,355.3681580015109,13475.299220001034,1236.9806451612903
1781578254,20,,Aggregated,3.700000,0.000000,4400,6200,7100,7700,9100,10000,11000,12000,13000,13000,13000,469,0,4400,4874.63139997868,355.3681580015109,13475.299220001034,1235.7931769722813
1781578255,20,,Aggregated,3.900000,0.000000,4200,6100,7100,7700,9000,10000,11000,12000,13000,13000,13000,480,0,4100,4827.42617569167,355.3681580015109,13475.299220001034,1231.3020833333333
1781578256,20,,Aggregated,3.900000,0.000000,4100,6100,7000,7600,9000,10000,11000,12000,13000,13000,13000,481,0,4100,4821.1812495862805,355.3681580015109,13475.299220001034,1231.116424116424
1781578257,20,,Aggregated,4.000000,0.000000,4000,6100,7000,7600,9000,10000,11000,12000,13000,13000,13000,485,0,4000,4796.173830754642,355.3681580015109,13475.299220001034,1230.7422680412371
1781578258,20,,Aggregated,4.500000,0.000000,3900,6100,7000,7600,9000,10000,11000,12000,13000,13000,13000,491,0,3900,4764.368487221994,355.3681580015109,13475.299220001034,1230.356415478615
1781578259,20,,Aggregated,4.400000,0.000000,3800,6000,7000,7500,9000,10000,11000,12000,13000,13000,13000,498,0,3800,4729.658001991965,355.3681580015109,13475.299220001034,1227.9799196787149
1781578260,20,,Aggregated,4.200000,0.000000,3700,6000,6900,7500,9000,10000,11000,12000,13000,13000,13000,505,0,3700,4688.768645742567,355.3681580015109,13475.299220001034,1224.8594059405941
1781578261,20,,Aggregated,4.200000,0.000000,3700,5900,6900,7500,9000,10000,11000,12000,13000,13000,13000,507,0,3700,4678.261796489146,355.3681580015109,13475.299220001034,1225.2978303747534
1781578262,20,,Aggregated,4.900000,0.000000,3700,5900,6800,7500,9000,10000,11000,12000,13000,13000,13000,510,0,3700,4663.308828133324,355.3681580015109,13475.299220001034,1226.0294117647059
1781578263,20,,Aggregated,4.900000,0.000000,3700,5900,6800,7500,8900,10000,11000,12000,13000,13000,13000,513,0,3700,4650.863069356717,355.3681580015109,13475.299220001034,1226.1208576998051
1781578264,20,,Aggregated,5.000000,0.000000,3600,5900,6800,7400,8900,10000,11000,12000,13000,13000,13000,517,0,3600,4637.280268570591,355.3681580015109,13475.299220001034,1225.5087040618955
1781578265,20,,Aggregated,4.900000,0.000000,3600,5900,6800,7400,8900,10000,11000,12000,13000,13000,13000,518,0,3600,4635.454151444009,355.3681580015109,13475.299220001034,1226.2972972972973
1781578266,20,,Aggregated,4.900000,0.000000,3700,5900,6800,7400,8900,10000,11000,12000,13000,13000,13000,520,0,3600,4636.187351755765,355.3681580015109,13475.299220001034,1228.5134615384616
1781578267,20,,Aggregated,4.800000,0.000000,3700,5800,6800,7400,8900,10000,11000,12000,13000,13000,13000,521,0,3700,4636.40984176967,355.3681580015109,13475.299220001034,1228.612284069098
1781578268,20,,Aggregated,3.900000,0.000000,3700,5800,6800,7400,8900,10000,11000,12000,13000,13000,13000,524,0,3700,4640.988733003809,355.3681580015109,13475.299220001034,1229.5916030534352
1781578269,20,,Aggregated,3.900000,0.000000,3700,5900,6800,7400,8900,10000,11000,12000,13000,13000,13000,526,0,3700,4646.450778161588,355.3681580015109,13475.299220001034,1230.365019011407
1781578270,20,,Aggregated,3.600000,0.000000,3700,5900,6800,7400,8900,10000,11000,12000,13000,13000,13000,528,0,3700,4652.94062514772,355.3681580015109,13475.299220001034,1231.5265151515152
1781578271,20,,Aggregated,3.400000,0.000000,3700,5900,6800,7400,8900,10000,11000,12000,13000,13000,13000,530,0,3700,4660.363750884899,355.3681580015109,13475.299220001034,1232.2301886792452
1781578272,20,,Aggregated,2.900000,0.000000,3700,5900,6800,7400,8800,10000,11000,12000,13000,13000,13000,531,0,3700,4665.4058772918925,355.3681580015109,13475.299220001034,1232.7514124293784
1781578273,20,,Aggregated,2.300000,0.000000,3800,5900,6800,7400,8800,10000,11000,12000,13000,13000,13000,533,0,3800,4678.638815285169,355.3681580015109,13475.299220001034,1234.8686679174484
1781578274,20,,Aggregated,2.300000,0.000000,3800,5900,6800,7400,8800,10000,11000,12000,13000,13000,13000,534,0,3800,4684.989310091749,355.3681580015109,13475.299220001034,1235.4943820224719
1781578275,20,,Aggregated,1.900000,0.000000,3800,6000,6900,7500,8800,10000,11000,12000,13000,13000,13000,537,0,3800,4705.9505534822965,355.3681580015109,13475.299220001034,1236.7150837988827
1781578276,20,,Aggregated,1.900000,0.000000,3800,6000,6900,7500,8800,10000,11000,12000,13000,13000,13000,539,0,3800,4719.202920962886,355.3681580015109,13475.299220001034,1237.2764378478664
1781578277,20,,Aggregated,1.900000,0.000000,3800,6100,7000,7600,8800,9900,11000,12000,13000,13000,13000,541,0,3800,4733.515690129382,355.3681580015109,13475.299220001034,1238.5083179297596
1781578278,20,,Aggregated,1.900000,0.000000,3900,6100,7000,7600,8800,9900,11000,12000,13000,13000,13000,543,0,3900,4746.856336200733,355.3681580015109,13475.299220001034,1239.7163904235726
1781578279,20,,Aggregated,1.900000,0.000000,3900,6100,7000,7700,8800,9900,11000,12000,13000,13000,13000,544,0,3900,4752.846939746317,355.3681580015109,13475.299220001034,1239.7996323529412
1781578280,20,,Aggregated,1.700000,0.000000,4000,6100,7100,7800,8800,9900,11000,12000,13000,13000,13000,548,0,4000,4780.309164532842,355.3681580015109,13475.299220001034,1240.7664233576643
1781578281,20,,Aggregated,1.800000,0.000000,4000,6100,7100,7800,8800,9900,11000,12000,13000,13000,13000,551,0,4000,4801.619556872949,355.3681580015109,13475.299220001034,1241.2032667876588
1781578282,20,,Aggregated,1.800000,0.000000,4000,6100,7100,7800,8800,9900,11000,12000,13000,13000,13000,552,0,4000,4806.334157177525,355.3681580015109,13475.299220001034,1241.4039855072465
1781578283,20,,Aggregated,1.900000,0.000000,4100,6100,7100,7900,8800,9900,11000,12000,13000,13000,13000,554,0,4000,4815.601213431399,355.3681580015109,13475.299220001034,1242.1570397111914
1781578284,20,,Aggregated,1.900000,0.000000,4100,6200,7200,7900,8800,9900,11000,12000,13000,13000,13000,555,0,4100,4821.200875542335,355.3681580015109,13475.299220001034,1242.9513513513514
1781578285,20,,Aggregated,2.000000,0.000000,4200,6200,7200,7900,8800,9900,11000,12000,13000,13000,13000,557,0,4200,4829.124952698379,355.3681580015109,13475.299220001034,1243.3518850987432
1781578286,20,,Aggregated,2.000000,0.000000,4300,6200,7300,7900,8800,9900,11000,12000,13000,13000,13000,559,0,4300,4839.968346202139,355.3681580015109,13475.299220001034,1244.561717352415
1781578287,20,,Aggregated,2.100000,0.000000,4300,6300,7300,7900,8800,9800,11000,12000,13000,13000,13000,561,0,4300,4849.519874377893,355.3681580015109,13475.299220001034,1245.2335115864528
1781578288,20,,Aggregated,2.000000,0.000000,4400,6300,7300,7900,8800,9800,11000,12000,13000,13000,13000,563,0,4400,4858.820606953813,355.3681580015109,13475.299220001034,1245.6749555950266
1781578289,20,,Aggregated,2.000000,0.000000,4400,6300,7300,7900,8800,9800,11000,12000,13000,13000,13000,564,0,4400,4863.671888523046,355.3681580015109,13475.299220001034,1245.3617021276596
1781578290,20,,Aggregated,2.100000,0.000000,4500,6400,7300,8000,8800,9800,11000,12000,13000,13000,13000,568,0,4400,4889.374203223586,355.3681580015109,13475.299220001034,1247.5404929577464
1781578291,20,,Aggregated,2.000000,0.000000,4500,6400,7400,8000,8800,9800,11000,12000,13000,13000,13000,571,0,4500,4906.770207523637,355.3681580015109,13475.299220001034,1247.3187390542907
1781578292,20,,Aggregated,2.000000,0.000000,4600,6400,7400,8000,8800,9800,11000,12000,13000,13000,13000,574,0,4500,4921.39972544599,355.3681580015109,13475.299220001034,1247.1898954703834
1781578293,20,,Aggregated,2.100000,0.000000,4600,6400,7400,8000,8800,9800,11000,12000,13000,13000,13000,577,0,4600,4930.680473665505,355.3681580015109,13475.299220001034,1247.3067590987869
1781578294,20,,Aggregated,2.100000,0.000000,4700,6400,7400,8000,8800,9800,11000,12000,13000,13000,13000,580,0,4600,4938.0799605430975,355.3681580015109,13475.299220001034,1247.693103448276
1781578295,20,,Aggregated,2.100000,0.000000,4700,6400,7400,8000,8800,9800,11000,12000,13000,13000,13000,582,0,4700,4942.276215929544,355.3681580015109,13475.299220001034,1247.8539518900343
1781578296,20,,Aggregated,2.300000,0.000000,4700,6400,7300,8000,8800,9800,11000,12000,13000,13000,13000,587,0,4700,4942.870330183979,355.3681580015109,13475.299220001034,1247.1209540034072
1781578297,20,,Aggregated,2.600000,0.000000,4600,6400,7300,7900,8800,9800,11000,12000,13000,13000,13000,593,0,4600,4934.69436347722,355.3681580015109,13475.299220001034,1245.0320404721754
1781578298,20,,Aggregated,2.500000,0.000000,4600,6400,7300,7900,8800,9800,11000,12000,13000,13000,13000,596,0,4600,4930.286177367435,355.3681580015109,13475.299220001034,1244.7013422818793
1781578299,20,,Aggregated,2.500000,0.000000,4600,6300,7300,7900,8800,9800,11000,12000,13000,13000,13000,598,0,4600,4925.395981065203,355.3681580015109,13475.299220001034,1244.3662207357859
1781578300,20,,Aggregated,3.300000,0.000000,4500,6300,7300,7900,8800,9800,11000,12000,13000,13000,13000,602,0,4500,4914.725902727559,355.3681580015109,13475.299220001034,1243.591362126246
1781578301,20,,Aggregated,3.400000,0.000000,4500,6300,7300,7900,8800,9800,11000,12000,13000,13000,13000,606,0,4500,4904.893343762357,355.3681580015109,13475.299220001034,1243.7887788778878
1781578302,20,,Aggregated,3.400000,0.000000,4500,6300,7300,7900,8800,9800,11000,12000,13000,13000,13000,607,0,4500,4902.849332711677,355.3681580015109,13475.299220001034,1243.7611202635915
1781578303,20,,Aggregated,3.400000,0.000000,4400,6200,7300,7800,8800,9800,11000,12000,13000,13000,13000,611,0,4400,4897.25056125694,355.3681580015109,13475.299220001034,1244.2356792144026
1781578304,20,,Aggregated,3.400000,0.000000,4400,6200,7300,7800,8800,9800,11000,12000,13000,13000,13000,615,0,4400,4892.351335021124,355.3681580015109,13475.299220001034,1242.7235772357724
1781578305,20,,Aggregated,3.200000,0.000000,4400,6200,7300,7800,8800,9800,11000,12000,13000,13000,13000,620,0,4400,4889.495257749987,355.3681580015109,13475.299220001034,1242.3370967741935
1781578306,20,,Aggregated,3.500000,0.000000,4400,6200,7200,7800,8800,9700,11000,12000,13000,13000,13000,625,0,4400,4876.57068318079,355.3681580015109,13475.299220001034,1240.9312
1781578307,20,,Aggregated,3.500000,0.000000,4200,6100,7100,7700,8800,9700,11000,12000,13000,13000,13000,635,0,4200,4822.769243878734,355.3681580015109,13475.299220001034,1237.0141732283464
1781578308,20,,Aggregated,4.000000,0.000000,4100,6100,7100,7700,8700,9700,11000,12000,13000,13000,13000,644,0,4100,4763.56120998291,184.4381800001429,13475.299220001034,1234.0900621118012
1781578309,20,,Aggregated,4.100000,0.000000,4000,6100,7100,7600,8700,9700,11000,12000,13000,13000,13000,649,0,4000,4730.955543018482,184.4381800001429,13475.299220001034,1232.8058551617873
1781578310,20,,Aggregated,4.500000,0.000000,4000,6100,7000,7600,8700,9700,11000,12000,13000,13000,13000,653,0,4000,4706.187646220513,184.4381800001429,13475.299220001034,1231.9617151607963
1781578311,20,,Aggregated,4.800000,0.000000,4000,6100,7000,7600,8700,9700,11000,12000,13000,13000,13000,656,0,4000,4691.269893143286,184.4381800001429,13475.299220001034,1232.1432926829268
1781578312,20,,Aggregated,5.200000,0.000000,3900,6000,7000,7600,8700,9700,11000,12000,13000,13000,13000,662,0,3900,4666.619798969787,184.4381800001429,13475.299220001034,1230.8383685800604
1781578313,20,,Aggregated,5.200000,0.000000,3900,6000,7000,7600,8700,9700,11000,12000,13000,13000,13000,666,0,3900,4649.274382882882,184.4381800001429,13475.299220001034,1229.4249249249249
1781578314,20,,Aggregated,5.000000,0.000000,3900,6000,7000,7600,8700,9700,11000,12000,13000,13000,13000,668,0,3800,4642.772866947605,184.4381800001429,13475.299220001034,1230.127245508982
1781578315,20,,Aggregated,5.800000,0.000000,3800,5900,7000,7500,8700,9700,11000,12000,13000,13000,13000,674,0,3800,4627.9912681691385,184.4381800001429,13475.299220001034,1229.6691394658753
1781578316,20,,Aggregated,5.500000,0.000000,3800,5900,7000,7500,8700,9700,11000,12000,13000,13000,13000,676,0,3800,4622.789208230768,184.4381800001429,13475.299220001034,1230.1878698224853
1781578317,20,,Aggregated,5.500000,0.000000,3800,5900,6900,7500,8700,9700,11000,12000,13000,13000,13000,679,0,3800,4615.496226886596,184.4381800001429,13475.299220001034,1229.9175257731958
1781578318,20,,Aggregated,5.100000,0.000000,3800,5900,6900,7500,8600,9700,11000,12000,13000,13000,13000,681,0,3800,4611.4558120455185,184.4381800001429,13475.299220001034,1230.5506607929515
1781578319,20,,Aggregated,4.800000,0.000000,3800,5900,6900,7500,8600,9700,11000,12000,13000,13000,13000,684,0,3800,4609.714210527776,184.4381800001429,13475.299220001034,1230.8713450292398
1781578320,20,,Aggregated,4.000000,0.000000,3800,5900,6900,7500,8600,9700,11000,12000,13000,13000,13000,686,0,3800,4610.868761129735,184.4381800001429,13475.299220001034,1231.5043731778426
1781578321,20,,Aggregated,3.600000,0.000000,3800,5900,6900,7500,8600,9700,11000,12000,13000,13000,13000,687,0,3800,4611.496499199415,184.4381800001429,13475.299220001034,1232.2838427947597
1781578322,20,,Aggregated,3.300000,0.000000,3800,5800,6900,7500,8600,9700,11000,12000,13000,13000,13000,692,0,3800,4615.260957999999,184.4381800001429,13475.299220001034,1232.143063583815
1781578323,20,,Aggregated,3.200000,0.000000,3900,5800,6900,7500,8600,9700,11000,12000,13000,13000,13000,695,0,3900,4619.979004615828,184.4381800001429,13475.299220001034,1232.7035971223022
1781578324,20,,Aggregated,3.100000,0.000000,3900,5800,6900,7500,8600,9700,11000,12000,13000,13000,13000,696,0,3900,4621.506538104887,184.4381800001429,13475.299220001034,1232.8491379310344
1781578325,20,,Aggregated,2.600000,0.000000,3900,5800,6800,7500,8600,9700,11000,12000,13000,13000,13000,698,0,3900,4625.588420136107,184.4381800001429,13475.299220001034,1233.5444126074499
1781578326,20,,Aggregated,2.600000,0.000000,3900,5800,6800,7500,8600,9700,11000,12000,13000,13000,13000,699,0,3900,4627.112553894139,184.4381800001429,13475.299220001034,1233.7482117310444
1781578327,20,,Aggregated,2.700000,0.000000,3900,5900,6800,7400,8600,9700,11000,12000,13000,13000,13000,701,0,3900,4632.069255711842,184.4381800001429,13475.299220001034,1234.6861626248217
1781578328,20,,Aggregated,2.400000,0.000000,3900,5900,6800,7400,8600,9700,11000,12000,13000,13000,13000,703,0,3900,4638.128466173544,184.4381800001429,13475.299220001034,1235.406827880512
1781578329,20,,Aggregated,2.200000,0.000000,4000,5900,6800,7400,8600,9700,11000,12000,13000,13000,13000,707,0,4000,4648.222986492223,184.4381800001429,13475.299220001034,1235.4596888260255
1781578330,20,,Aggregated,2.200000,0.000000,4000,5900,6800,7400,8600,9700,11000,12000,13000,13000,13000,707,0,4000,4648.222986492223,184.4381800001429,13475.299220001034,1235.4596888260255
1781578331,20,,Aggregated,2.200000,0.000000,4000,5900,6800,7400,8600,9700,11000,12000,13000,13000,13000,709,0,4000,4654.896251249654,184.4381800001429,13475.299220001034,1236.3906911142453
1781578332,20,,Aggregated,2.200000,0.000000,4000,6000,6900,7400,8600,9700,11000,12000,13000,13000,13000,711,0,4000,4663.960732772159,184.4381800001429,13475.299220001034,1237.1575246132209
1781578333,20,,Aggregated,2.300000,0.000000,4000,6000,6900,7500,8600,9700,11000,12000,13000,13000,13000,714,0,4000,4678.6391602507065,184.4381800001429,13475.299220001034,1237.4439775910364
1781578334,20,,Aggregated,2.000000,0.000000,4100,6000,6900,7500,8600,9700,11000,12000,13000,13000,13000,716,0,4000,4684.815727945536,184.4381800001429,13475.299220001034,1237.7737430167597
1781578335,20,,Aggregated,2.100000,0.000000,4100,6100,6900,7500,8600,9700,11000,12000,13000,13000,13000,720,0,4100,4696.175036690281,184.4381800001429,13475.299220001034,1237.6138888888888
1781578336,20,,Aggregated,2.000000,0.000000,4200,6100,7000,7500,8600,9700,11000,12000,13000,13000,13000,722,0,4100,4703.295526047093,184.4381800001429,13475.299220001034,1238.5706371191136
1781578337,20,,Aggregated,2.200000,0.000000,4200,6100,6900,7500,8600,9700,11000,12000,13000,13000,13000,725,0,4200,4707.03098399035,184.4381800001429,13475.299220001034,1237.9268965517242
1781578338,20,,Aggregated,2.100000,0.000000,4200,6000,6900,7500,8600,9700,11000,12000,13000,13000,13000,728,0,4200,4710.111046380497,184.4381800001429,13475.299220001034,1238.107142857143
1781578339,20,,Aggregated,2.200000,0.000000,4300,6000,6900,7500,8600,9700,11000,12000,13000,13000,13000,730,0,4200,4712.878130152058,184.4381800001429,13475.299220001034,1239.031506849315
1781578340,20,,Aggregated,2.500000,0.000000,4300,6000,6900,7400,8500,9700,11000,12000,13000,13000,13000,733,0,4300,4713.729789699866,184.4381800001429,13475.299220001034,1238.4884038199182
1781578341,20,,Aggregated,2.300000,0.000000,4300,6000,6900,7400,8500,9700,11000,12000,13000,13000,13000,735,0,4300,4714.986557329258,184.4381800001429,13475.299220001034,1238.3401360544217
1781578342,20,,Aggregated,2.500000,0.000000,4300,6000,6900,7400,8500,9700,11000,12000,13000,13000,13000,738,0,4300,4719.121470532527,184.4381800001429,13475.299220001034,1239.050135501355
1781578343,20,,Aggregated,2.400000,0.000000,4300,6000,6900,7400,8500,9600,11000,12000,13000,13000,13000,741,0,4300,4719.165668784082,184.4381800001429,13475.299220001034,1238.6221322537112
1781578344,20,,Aggregated,2.600000,0.000000,4400,6000,6900,7400,8500,9600,11000,12000,13000,13000,13000,744,0,4300,4720.446160919362,184.4381800001429,13475.299220001034,1238.592741935484
1781578345,20,,Aggregated,2.600000,0.000000,4400,6000,6800,7400,8500,9600,11000,12000,13000,13000,13000,747,0,4400,4721.810354323966,184.4381800001429,13475.299220001034,1238.1847389558234
1781578346,20,,Aggregated,2.600000,0.000000,4300,5900,6800,7400,8500,9600,11000,12000,13000,13000,13000,753,0,4300,4717.257761608234,184.4381800001429,13475.299220001034,1237.1235059760957
1781578347,20,,Aggregated,2.600000,0.000000,4300,5900,6800,7400,8500,9600,11000,12000,13000,13000,13000,758,0,4300,4706.83173687731,184.4381800001429,13475.299220001034,1235.9023746701846
1781578348,20,,Aggregated,2.900000,0.000000,4300,5900,6800,7300,8500,9600,11000,12000,13000,13000,13000,761,0,4300,4697.380533725365,184.4381800001429,13475.299220001034,1235.365308804205
1781578349,20,,Aggregated,3.100000,0.000000,4200,5900,6800,7300,8500,9600,11000,12000,13000,13000,13000,768,0,4200,4673.611912705731,184.4381800001429,13475.299220001034,1234.4270833333333
1781578350,20,,Aggregated,3.300000,0.000000,4200,5800,6800,7300,8500,9600,11000,12000,13000,13000,13000,775,0,4200,4645.216432663229,184.4381800001429,13475.299220001034,1232.330322580645
1781578351,20,,Aggregated,3.400000,0.000000,4200,5800,6800,7300,8500,9600,11000,12000,13000,13000,13000,782,0,4100,4611.1357086010275,184.4381800001429,13475.299220001034,1230.2442455242967
1781578352,20,,Aggregated,3.800000,0.000000,4100,5700,6800,7300,8500,9600,11000,12000,13000,13000,13000,786,0,4100,4591.217447758272,184.4381800001429,13475.299220001034,1230.1068702290077
1781578353,20,,Aggregated,4.500000,0.000000,4000,5700,6700,7300,8500,9600,11000,12000,13000,13000,13000,795,0,4000,4545.223988392452,184.4381800001429,13475.299220001034,1227.4062893081762
1781578354,20,,Aggregated,4.700000,0.000000,4000,5700,6700,7300,8500,9600,11000,12000,13000,13000,13000,799,0,4000,4527.955347352942,184.4381800001429,13475.299220001034,1227.2290362953693
1781578355,20,,Aggregated,5.100000,0.000000,4000,5700,6700,7300,8500,9600,11000,12000,13000,13000,13000,800,0,4000,4525.0173095475,184.4381800001429,13475.299220001034,1227.52
1781578356,20,,Aggregated,5.500000,0.000000,3900,5700,6700,7300,8500,9500,11000,11000,13000,13000,13000,805,0,3900,4512.223947995035,184.4381800001429,13475.299220001034,1227.5031055900622
1781578357,20,,Aggregated,5.400000,0.000000,3900,5600,6700,7300,8400,9500,11000,11000,13000,13000,13000,811,0,3900,4498.874760479658,184.4381800001429,13475.299220001034,1226.304562268804
1781578358,20,,Aggregated,5.200000,0.000000,3800,5600,6700,7300,8400,9500,11000,11000,13000,13000,13000,816,0,3800,4487.764704852948,184.4381800001429,13475.299220001034,1225.4926470588234
1781578359,20,,Aggregated,5.100000,0.000000,3800,5600,6600,7300,8400,9500,11000,11000,13000,13000,13000,818,0,3800,4481.778525244506,184.4381800001429,13475.299220001034,1225.5892420537898
1781578360,20,,Aggregated,5.100000,0.000000,3800,5600,6600,7200,8400,9500,11000,11000,13000,13000,13000,822,0,3800,4468.773659530424,184.4381800001429,13475.299220001034,1225.712895377129
1781578361,20,,Aggregated,5.400000,0.000000,3800,5600,6600,7200,8400,9500,11000,11000,13000,13000,13000,824,0,3800,4463.886710064329,184.4381800001429,13475.299220001034,1225.9308252427184
1781578362,20,,Aggregated,4.900000,0.000000,3800,5600,6600,7200,8400,9500,11000,11000,13000,13000,13000,826,0,3800,4461.2544959213155,184.4381800001429,13475.299220001034,1226.6222760290557
1781578363,20,,Aggregated,4.400000,0.000000,3800,5600,6600,7200,8400,9500,11000,11000,13000,13000,13000,827,0,3800,4460.313198527215,184.4381800001429,13475.299220001034,1226.8839177750906
1781578364,20,,Aggregated,4.100000,0.000000,3800,5600,6600,7100,8400,9500,11000,11000,13000,13000,13000,832,0,3800,4459.191499911066,184.4381800001429,13475.299220001034,1226.5420673076924
1781578365,20,,Aggregated,3.600000,0.000000,3800,5600,6600,7100,8400,9500,11000,11000,13000,13000,13000,835,0,3800,4460.454477171266,184.4381800001429,13475.299220001034,1226.8275449101795
1781578366,20,,Aggregated,3.200000,0.000000,3800,5600,6600,7100,8400,9500,11000,11000,13000,13000,13000,836,0,3800,4461.2724574186705,184.4381800001429,13475.299220001034,1227.049043062201
1781578367,20,,Aggregated,3.300000,0.000000,3800,5600,6600,7100,8400,9500,11000,11000,13000,13000,13000,838,0,3800,4463.561969323398,184.4381800001429,13475.299220001034,1228.664677804296
1781578368,20,,Aggregated,3.400000,0.000000,3800,5600,6500,7100,8400,9300,11000,11000,13000,13000,13000,841,0,3800,4467.483367891804,184.4381800001429,13475.299220001034,1228.6527942925088
1781578369,20,,Aggregated,3.100000,0.000000,3900,5600,6500,7100,8400,9300,11000,11000,13000,13000,13000,843,0,3900,4472.032761562286,184.4381800001429,13475.299220001034,1229.2740213523132
1781578370,20,,Aggregated,2.800000,0.000000,3900,5600,6500,7100,8400,9300,11000,11000,13000,13000,13000,844,0,3900,4473.313630001195,184.4381800001429,13475.299220001034,1229.4620853080569
1781578371,20,,Aggregated,2.500000,0.000000,3900,5600,6500,7100,8400,9300,11000,11000,13000,13000,13000,847,0,3900,4478.8553257131125,184.4381800001429,13475.299220001034,1229.4262101534828
1781578372,20,,Aggregated,2.400000,0.000000,3900,5600,6500,7100,8400,9300,11000,11000,13000,13000,13000,850,0,3900,4485.383929710597,184.4381800001429,13475.299220001034,1230.1882352941177
1781578373,20,,Aggregated,2.300000,0.000000,3900,5600,6600,7100,8400,9300,11000,11000,13000,13000,13000,851,0,3900,4488.5114551151655,184.4381800001429,13475.299220001034,1230.5652173913043
1781578374,20,,Aggregated,2.400000,0.000000,4000,5600,6600,7100,8400,9300,11000,11000,13000,13000,13000,854,0,4000,4495.661976696731,184.4381800001429,13475.299220001034,1230.7224824355972
1781578375,20,,Aggregated,2.400000,0.000000,4000,5600,6600,7100,8400,9300,11000,11000,13000,13000,13000,857,0,4000,4500.875991719963,184.4381800001429,13475.299220001034,1230.9871645274213
1781578376,20,,Aggregated,2.400000,0.000000,4000,5600,6600,7100,8400,9300,11000,11000,13000,13000,13000,857,0,4000,4500.875991719963,184.4381800001429,13475.299220001034,1230.9871645274213
1781578377,20,,Aggregated,2.200000,0.000000,4000,5600,6600,7100,8400,9300,11000,11000,13000,13000,13000,859,0,4000,4506.179595443549,184.4381800001429,13475.299220001034,1231.5261932479627
1781578378,20,,Aggregated,2.200000,0.000000,4000,5700,6600,7100,8400,9300,11000,11000,13000,13000,13000,863,0,4000,4516.912130384716,184.4381800001429,13475.299220001034,1232.2780996523754
1781578379,20,,Aggregated,2.200000,0.000000,4000,5700,6600,7100,8400,9300,11000,11000,13000,13000,13000,864,0,4000,4520.281843584502,184.4381800001429,13475.299220001034,1232.7696759259259
1781578380,20,,Aggregated,2.100000,0.000000,4000,5700,6600,7100,8400,9300,11000,11000,13000,13000,13000,865,0,4000,4523.993731784981,184.4381800001429,13475.299220001034,1233.387283236994
1781578381,20,,Aggregated,2.200000,0.000000,4000,5700,6600,7100,8400,9300,11000,11000,13000,13000,13000,869,0,4000,4537.557813805534,184.4381800001429,13475.299220001034,1233.5431530494823
1781578382,20,,Aggregated,2.100000,0.000000,4000,5700,6600,7100,8400,9300,11000,11000,13000,13000,13000,871,0,4000,4541.913349555695,184.4381800001429,13475.299220001034,1233.3272101033294
1781578383,20,,Aggregated,2.000000,0.000000,4100,5800,6600,7100,8400,9300,11000,11000,13000,13000,13000,873,0,4100,4548.223250978248,184.4381800001429,13475.299220001034,1234.0469644902635
1781578384,20,,Aggregated,2.200000,0.000000,4100,5800,6700,7200,8400,9300,11000,11000,13000,13000,13000,875,0,4100,4555.2900946617265,184.4381800001429,13475.299220001034,1234.5154285714286
1781578385,20,,Aggregated,2.200000,0.000000,4200,5800,6700,7200,8400,9300,11000,11000,13000,13000,13000,878,0,4100,4563.337102228944,184.4381800001429,13475.299220001034,1234.6833712984055
1781578386,20,,Aggregated,2.100000,0.000000,4200,5800,6700,7100,8400,9200,11000,11000,13000,13000,13000,883,0,4200,4567.690963210659,184.4381800001429,13475.299220001034,1234.0124575311438
1781578387,20,,Aggregated,2.200000,0.000000,4200,5800,6600,7100,8400,9200,11000,11000,13000,13000,13000,886,0,4200,4569.269238768637,184.4381800001429,13475.299220001034,1233.8961625282168
1781578388,20,,Aggregated,2.200000,0.000000,4200,5800,6600,7100,8400,9200,11000,11000,13000,13000,13000,888,0,4200,4569.430249496638,184.4381800001429,13475.299220001034,1233.8220720720722
1781578389,20,,Aggregated,2.500000,0.000000,4200,5700,6600,7100,8400,9200,11000,11000,13000,13000,13000,892,0,4200,4571.435163276921,184.4381800001429,13475.299220001034,1234.0874439461884
1781578390,20,,Aggregated,2.600000,0.000000,4200,5700,6600,7100,8400,9200,11000,11000,13000,13000,13000,896,0,4200,4567.704783608277,184.4381800001429,13475.299220001034,1233.9620535714287
1781578391,20,,Aggregated,2.500000,0.000000,4200,5700,6600,7100,8400,9200,11000,11000,13000,13000,13000,899,0,4200,4563.884140406023,184.4381800001429,13475.299220001034,1233.3270300333704
1781578392,20,,Aggregated,2.800000,0.000000,4200,5700,6600,7100,8300,9100,10000,11000,13000,13000,13000,902,0,4200,4561.554908717314,184.4381800001429,13475.299220001034,1232.9079822616409
1781578393,20,,Aggregated,3.100000,0.000000,4200,5700,6600,7100,8300,9100,10000,11000,13000,13000,13000,906,0,4200,4555.930045556307,184.4381800001429,13475.299220001034,1232.4757174392937
1781578394,20,,Aggregated,2.900000,0.000000,4100,5700,6600,7100,8300,9100,10000,11000,13000,13000,13000,911,0,4100,4545.2774625719185,184.4381800001429,13475.299220001034,1231.1909989023052
1781578395,20,,Aggregated,3.000000,0.000000,4100,5600,6600,7100,8300,9100,10000,11000,13000,13000,13000,916,0,4000,4535.782843032773,184.4381800001429,13475.299220001034,1230.5862445414848
1781578396,20,,Aggregated,3.300000,0.000000,4000,5600,6600,7100,8300,9100,10000,11000,13000,13000,13000,919,0,4000,4531.034158811771,184.4381800001429,13475.299220001034,1229.961915125136
1781578397,20,,Aggregated,3.500000,0.000000,4000,5600,6600,7100,8300,9100,10000,11000,13000,13000,13000,923,0,4000,4524.435214412802,184.4381800001429,13475.299220001034,1230.4496208017335
1781578398,20,,Aggregated,3.700000,0.000000,4000,5600,6500,7000,8300,9100,10000,11000,13000,13000,13000,926,0,4000,4516.706831213841,184.4381800001429,13475.299220001034,1229.5075593952483
1781578400,20,,Aggregated,3.600000,0.000000,4000,5600,6500,7000,8300,9100,10000,11000,13000,13000,13000,928,0,4000,4514.041628313594,184.4381800001429,13475.299220001034,1230.1163793103449
1781578401,20,,Aggregated,3.700000,0.000000,4000,5600,6500,7000,8300,9100,10000,11000,13000,13000,13000,933,0,4000,4509.610038887474,184.4381800001429,13475.299220001034,1229.8327974276526
1781578402,20,,Aggregated,3.800000,0.000000,4000,5600,6500,7000,8300,9100,10000,11000,13000,13000,13000,941,0,4000,4493.196248289068,184.4381800001429,13475.299220001034,1227.6184909670562
1781578403,20,,Aggregated,3.600000,0.000000,4000,5600,6500,7000,8300,9100,10000,11000,13000,13000,13000,946,0,3900,4478.8204636945175,184.4381800001429,13475.299220001034,1226.536997885835
1781578404,20,,Aggregated,3.700000,0.000000,3900,5600,6500,7000,8300,9100,10000,11000,13000,13000,13000,947,0,3900,4477.100238817333,184.4381800001429,13475.299220001034,1227.0232312565997
1781578405,20,,Aggregated,4.200000,0.000000,3900,5600,6500,7000,8300,9100,10000,11000,13000,13000,13000,948,0,3900,4474.311482071745,184.4381800001429,13475.299220001034,1226.7088607594937
1781578406,20,,Aggregated,4.400000,0.000000,3900,5600,6500,7000,8300,9100,10000,11000,13000,13000,13000,950,0,3900,4470.492710940014,184.4381800001429,13475.299220001034,1226.7336842105262
1781578407,20,,Aggregated,4.100000,0.000000,3900,5600,6500,7000,8300,9100,10000,11000,13000,13000,13000,951,0,3900,4469.497663825461,184.4381800001429,13475.299220001034,1226.7381703470032
1781578408,20,,Aggregated,3.700000,0.000000,3900,5600,6500,7000,8300,9100,10000,11000,13000,13000,13000,952,0,3900,4469.9565113067365,184.4381800001429,13475.299220001034,1227.1743697478992
1781578409,20,,Aggregated,3.400000,0.000000,3900,5600,6500,7000,8300,9100,10000,11000,13000,13000,13000,955,0,3900,4474.649141256558,184.4381800001429,13475.299220001034,1229.6167539267017
1781578410,20,,Aggregated,3.200000,0.000000,4000,5600,6400,7000,8300,9100,10000,11000,13000,13000,13000,960,0,4000,4482.818897746888,184.4381800001429,13475.299220001034,1228.98125
1781578411,20,,Aggregated,2.900000,0.000000,4000,5600,6400,7000,8300,9100,10000,11000,13000,13000,13000,963,0,4000,4488.260910019745,184.4381800001429,13475.299220001034,1229.056074766355
1781578412,20,,Aggregated,2.900000,0.000000,4000,5600,6400,7000,8300,9100,10000,11000,13000,13000,13000,970,0,4000,4490.952716251564,184.4381800001429,13475.299220001034,1227.7381443298968
1781578413,20,,Aggregated,3.000000,0.000000,4000,5600,6400,7000,8200,9100,10000,11000,13000,13000,13000,973,0,4000,4485.614916723554,184.4381800001429,13475.299220001034,1227.5262076053443
1781578414,20,,Aggregated,3.000000,0.000000,4000,5600,6400,7000,8200,9100,10000,11000,13000,13000,13000,974,0,4000,4483.462414385029,184.4381800001429,13475.299220001034,1227.6960985626283
1781578415,20,,Aggregated,2.900000,0.000000,4000,5600,6400,7000,8200,9100,10000,11000,13000,13000,13000,977,0,4000,4479.56564078917,184.4381800001429,13475.299220001034,1227.9897645854658
1781578416,20,,Aggregated,2.700000,0.000000,4000,5600,6400,7000,8200,9100,10000,11000,13000,13000,13000,979,0,4000,4477.965218927497,184.4381800001429,13475.299220001034,1227.8988764044943
1781578417,20,,Aggregated,2.900000,0.000000,3900,5600,6400,6900,8200,9000,10000,11000,13000,13000,13000,985,0,3900,4471.915140526926,184.4381800001429,13475.299220001034,1227.4527918781725
1781578418,20,,Aggregated,2.900000,0.000000,3900,5600,6400,6900,8200,9000,10000,11000,13000,13000,13000,987,0,3900,4470.946891263448,184.4381800001429,13475.299220001034,1227.6200607902736
1781578419,20,,Aggregated,2.800000,0.000000,4000,5600,6400,6900,8200,9000,10000,11000,13000,13000,13000,990,0,3900,4470.569181225275,184.4381800001429,13475.299220001034,1227.448484848485
1781578420,20,,Aggregated,3.300000,0.000000,4000,5600,6400,6900,8200,9000,10000,11000,13000,13000,13000,992,0,4000,4470.9664864828865,184.4381800001429,13475.299220001034,1227.6582661290322
1781578421,20,,Aggregated,3.500000,0.000000,4000,5600,6400,6900,8200,9000,10000,11000,13000,13000,13000,994,0,4000,4471.764471832016,184.4381800001429,13475.299220001034,1227.9879275653923
1781578422,20,,Aggregated,3.200000,0.000000,4000,5600,6400,6900,8200,9000,10000,11000,13000,13000,13000,998,0,4000,4471.967632259542,184.4381800001429,13475.299220001034,1227.8957915831663
1781578423,20,,Aggregated,3.100000,0.000000,4000,5600,6400,6900,8200,9000,10000,11000,13000,13000,13000,1000,0,4000,4474.226054506025,184.4381800001429,13475.299220001034,1228.591
1781578424,20,,Aggregated,3.100000,0.000000,4000,5600,6400,6900,8200,9000,10000,11000,12000,13000,13000,1001,0,4000,4475.359656549475,184.4381800001429,13475.299220001034,1228.7082917082917
1781578425,20,,Aggregated,2.600000,0.000000,4000,5600,6400,6900,8200,9000,10000,11000,12000,13000,13000,1003,0,4000,4478.820865743794,184.4381800001429,13475.299220001034,1229.3619142572284
1781578426,20,,Aggregated,2.700000,0.000000,4000,5600,6400,6900,8200,9000,10000,11000,12000,13000,13000,1005,0,4000,4482.264206404999,184.4381800001429,13475.299220001034,1229.4338308457711
1781578427,20,,Aggregated,2.600000,0.000000,4000,5600,6400,6900,8200,9000,10000,11000,12000,13000,13000,1009,0,4000,4489.529685653149,184.4381800001429,13475.299220001034,1229.404360753221
1781578428,20,,Aggregated,2.700000,0.000000,4000,5600,6400,6900,8200,9000,10000,11000,12000,13000,13000,1011,0,4000,4493.852010840779,184.4381800001429,13475.299220001034,1230.1157270029673
1781578429,20,,Aggregated,2.400000,0.000000,4000,5600,6400,6900,8200,9000,10000,11000,12000,13000,13000,1014,0,4000,4498.07653579983,184.4381800001429,13475.299220001034,1230.0069033530572
1781578430,20,,Aggregated,2.400000,0.000000,4000,5600,6400,6800,8200,9000,10000,11000,12000,13000,13000,1016,0,4000,4500.742717285462,184.4381800001429,13475.299220001034,1229.9675196850394
1781578431,20,,Aggregated,2.300000,0.000000,4000,5600,6400,6800,8200,9000,10000,11000,12000,13000,13000,1020,0,4000,4504.631037097089,184.4381800001429,13475.299220001034,1230.2029411764706
1781578432,20,,Aggregated,2.300000,0.000000,4100,5600,6400,6800,8200,9000,10000,11000,12000,13000,13000,1023,0,4100,4504.868806828964,184.4381800001429,13475.299220001034,1230.1906158357772
1781578433,20,,Aggregated,2.400000,0.000000,4100,5600,6400,6800,8200,9000,10000,11000,12000,13000,13000,1025,0,4100,4505.025420486859,184.4381800001429,13475.299220001034,1230.3639024390243
1781578434,20,,Aggregated,2.500000,0.000000,4100,5600,6400,6800,8200,9000,10000,11000,12000,13000,13000,1028,0,4100,4506.874519240301,184.4381800001429,13475.299220001034,1230.3093385214008
1781578435,20,,Aggregated,2.700000,0.000000,4200,5600,6400,6800,8100,9000,10000,11000,12000,13000,13000,1032,0,4200,4507.238716756812,184.4381800001429,13475.299220001034,1230.2916666666667
1781578436,20,,Aggregated,2.700000,0.000000,4200,5600,6400,6800,8100,9000,10000,11000,12000,13000,13000,1035,0,4200,4506.045091419353,184.4381800001429,13475.299220001034,1230.3120772946859
1781578437,20,,Aggregated,2.700000,0.000000,4200,5600,6400,6800,8100,9000,10000,11000,12000,13000,13000,1037,0,4200,4504.903795764736,184.4381800001429,13475.299220001034,1230.281581485053
1781578438,20,,Aggregated,2.800000,0.000000,4200,5600,6400,6800,8100,9000,10000,11000,12000,13000,13000,1041,0,4200,4504.752904403489,184.4381800001429,13475.299220001034,1230.4707012487993
1781578439,20,,Aggregated,2.900000,0.000000,4200,5600,6300,6800,8100,9000,10000,11000,12000,13000,13000,1045,0,4200,4503.660765851703,184.4381800001429,13475.299220001034,1229.9311004784688
1781578440,20,,Aggregated,2.900000,0.000000,4200,5600,6300,6800,8100,9000,10000,11000,12000,13000,13000,1048,0,4200,4502.375435447549,184.4381800001429,13475.299220001034,1229.75
1781578441,20,,Aggregated,2.900000,0.000000,4200,5500,6300,6800,8100,9000,10000,11000,12000,13000,13000,1053,0,4200,4498.590370964891,184.4381800001429,13475.299220001034,1228.9126305792972
1781578442,20,,Aggregated,3.100000,0.000000,4100,5500,6300,6800,8100,9000,10000,11000,12000,13000,13000,1060,0,4100,4485.538401538709,184.4381800001429,13475.299220001034,1227.7396226415094
1781578443,20,,Aggregated,3.400000,0.000000,4000,5500,6300,6800,8100,8900,10000,11000,12000,13000,13000,1068,0,4000,4465.209806341791,184.4381800001429,13475.299220001034,1226.2443820224719
1781578444,20,,Aggregated,3.500000,0.000000,4000,5500,6300,6800,8100,8900,10000,11000,12000,13000,13000,1070,0,4000,4459.2184351458245,184.4381800001429,13475.299220001034,1226.0392523364485
1781578445,20,,Aggregated,4.000000,0.000000,4000,5500,6300,6700,8100,8900,10000,11000,12000,13000,13000,1075,0,4000,4445.329045518168,184.4381800001429,13475.299220001034,1225.839069767442
1781578446,20,,Aggregated,4.100000,0.000000,4000,5500,6300,6700,8100,8900,10000,11000,12000,13000,13000,1080,0,4000,4431.622903298179,184.4381800001429,13475.299220001034,1224.898148148148
1781578447,20,,Aggregated,4.000000,0.000000,4000,5400,6200,6700,8100,8900,10000,11000,12000,13000,13000,1090,0,4000,4405.850081368836,184.4381800001429,13475.299220001034,1223.0577981651377
1781578448,20,,Aggregated,4.000000,0.000000,4000,5400,6200,6700,8100,8900,10000,11000,12000,13000,13000,1095,0,4000,4388.109115987246,184.4381800001429,13475.299220001034,1222.255707762557
1781578449,20,,Aggregated,4.900000,0.000000,4000,5400,6200,6700,8100,8900,10000,11000,12000,13000,13000,1098,0,3900,4378.905695865239,184.4381800001429,13475.299220001034,1222.4489981785064
1781578450,20,,Aggregated,5.700000,0.000000,3900,5400,6200,6700,8000,8800,10000,11000,12000,13000,13000,1105,0,3900,4359.685594770164,184.4381800001429,13475.299220001034,1221.1185520361992
1781578451,20,,Aggregated,5.400000,0.000000,3900,5300,6200,6700,8000,8800,10000,11000,12000,13000,13000,1109,0,3900,4351.207963277756,184.4381800001429,13475.299220001034,1220.6447249774571
1781578452,20,,Aggregated,5.400000,0.000000,3900,5300,6200,6700,8000,8800,10000,11000,12000,13000,13000,1111,0,3900,4347.695067815511,184.4381800001429,13475.299220001034,1220.6975697569758
1781578453,20,,Aggregated,5.300000,0.000000,3900,5300,6200,6700,8000,8800,10000,11000,12000,13000,13000,1116,0,3900,4340.1642672813905,184.4381800001429,13475.299220001034,1220.4856630824372
1781578454,20,,Aggregated,5.300000,0.000000,3900,5300,6200,6700,8000,8800,10000,11000,12000,13000,13000,1117,0,3900,4339.141618808445,184.4381800001429,13475.299220001034,1220.5720680393913
1781578455,20,,Aggregated,4.900000,0.000000,3800,5300,6200,6700,8000,8800,10000,11000,12000,13000,13000,1119,0,3800,4337.920054796275,184.4381800001429,13475.299220001034,1221.1313672922251
1781578456,20,,Aggregated,4.900000,0.000000,3800,5300,6200,6600,8000,8800,10000,11000,12000,13000,13000,1122,0,3800,4336.331281060633,184.4381800001429,13475.299220001034,1220.6702317290553
1781578457,20,,Aggregated,4.700000,0.000000,3800,5300,6200,6600,8000,8800,10000,11000,12000,13000,13000,1123,0,3800,4336.554382514719,184.4381800001429,13475.299220001034,1220.8833481745326
1781578458,20,,Aggregated,4.400000,0.000000,3800,5300,6200,6600,8000,8800,10000,11000,12000,13000,13000,1125,0,3800,4338.942516160024,184.4381800001429,13475.299220001034,1222.1208888888889
1781578459,20,,Aggregated,3.700000,0.000000,3900,5300,6200,6600,8000,8800,10000,11000,12000,13000,13000,1128,0,3900,4344.597184760663,184.4381800001429,13475.299220001034,1222.322695035461
1781578460,20,,Aggregated,2.900000,0.000000,3900,5300,6200,6600,8000,8800,10000,11000,12000,13000,13000,1133,0,3900,4348.302969426328,184.4381800001429,13475.299220001034,1221.2939099735215
1781578461,20,,Aggregated,2.900000,0.000000,3900,5400,6200,6600,8000,8800,10000,11000,12000,13000,13000,1135,0,3900,4350.545179531304,184.4381800001429,13475.299220001034,1221.8176211453745
1781578462,20,,Aggregated,2.800000,0.000000,3900,5300,6200,6600,8000,8800,10000,11000,12000,13000,13000,1139,0,3900,4354.14887194559,184.4381800001429,13475.299220001034,1221.647936786655
1781578463,20,,Aggregated,2.800000,0.000000,3900,5300,6200,6600,8000,8800,10000,11000,12000,13000,13000,1141,0,3900,4355.393751282233,184.4381800001429,13475.299220001034,1221.638036809816
1781578464,20,,Aggregated,2.800000,0.000000,3900,5300,6200,6600,8000,8800,10000,11000,12000,13000,13000,1146,0,3900,4352.560978292345,184.4381800001429,13475.299220001034,1221.2478184991273
1781578465,20,,Aggregated,2.700000,0.000000,3900,5300,6200,6600,8000,8800,10000,11000,12000,13000,13000,1148,0,3900,4350.535311053158,184.4381800001429,13475.299220001034,1221.4912891986062
1781578466,20,,Aggregated,3.000000,0.000000,3900,5300,6200,6600,8000,8800,10000,11000,12000,13000,13000,1150,0,3900,4349.989843368718,184.4381800001429,13475.299220001034,1221.6121739130435
1781578467,20,,Aggregated,3.000000,0.000000,3900,5300,6200,6600,8000,8800,10000,11000,12000,13000,13000,1152,0,3900,4349.880478296028,184.4381800001429,13475.299220001034,1221.8637152777778
1781578468,20,,Aggregated,3.000000,0.000000,3900,5300,6100,6600,8000,8800,10000,11000,12000,13000,13000,1153,0,3900,4350.6829534692315,184.4381800001429,13475.299220001034,1222.2168256721595
1781578469,20,,Aggregated,2.800000,0.000000,3900,5300,6100,6600,8000,8800,10000,11000,12000,13000,13000,1157,0,3900,4350.694801643062,184.4381800001429,13475.299220001034,1222.5090751944686
1781578470,20,,Aggregated,2.800000,0.000000,3900,5300,6100,6600,8000,8800,10000,11000,12000,13000,13000,1158,0,3900,4351.302638253906,184.4381800001429,13475.299220001034,1222.80310880829
1781578471,20,,Aggregated,2.900000,0.000000,4000,5300,6100,6600,8000,8800,10000,11000,12000,13000,13000,1160,0,3900,4353.374388542262,184.4381800001429,13475.299220001034,1223.1137931034482
1781578472,20,,Aggregated,3.100000,0.000000,4000,5300,6100,6600,8000,8800,10000,11000,12000,13000,13000,1162,0,4000,4357.054605537027,184.4381800001429,13475.299220001034,1223.4767641996557
1781578473,20,,Aggregated,2.600000,0.000000,4000,5300,6200,6600,8000,8800,10000,11000,12000,13000,13000,1163,0,4000,4359.959136368897,184.4381800001429,13475.299220001034,1223.9699054170248
1781578474,20,,Aggregated,2.700000,0.000000,4000,5300,6200,6600,8000,8800,10000,11000,12000,13000,13000,1166,0,4000,4368.604000357656,184.4381800001429,13475.299220001034,1224.6132075471698
1781578475,20,,Aggregated,2.100000,0.000000,4000,5300,6200,6600,8000,8800,10000,11000,12000,13000,13000,1168,0,4000,4373.398586898139,184.4381800001429,13475.299220001034,1224.5376712328766
1781578476,20,,Aggregated,1.800000,0.000000,4000,5400,6200,6600,8000,8800,10000,11000,12000,13000,13000,1170,0,4000,4378.975525830792,184.4381800001429,13475.299220001034,1225.2598290598291
1781578477,20,,Aggregated,1.900000,0.000000,4000,5400,6200,6600,8000,8800,10000,11000,12000,13000,13000,1171,0,4000,4380.9161739564715,184.4381800001429,13475.299220001034,1225.3005977796754
1781578478,20,,Aggregated,1.900000,0.000000,4000,5400,6200,6700,8000,8800,10000,11000,12000,13000,13000,1172,0,4000,4384.265297597293,184.4381800001429,13475.299220001034,1225.9726962457337
1781578479,20,,Aggregated,1.900000,0.000000,4000,5400,6200,6700,8000,8800,10000,11000,12000,13000,13000,1176,0,4000,4395.051667840161,184.4381800001429,13475.299220001034,1226.1488095238096
1781578480,20,,Aggregated,1.900000,0.000000,4000,5400,6200,6700,8000,8800,10000,11000,12000,13000,13000,1177,0,4000,4398.49012227615,184.4381800001429,13475.299220001034,1226.5624468988956
1781578481,20,,Aggregated,1.900000,0.000000,4000,5400,6200,6700,8000,8800,10000,11000,12000,13000,13000,1181,0,4000,4408.717421278602,184.4381800001429,13475.299220001034,1226.9229466553768
1781578482,20,,Aggregated,1.900000,0.000000,4000,5500,6200,6700,8000,8800,10000,11000,12000,13000,13000,1185,0,4000,4413.941673068379,184.4381800001429,13475.299220001034,1226.598312236287
1781578483,20,,Aggregated,1.900000,0.000000,4000,5500,6300,6700,8000,8800,10000,11000,12000,13000,13000,1188,0,4000,4417.666001592615,184.4381800001429,13475.299220001034,1226.5816498316499
1781578484,20,,Aggregated,2.200000,0.000000,4000,5500,6200,6700,8000,8800,10000,11000,12000,13000,13000,1193,0,4000,4419.555893347045,184.4381800001429,13475.299220001034,1226.3797150041912
1781578485,20,,Aggregated,2.500000,0.000000,4000,5500,6200,6700,8000,8800,10000,11000,12000,13000,13000,1195,0,4000,4418.617729864454,184.4381800001429,13475.299220001034,1226.2828451882845
1781578486,20,,Aggregated,2.400000,0.000000,4000,5500,6200,6700,8000,8800,10000,11000,12000,13000,13000,1199,0,4000,4417.291614392014,184.4381800001429,13475.299220001034,1226.2468723936613
1781578487,20,,Aggregated,2.400000,0.000000,4000,5500,6200,6700,8000,8800,10000,11000,12000,13000,13000,1200,0,4000,4416.432602859188,184.4381800001429,13475.299220001034,1226.1716666666666
1781578488,20,,Aggregated,2.800000,0.000000,4000,5400,6200,6700,8000,8800,10000,11000,12000,13000,13000,1205,0,4000,4415.383742615789,184.4381800001429,13475.299220001034,1226.3535269709544
1781578489,20,,Aggregated,2.800000,0.000000,4000,5400,6200,6700,8000,8800,10000,11000,12000,13000,13000,1207,0,4000,4414.110867162407,184.4381800001429,13475.299220001034,1225.9975144987573
1781578490,20,,Aggregated,3.000000,0.000000,4000,5400,6200,6700,8000,8800,10000,11000,12000,13000,13000,1210,0,4000,4414.166536645476,184.4381800001429,13475.299220001034,1226.5462809917356
1781578491,20,,Aggregated,3.200000,0.000000,4000,5400,6200,6700,8000,8800,10000,11000,12000,13000,13000,1214,0,4000,4413.295900332806,184.4381800001429,13475.299220001034,1226.1235584843494
1781578492,20,,Aggregated,3.100000,0.000000,4000,5400,6200,6700,8000,8800,10000,11000,12000,13000,13000,1222,0,4000,4405.342231991838,184.4381800001429,13475.299220001034,1224.9410801963993
1781578493,20,,Aggregated,3.200000,0.000000,4000,5400,6200,6600,8000,8800,10000,11000,12000,13000,13000,1227,0,4000,4394.462292394481,184.4381800001429,13475.299220001034,1223.960880195599
1781578494,20,,Aggregated,3.200000,0.000000,4000,5300,6200,6600,8000,8800,10000,11000,12000,13000,13000,1232,0,4000,4382.409325817394,184.4381800001429,13475.299220001034,1223.3766233766235
1781578495,20,,Aggregated,3.800000,0.000000,4000,5300,6200,6600,8000,8800,10000,11000,12000,13000,13000,1239,0,4000,4366.26326227767,184.4381800001429,13475.299220001034,1222.3954802259886
1781578496,20,,Aggregated,3.800000,0.000000,4000,5300,6200,6600,8000,8800,10000,11000,12000,13000,13000,1240,0,4000,4364.212377727447,184.4381800001429,13475.299220001034,1222.3645161290322
1781578497,20,,Aggregated,3.900000,0.000000,4000,5300,6200,6600,8000,8800,10000,11000,12000,13000,13000,1241,0,4000,4362.889691617271,184.4381800001429,13475.299220001034,1222.6921837228042
1781578498,20,,Aggregated,3.900000,0.000000,4000,5300,6200,6600,8000,8800,10000,11000,12000,13000,13000,1242,0,4000,4361.806830330139,184.4381800001429,13475.299220001034,1222.5426731078906
1781578499,20,,Aggregated,4.000000,0.000000,4000,5300,6100,6600,8000,8800,10000,11000,12000,13000,13000,1249,0,4000,4357.758604032052,184.4381800001429,13475.299220001034,1223.068054443555
1781578500,20,,Aggregated,4.000000,0.000000,4000,5300,6100,6600,8000,8800,10000,11000,12000,13000,13000,1250,0,4000,4357.470672293626,184.4381800001429,13475.299220001034,1223.0712
1781578501,20,,Aggregated,3.900000,0.000000,4000,5300,6100,6600,8000,8800,10000,11000,12000,13000,13000,1254,0,4000,4358.1689412273,184.4381800001429,13475.299220001034,1223.140350877193
1781578502,20,,Aggregated,4.100000,0.000000,4000,5300,6100,6600,8000,8800,10000,11000,12000,13000,13000,1261,0,4000,4356.573502896933,184.4381800001429,13475.299220001034,1222.3330689928628
1781578503,20,,Aggregated,4.100000,0.000000,4000,5300,6100,6600,8000,8800,10000,11000,12000,13000,13000,1262,0,4000,4354.709580234575,184.4381800001429,13475.299220001034,1222.1156893819334
1781578504,20,,Aggregated,3.900000,0.000000,4000,5300,6100,6600,8000,8800,10000,11000,12000,13000,13000,1264,0,4000,4352.996205144806,184.4381800001429,13475.299220001034,1222.6653481012659
1781578505,20,,Aggregated,3.700000,0.000000,4000,5300,6100,6600,8000,8800,10000,11000,12000,13000,13000,1270,0,4000,4347.638515173256,184.4381800001429,13475.299220001034,1222.163779527559
1781578506,20,,Aggregated,3.500000,0.000000,3900,5300,6100,6600,8000,8800,10000,11000,12000,13000,13000,1273,0,3900,4342.886885568761,184.4381800001429,13475.299220001034,1221.5082482325215
1781578507,20,,Aggregated,3.100000,0.000000,3900,5300,6100,6600,8000,8800,10000,11000,12000,13000,13000,1275,0,3900,4342.247274509045,184.4381800001429,13475.299220001034,1222.2698039215686
1781578508,20,,Aggregated,3.200000,0.000000,3900,5300,6100,6600,8000,8800,10000,11000,12000,13000,13000,1278,0,3900,4341.422969206597,184.4381800001429,13475.299220001034,1222.2535211267605
1781578509,20,,Aggregated,3.400000,0.000000,3900,5300,6100,6600,8000,8700,10000,11000,12000,13000,13000,1281,0,3900,4340.849837502756,184.4381800001429,13475.299220001034,1222.142857142857
1781578510,20,,Aggregated,3.400000,0.000000,3900,5300,6100,6600,8000,8700,10000,11000,12000,13000,13000,1285,0,3900,4338.522130277067,184.4381800001429,13475.299220001034,1222.2326848249027
1781578511,20,,Aggregated,3.300000,0.000000,3900,5200,6100,6600,8000,8700,10000,11000,12000,13000,13000,1288,0,3900,4337.124949836979,184.4381800001429,13475.299220001034,1222.024844720497
1781578512,20,,Aggregated,3.300000,0.000000,3900,5200,6100,6600,8000,8700,10000,11000,12000,13000,13000,1289,0,3900,4337.218858702894,184.4381800001429,13475.299220001034,1222.3266097750195
1781578513,20,,Aggregated,3.600000,0.000000,3900,5200,6100,6500,7900,8700,10000,11000,12000,13000,13000,1291,0,3900,4338.661866246344,184.4381800001429,13475.299220001034,1222.8869093725793
1781578514,20,,Aggregated,3.300000,0.000000,4000,5200,6100,6500,7900,8700,10000,11000,12000,13000,13000,1294,0,4000,4340.598617079624,184.4381800001429,13475.299220001034,1222.9582689335393
1781578515,20,,Aggregated,2.700000,0.000000,4000,5200,6100,6500,7900,8700,10000,11000,12000,13000,13000,1295,0,4000,4340.998358721261,184.4381800001429,13475.299220001034,1223.0586872586873
1781578516,20,,Aggregated,2.800000,0.000000,4000,5300,6100,6500,7900,8700,10000,11000,12000,13000,13000,1298,0,4000,4344.038491688777,184.4381800001429,13475.299220001034,1223.46687211094
1781578517,20,,Aggregated,3.000000,0.000000,4000,5300,6100,6500,7900,8700,10000,11000,12000,13000,13000,1300,0,4000,4346.425108498486,184.4381800001429,13475.299220001034,1223.6046153846153
1781578518,20,,Aggregated,3.000000,0.000000,4000,5300,6100,6500,7900,8700,10000,11000,12000,13000,13000,1301,0,4000,4347.823692893952,184.4381800001429,13475.299220001034,1223.6241352805534
1781578519,20,,Aggregated,2.400000,0.000000,4000,5300,6100,6500,7900,8700,10000,11000,12000,13000,13000,1304,0,4000,4352.876426042201,184.4381800001429,13475.299220001034,1224.0575153374234
1781578520,20,,Aggregated,2.500000,0.000000,4000,5300,6100,6600,7900,8700,10000,11000,12000,13000,13000,1308,0,4000,4360.539884675864,184.4381800001429,13475.299220001034,1224.3738532110092
1781578521,20,,Aggregated,2.400000,0.000000,4000,5300,6100,6600,7900,8700,10000,11000,12000,13000,13000,1310,0,4000,4364.478270123687,184.4381800001429,13475.299220001034,1224.6145038167938
1781578522,20,,Aggregated,2.200000,0.000000,4000,5300,6100,6600,7900,8700,10000,11000,12000,13000,13000,1311,0,4000,4366.236096852807,184.4381800001429,13475.299220001034,1224.762013729977
1781578523,20,,Aggregated,2.200000,0.000000,4000,5300,6100,6600,7900,8700,10000,11000,12000,13000,13000,1313,0,4000,4370.370408207183,184.4381800001429,13475.299220001034,1225.055597867479
1781578524,20,,Aggregated,2.200000,0.000000,4000,5300,6100,6600,7900,8700,10000,11000,12000,13000,13000,1315,0,4000,4374.421842401544,184.4381800001429,13475.299220001034,1225.3231939163497
1781578525,20,,Aggregated,2.200000,0.000000,4000,5300,6200,6600,7900,8700,10000,11000,12000,13000,13000,1318,0,4000,4380.155617696535,184.4381800001429,13475.299220001034,1225.5250379362672
1781578526,20,,Aggregated,2.300000,0.000000,4000,5300,6200,6600,7900,8700,10000,11000,12000,13000,13000,1321,0,4000,4384.864765763084,184.4381800001429,13475.299220001034,1225.4610143830432
1781578527,20,,Aggregated,2.100000,0.000000,4000,5300,6200,6600,7900,8700,10000,11000,12000,13000,13000,1323,0,4000,4386.30544067047,184.4381800001429,13475.299220001034,1225.4444444444443
1781578528,20,,Aggregated,2.200000,0.000000,4000,5300,6200,6600,7900,8700,10000,11000,12000,13000,13000,1325,0,4000,4388.590473585685,184.4381800001429,13475.299220001034,1226.1803773584907
1781578529,20,,Aggregated,2.300000,0.000000,4000,5300,6200,6600,7900,8700,10000,11000,12000,13000,13000,1326,0,4000,4390.360510889165,184.4381800001429,13475.299220001034,1226.344645550528
1781578530,20,,Aggregated,2.200000,0.000000,4000,5400,6200,6600,7900,8700,10000,11000,12000,13000,13000,1328,0,4000,4394.58674340891,184.4381800001429,13475.299220001034,1226.6280120481927
1781578531,20,,Aggregated,2.200000,0.000000,4000,5400,6200,6600,7800,8700,10000,11000,12000,13000,13000,1332,0,4000,4400.392037202727,184.4381800001429,13475.299220001034,1226.882882882883
1781578532,20,,Aggregated,2.200000,0.000000,4100,5400,6200,6600,7800,8700,10000,11000,12000,13000,13000,1337,0,4100,4404.18018663054,184.4381800001429,13475.299220001034,1226.4397905759163
1781578533,20,,Aggregated,2.200000,0.000000,4100,5400,6200,6600,7800,8700,10000,11000,12000,13000,13000,1341,0,4100,4405.046849601816,184.4381800001429,13475.299220001034,1226.1416853094706
1781578534,20,,Aggregated,2.200000,0.000000,4100,5400,6200,6600,7800,8700,10000,11000,12000,13000,13000,1344,0,4100,4403.378860207614,184.4381800001429,13475.299220001034,1226.0825892857142
1781578535,20,,Aggregated,2.600000,0.000000,4100,5400,6200,6600,7800,8700,10000,11000,12000,13000,13000,1347,0,4100,4400.242796109896,184.4381800001429,13475.299220001034,1226.2108389012622
1781578536,20,,Aggregated,2.700000,0.000000,4000,5300,6200,6600,7800,8700,9900,11000,12000,13000,13000,1351,0,4000,4395.074756379742,184.4381800001429,13475.299220001034,1226.058475203553
1781578537,20,,Aggregated,2.900000,0.000000,4000,5300,6200,6600,7800,8700,9900,11000,12000,13000,13000,1355,0,4000,4389.113648921795,184.4381800001429,13475.299220001034,1225.6302583025831
1781578538,20,,Aggregated,2.900000,0.000000,4000,5300,6100,6600,7800,8700,9900,11000,12000,13000,13000,1358,0,4000,4385.766976603116,184.4381800001429,13475.299220001034,1225.5677466863033
1781578539,20,,Aggregated,3.000000,0.000000,4000,5300,6100,6600,7800,8600,9900,11000,12000,13000,13000,1363,0,4000,4381.018310463703,184.4381800001429,13475.299220001034,1225.0821716801174
1781578540,20,,Aggregated,3.200000,0.000000,4000,5300,6100,6600,7800,8600,9900,11000,12000,13000,13000,1368,0,4000,4374.959103334814,184.4381800001429,13475.299220001034,1224.5380116959063
1781578541,20,,Aggregated,3.300000,0.000000,4000,5300,6100,6600,7800,8600,9900,11000,12000,13000,13000,1376,0,4000,4359.740701693331,184.4381800001429,13475.299220001034,1223.2899709302326
1781578542,20,,Aggregated,3.700000,0.000000,4000,5300,6100,6500,7800,8600,9900,11000,12000,13000,13000,1383,0,4000,4343.291654704288,184.4381800001429,13475.299220001034,1222.289949385394
1781578543,20,,Aggregated,3.800000,0.000000,4000,5300,6100,6500,7800,8600,9900,11000,12000,13000,13000,1390,0,4000,4323.902141745346,184.4381800001429,13475.299220001034,1221.3187050359713
1781578544,20,,Aggregated,4.400000,0.000000,3900,5300,6100,6500,7800,8600,9900,11000,12000,13000,13000,1396,0,3900,4308.550196445581,184.4381800001429,13475.299220001034,1220.3710601719197
1781578545,20,,Aggregated,4.600000,0.000000,3900,5300,6100,6500,7800,8600,9900,11000,12000,13000,13000,1397,0,3900,4306.675049654998,184.4381800001429,13475.299220001034,1220.6034359341445
1781578546,20,,Aggregated,4.900000,0.000000,3900,5300,6100,6500,7800,8600,9900,11000,12000,13000,13000,1400,0,3900,4302.036065942166,184.4381800001429,13475.299220001034,1220.8014285714285
1781578548,20,,Aggregated,5.200000,0.000000,3900,5300,6100,6500,7800,8600,9800,11000,12000,13000,13000,1401,0,3900,4301.2020342769665,184.4381800001429,13475.299220001034,1220.9900071377588
1781578549,20,,Aggregated,5.000000,0.000000,3900,5300,6100,6500,7800,8600,9800,11000,12000,13000,13000,1406,0,3900,4297.444505060478,184.4381800001429,13475.299220001034,1220.778093883357
1781578550,20,,Aggregated,4.900000,0.000000,3900,5200,6100,6500,7800,8600,9800,11000,12000,13000,13000,1409,0,3900,4295.8297408736935,184.4381800001429,13475.299220001034,1220.5727466288147
1781578551,20,,Aggregated,4.800000,0.000000,3900,5200,6100,6500,7800,8600,9800,11000,12000,13000,13000,1415,0,3900,4292.126767143485,184.4381800001429,13475.299220001034,1219.9371024734983
1781578552,20,,Aggregated,4.800000,0.000000,3900,5200,6100,6500,7800,8600,9800,11000,12000,13000,13000,1420,0,3900,4285.67792791129,184.4381800001429,13475.299220001034,1219.5485915492957
1781578553,20,,Aggregated,4.600000,0.000000,3900,5200,6100,6500,7700,8600,9800,11000,12000,13000,13000,1422,0,3900,4282.4249591258995,184.4381800001429,13475.299220001034,1219.7257383966244
1781578554,20,,Aggregated,4.600000,0.000000,3900,5200,6100,6500,7700,8600,9800,11000,12000,13000,13000,1425,0,3900,4279.15051250809,184.4381800001429,13475.299220001034,1219.8350877192981
1781578555,20,,Aggregated,3.900000,0.000000,3900,5200,6000,6500,7700,8600,9800,11000,12000,13000,13000,1429,0,3900,4274.483626000718,184.4381800001429,13475.299220001034,1219.586424072778
1781578556,20,,Aggregated,3.900000,0.000000,3900,5200,6000,6500,7700,8600,9800,11000,12000,13000,13000,1431,0,3900,4272.57556652762,184.4381800001429,13475.299220001034,1219.3983228511531
1781578557,20,,Aggregated,3.500000,0.000000,3900,5200,6000,6500,7700,8600,9800,11000,12000,13000,13000,1432,0,3900,4272.845562253508,184.4381800001429,13475.299220001034,1220.0076815642458
1781578558,20,,Aggregated,3.200000,0.000000,3900,5200,6000,6500,7700,8600,9800,11000,12000,13000,13000,1436,0,3900,4272.833860042496,184.4381800001429,13475.299220001034,1220.0647632311977
1781578559,20,,Aggregated,3.400000,0.000000,3900,5200,6000,6500,7700,8600,9800,11000,12000,13000,13000,1437,0,3900,4273.33141449758,184.4381800001429,13475.299220001034,1220.24913013222
1781578560,20,,Aggregated,3.500000,0.000000,3900,5200,6000,6500,7700,8600,9800,11000,12000,13000,13000,1440,0,3900,4276.107853157653,184.4381800001429,13475.299220001034,1220.6652777777779
1781578561,20,,Aggregated,3.500000,0.000000,3900,5200,6000,6500,7700,8600,9800,11000,12000,13000,13000,1443,0,3900,4277.8234437734045,184.4381800001429,13475.299220001034,1220.5467775467775
1781578562,20,,Aggregated,3.100000,0.000000,3900,5200,6000,6500,7700,8600,9800,11000,12000,13000,13000,1445,0,3900,4278.759072507281,184.4381800001429,13475.299220001034,1220.795847750865
1781578563,20,,Aggregated,3.000000,0.000000,3900,5200,6000,6400,7700,8600,9800,11000,12000,13000,13000,1447,0,3900,4280.780829129938,184.4381800001429,13475.299220001034,1221.2024879060125
1781578564,20,,Aggregated,2.500000,0.000000,3900,5200,6000,6500,7700,8600,9800,11000,12000,13000,13000,1448,0,3900,4282.457368968938,184.4381800001429,13475.299220001034,1221.367403314917
1781578565,20,,Aggregated,2.500000,0.000000,3900,5200,6000,6500,7700,8600,9800,11000,12000,13000,13000,1449,0,3900,4284.334403964129,184.4381800001429,13475.299220001034,1221.4658385093169
1781578566,20,,Aggregated,2.200000,0.000000,3900,5200,6000,6500,7700,8600,9800,11000,12000,13000,13000,1450,0,3900,4286.47244849243,184.4381800001429,13475.299220001034,1221.6262068965518
1781578567,20,,Aggregated,2.000000,0.000000,3900,5200,6100,6500,7700,8600,9800,11000,12000,13000,13000,1454,0,3900,4294.415332111433,184.4381800001429,13475.299220001034,1222.3452544704264
1781578568,20,,Aggregated,2.000000,0.000000,3900,5200,6100,6500,7700,8600,9800,11000,12000,13000,13000,1456,0,3900,4297.574267330374,184.4381800001429,13475.299220001034,1222.4986263736264
1781578569,20,,Aggregated,1.800000,0.000000,3900,5300,6100,6500,7700,8500,9800,11000,12000,13000,13000,1461,0,3900,4302.163587581124,184.4381800001429,13475.299220001034,1222.1656399726214
1781578570,20,,Aggregated,2.100000,0.000000,3900,5300,6100,6500,7700,8500,9800,11000,12000,13000,13000,1462,0,3900,4303.101081528059,184.4381800001429,13475.299220001034,1222.2134062927496
1781578571,20,,Aggregated,2.400000,0.000000,4000,5300,6100,6500,7700,8500,9800,11000,12000,13000,13000,1465,0,4000,4307.361923246429,184.4381800001429,13475.299220001034,1222.9153583617747
1781578572,20,,Aggregated,2.300000,0.000000,4000,5300,6100,6500,7700,8500,9800,11000,12000,13000,13000,1468,0,4000,4309.1183228140435,184.4381800001429,13475.299220001034,1223.0006811989101
1781578573,20,,Aggregated,2.300000,0.000000,4000,5300,6100,6500,7700,8500,9800,11000,12000,13000,13000,1469,0,4000,4309.639528497628,184.4381800001429,13475.299220001034,1223.0959836623554
1781578574,20,,Aggregated,2.100000,0.000000,4000,5300,6100,6500,7700,8500,9800,11000,12000,13000,13000,1473,0,4000,4310.72261987849,184.4381800001429,13475.299220001034,1223.1289884589273
1781578575,20,,Aggregated,2.200000,0.000000,4000,5300,6100,6500,7700,8500,9800,11000,12000,13000,13000,1476,0,4000,4312.695215710716,184.4381800001429,13475.299220001034,1223.2676151761518
1781578576,20,,Aggregated,2.200000,0.000000,4000,5300,6000,6500,7700,8500,9800,11000,12000,13000,13000,1478,0,4000,4314.0907456935165,184.4381800001429,13475.299220001034,1223.1515561569688
1781578577,20,,Aggregated,2.600000,0.000000,4000,5300,6000,6500,7700,8500,9800,11000,12000,13000,13000,1482,0,4000,4313.964117415667,184.4381800001429,13475.299220001034,1223.0856950067475
1781578578,20,,Aggregated,2.600000,0.000000,4000,5300,6000,6500,7700,8500,9800,11000,12000,13000,13000,1483,0,4000,4313.690552421455,184.4381800001429,13475.299220001034,1223.2447741065407
1781578579,20,,Aggregated,2.900000,0.000000,4000,5300,6000,6400,7700,8500,9800,11000,12000,13000,13000,1488,0,4000,4312.524716597457,184.4381800001429,13475.299220001034,1222.9583333333333
1781578580,20,,Aggregated,2.800000,0.000000,4000,5200,6000,6400,7700,8500,9800,11000,12000,13000,13000,1492,0,4000,4310.458114402157,184.4381800001429,13475.299220001034,1222.8867292225202
1781578581,20,,Aggregated,2.700000,0.000000,4000,5200,6000,6400,7700,8500,9800,11000,12000,13000,13000,1495,0,4000,4308.6024462615505,184.4381800001429,13475.299220001034,1222.6829431438127
1781578582,20,,Aggregated,2.700000,0.000000,4000,5200,6000,6400,7700,8500,9800,11000,12000,13000,13000,1497,0,4000,4307.793536474962,184.4381800001429,13475.299220001034,1222.9004676018703
1781578583,20,,Aggregated,3.100000,0.000000,4000,5200,6000,6400,7700,8500,9800,11000,12000,13000,13000,1502,0,3900,4304.767280878174,184.4381800001429,13475.299220001034,1222.6724367509987
1781578584,20,,Aggregated,3.000000,0.000000,3900,5200,6000,6400,7700,8500,9800,11000,12000,13000,13000,1507,0,3900,4301.998650775724,184.4381800001429,13475.299220001034,1222.2561380225613
1781578585,20,,Aggregated,3.000000,0.000000,3900,5200,6000,6400,7700,8500,9800,11000,12000,13000,13000,1509,0,3900,4299.942106734935,184.4381800001429,13475.299220001034,1222.2127236580518
1781578586,20,,Aggregated,3.300000,0.000000,3900,5200,6000,6400,7700,8500,9800,11000,12000,13000,13000,1515,0,3900,4293.2799047940725,184.4381800001429,13475.299220001034,1221.7069306930694
1781578587,20,,Aggregated,3.500000,0.000000,3900,5200,6000,6400,7600,8500,9800,11000,12000,13000,13000,1521,0,3900,4283.84226459173,184.4381800001429,13475.299220001034,1221.0762656147272
1781578588,20,,Aggregated,3.500000,0.000000,3900,5200,6000,6400,7600,8500,9800,11000,12000,13000,13000,1523,0,3900,4281.113152875915,184.4381800001429,13475.299220001034,1221.069599474721
1781578589,20,,Aggregated,3.500000,0.000000,3900,5200,6000,6400,7600,8500,9800,11000,12000,13000,13000,1526,0,3900,4277.939304117967,184.4381800001429,13475.299220001034,1221.1526867627786
1781578590,20,,Aggregated,4.000000,0.000000,3900,5200,5900,6400,7600,8500,9800,11000,12000,13000,13000,1531,0,3900,4271.044587774014,184.4381800001429,13475.299220001034,1220.7028086218158
1781578591,20,,Aggregated,3.800000,0.000000,3900,5200,5900,6400,7600,8500,9800,11000,12000,13000,13000,1537,0,3900,4263.681668086544,184.4381800001429,13475.299220001034,1220.2589459986987
1781578592,20,,Aggregated,3.800000,0.000000,3800,5200,5900,6400,7600,8500,9800,11000,12000,13000,13000,1544,0,3800,4251.394882628898,184.4381800001429,13475.299220001034,1219.1735751295337
1781578593,20,,Aggregated,3.900000,0.000000,3800,5200,5900,6400,7600,8500,9800,11000,12000,13000,13000,1545,0,3800,4249.841664651143,184.4381800001429,13475.299220001034,1219.2245954692557
1781578594,20,,Aggregated,4.600000,0.000000,3800,5200,5900,6400,7600,8500,9800,11000,12000,13000,13000,1547,0,3800,4247.636668906281,184.4381800001429,13475.299220001034,1219.256625727214
1781578595,20,,Aggregated,4.600000,0.000000,3800,5100,5900,6400,7600,8500,9700,11000,12000,13000,13000,1552,0,3800,4240.338025611481,184.4381800001429,13475.299220001034,1218.8427835051546
1781578596,20,,Aggregated,4.300000,0.000000,3800,5100,5900,6400,7600,8500,9700,11000,12000,13000,13000,1554,0,3800,4237.985135416356,184.4381800001429,13475.299220001034,1218.7084942084941
1781578597,20,,Aggregated,4.300000,0.000000,3800,5100,5900,6400,7600,8500,9700,11000,12000,13000,13000,1559,0,3800,4234.8592969230385,184.4381800001429,13475.299220001034,1218.5933290570879
1781578598,20,,Aggregated,4.300000,0.000000,3800,5100,5900,6400,7600,8500,9700,11000,12000,13000,13000,1561,0,3800,4234.6420306969985,184.4381800001429,13475.299220001034,1218.595131326073
1781578599,20,,Aggregated,4.100000,0.000000,3800,5100,5900,6400,7600,8500,9700,11000,12000,13000,13000,1565,0,3800,4231.506117619816,184.4381800001429,13475.299220001034,1218.3859424920129
1781578600,20,,Aggregated,3.800000,0.000000,3800,5100,5900,6400,7600,8500,9700,11000,12000,13000,13000,1570,0,3800,4227.020035471982,184.4381800001429,13475.299220001034,1218.0089171974523
1781578601,20,,Aggregated,3.800000,0.000000,3800,5100,5900,6400,7600,8500,9700,11000,12000,13000,13000,1570,0,3800,4227.020035471982,184.4381800001429,13475.299220001034,1218.0089171974523
1781578602,20,,Aggregated,3.900000,0.000000,3800,5100,5900,6400,7600,8500,9700,11000,12000,13000,13000,1574,0,3800,4226.115696240158,184.4381800001429,13475.299220001034,1218.6810673443456
1781578603,20,,Aggregated,3.600000,0.000000,3800,5100,5900,6400,7600,8500,9700,11000,12000,13000,13000,1578,0,3800,4224.855255357419,184.4381800001429,13475.299220001034,1218.5063371356148
1781578604,20,,Aggregated,3.600000,0.000000,3800,5100,5900,6400,7600,8500,9700,11000,12000,13000,13000,1578,0,3800,4224.855255357419,184.4381800001429,13475.299220001034,1218.5063371356148
1781578605,20,,Aggregated,3.100000,0.000000,3800,5100,5900,6400,7600,8500,9700,11000,12000,13000,13000,1582,0,3800,4224.251186682054,184.4381800001429,13475.299220001034,1218.736409608091
1781578606,20,,Aggregated,3.200000,0.000000,3800,5100,5900,6400,7600,8500,9700,11000,12000,13000,13000,1584,0,3800,4224.990233659729,184.4381800001429,13475.299220001034,1219.1969696969697
1781578607,20,,Aggregated,3.200000,0.000000,3800,5100,5900,6400,7600,8500,9700,11000,12000,13000,13000,1585,0,3800,4225.481958058682,184.4381800001429,13475.299220001034,1219.3078864353313
1781578608,20,,Aggregated,2.900000,0.000000,3800,5100,5900,6400,7600,8500,9700,11000,12000,13000,13000,1587,0,3800,4227.108054796479,184.4381800001429,13475.299220001034,1219.6074354127284
1781578609,20,,Aggregated,2.700000,0.000000,3800,5100,5900,6400,7600,8500,9700,11000,12000,13000,13000,1591,0,3800,4229.6065720257775,184.4381800001429,13475.299220001034,1219.5631678189818
1781578610,20,,Aggregated,2.600000,0.000000,3800,5100,5900,6400,7600,8500,9700,11000,12000,13000,13000,1594,0,3800,4231.116864515064,184.4381800001429,13475.299220001034,1219.7358845671267
1781578611,20,,Aggregated,2.400000,0.000000,3800,5100,5900,6400,7600,8500,9700,11000,12000,13000,13000,1596,0,3800,4231.818062728078,184.4381800001429,13475.299220001034,1219.8677944862156
1781578612,20,,Aggregated,2.300000,0.000000,3800,5100,5900,6400,7600,8500,9700,11000,12000,13000,13000,1597,0,3800,4232.434996460872,184.4381800001429,13475.299220001034,1220.0338134001252
1781578613,20,,Aggregated,2.300000,0.000000,3800,5100,5900,6400,7600,8500,9700,11000,12000,13000,13000,1598,0,3800,4233.514318586365,184.4381800001429,13475.299220001034,1220.5450563204006
1781578614,20,,Aggregated,2.500000,0.000000,3800,5100,5900,6400,7600,8500,9700,11000,12000,13000,13000,1600,0,3800,4235.433296250631,184.4381800001429,13475.299220001034,1220.9125
1781578615,20,,Aggregated,2.300000,0.000000,3800,5100,5900,6400,7500,8500,9700,11000,12000,13000,13000,1602,0,3800,4237.037169255937,184.4381800001429,13475.299220001034,1220.8995006242196
1781578616,20,,Aggregated,2.100000,0.000000,3800,5100,5900,6400,7500,8500,9700,11000,12000,13000,13000,1604,0,3800,4239.37126688467,184.4381800001429,13475.299220001034,1220.8304239401496
1781578617,20,,Aggregated,2.000000,0.000000,3800,5100,5900,6400,7600,8500,9700,11000,12000,13000,13000,1607,0,3800,4244.059196594282,184.4381800001429,13475.299220001034,1221.5693839452397
1781578618,20,,Aggregated,1.900000,0.000000,3800,5100,5900,6400,7600,8500,9700,11000,12000,13000,13000,1609,0,3800,4246.992651941587,184.4381800001429,13475.299220001034,1221.5512740832814
1781578619,20,,Aggregated,2.000000,0.000000,3900,5100,5900,6400,7500,8500,9700,11000,12000,13000,13000,1611,0,3900,4250.06972518002,184.4381800001429,13475.299220001034,1221.783985102421
1781578620,20,,Aggregated,2.100000,0.000000,3900,5100,5900,6400,7600,8500,9700,11000,12000,13000,13000,1614,0,3900,4254.040313977082,184.4381800001429,13475.299220001034,1221.8537794299875
1781578621,20,,Aggregated,2.100000,0.000000,3900,5200,5900,6400,7600,8500,9700,11000,12000,13000,13000,1617,0,3900,4256.675242345091,184.4381800001429,13475.299220001034,1222.0241187384045
1781578622,20,,Aggregated,2.100000,0.000000,3900,5200,5900,6400,7600,8500,9700,11000,12000,13000,13000,1619,0,3900,4257.877515301427,184.4381800001429,13475.299220001034,1222.1371216800494
1781578623,20,,Aggregated,2.000000,0.000000,3900,5100,5900,6400,7500,8500,9700,11000,12000,13000,13000,1624,0,3900,4258.527141888552,184.4381800001429,13475.299220001034,1221.8694581280788
1781578624,20,,Aggregated,2.200000,0.000000,3900,5100,5900,6400,7500,8500,9700,11000,12000,13000,13000,1627,0,3900,4258.860696047948,184.4381800001429,13475.299220001034,1221.9502151198526
1781578625,20,,Aggregated,2.200000,0.000000,3900,5100,5900,6400,7500,8500,9700,11000,12000,13000,13000,1628,0,3900,4258.074545009835,184.4381800001429,13475.299220001034,1221.837837837838
1781578626,20,,Aggregated,2.600000,0.000000,3900,5100,5900,6400,7500,8500,9700,11000,12000,13000,13000,1632,0,3900,4257.1693896795405,184.4381800001429,13475.299220001034,1222.141544117647
1781578627,20,,Aggregated,2.700000,0.000000,3900,5100,5900,6300,7500,8500,9700,11000,12000,13000,13000,1636,0,3900,4254.855071548296,184.4381800001429,13475.299220001034,1221.79706601467
1781578628,20,,Aggregated,2.700000,0.000000,3900,5100,5900,6300,7500,8500,9700,11000,12000,13000,13000,1640,0,3900,4252.468326904887,184.4381800001429,13475.299220001034,1221.6067073170732
1781578629,20,,Aggregated,2.900000,0.000000,3900,5100,5900,6300,7500,8500,9700,11000,12000,13000,13000,1642,0,3900,4252.339529743616,184.4381800001429,13475.299220001034,1221.9634591961023
1781578630,20,,Aggregated,3.000000,0.000000,3900,5100,5900,6300,7500,8500,9700,11000,12000,13000,13000,1647,0,3900,4248.682889559816,184.4381800001429,13475.299220001034,1221.4292653309046
1781578631,20,,Aggregated,3.000000,0.000000,3900,5100,5800,6300,7500,8500,9700,11000,12000,13000,13000,1651,0,3900,4243.747771821936,184.4381800001429,13475.299220001034,1221.1592973955178
1781578632,20,,Aggregated,3.200000,0.000000,3800,5100,5800,6300,7500,8500,9700,11000,12000,13000,13000,1655,0,3800,4239.45605652569,184.4381800001429,13475.299220001034,1220.9522658610272
1781578633,20,,Aggregated,3.400000,0.000000,3800,5100,5800,6300,7500,8400,9700,11000,12000,13000,13000,1661,0,3800,4230.617543012654,184.4381800001429,13475.299220001034,1220.4756170981336
1781578634,20,,Aggregated,3.600000,0.000000,3800,5100,5800,6300,7500,8400,9700,11000,12000,13000,13000,1664,0,3800,4226.490107507223,184.4381800001429,13475.299220001034,1220.1388221153845
1781578635,20,,Aggregated,3.600000,0.000000,3800,5100,5800,6300,7500,8400,9700,11000,12000,13000,13000,1666,0,3800,4224.264616096051,184.4381800001429,13475.299220001034,1220.1914765906363
1781578636,20,,Aggregated,3.800000,0.000000,3800,5100,5800,6300,7500,8400,9700,11000,12000,13000,13000,1668,0,3800,4222.890086406488,184.4381800001429,13475.299220001034,1220.544964028777
1781578637,20,,Aggregated,3.800000,0.000000,3800,5100,5800,6300,7500,8400,9700,11000,12000,13000,13000,1669,0,3800,4222.502798130631,184.4381800001429,13475.299220001034,1220.570401437987
1781578638,20,,Aggregated,3.800000,0.000000,3800,5100,5800,6300,7500,8400,9700,11000,12000,13000,13000,1671,0,3800,4222.262017563748,184.4381800001429,13475.299220001034,1220.6840215439856
1781578639,20,,Aggregated,3.400000,0.000000,3800,5100,5800,6300,7500,8400,9700,11000,12000,13000,13000,1675,0,3800,4222.814232358821,184.4381800001429,13475.299220001034,1220.6632835820897
1781578640,20,,Aggregated,3.300000,0.000000,3800,5100,5800,6300,7500,8400,9700,11000,12000,13000,13000,1678,0,3800,4223.679367404068,184.4381800001429,13475.299220001034,1220.712157330155
1781578641,20,,Aggregated,3.300000,0.000000,3800,5100,5800,6300,7500,8400,9700,11000,12000,13000,13000,1678,0,3800,4223.679367404068,184.4381800001429,13475.299220001034,1220.712157330155
1781578642,20,,Aggregated,3.000000,0.000000,3800,5100,5800,6300,7500,8400,9700,11000,12000,13000,13000,1684,0,3800,4228.840372475667,184.4381800001429,13475.299220001034,1220.5890736342042
1781578643,20,,Aggregated,2.900000,0.000000,3800,5100,5800,6300,7500,8400,9700,11000,12000,13000,13000,1690,0,3800,4224.470387542617,184.4381800001429,13475.299220001034,1219.6792899408283
1781578644,20,,Aggregated,2.700000,0.000000,3800,5100,5800,6300,7500,8400,9700,11000,12000,13000,13000,1692,0,3800,4223.875929019515,184.4381800001429,13475.299220001034,1219.900709219858
1781578645,20,,Aggregated,2.700000,0.000000,3800,5100,5800,6300,7500,8400,9700,11000,12000,13000,13000,1692,0,3800,4223.875929019515,184.4381800001429,13475.299220001034,1219.900709219858
1781578646,20,,Aggregated,2.900000,0.000000,3800,5100,5800,6300,7500,8400,9700,11000,12000,13000,13000,1694,0,3800,4223.340326040743,184.4381800001429,13475.299220001034,1220.4132231404958
1781578647,20,,Aggregated,2.800000,0.000000,3800,5100,5800,6300,7500,8400,9700,11000,12000,13000,13000,1695,0,3800,4223.149808847209,184.4381800001429,13475.299220001034,1220.4802359882005
1781578648,20,,Aggregated,2.700000,0.000000,3800,5100,5800,6300,7500,8400,9700,11000,12000,13000,13000,1700,0,3800,4223.780715749424,184.4381800001429,13475.299220001034,1220.4876470588235
1781578649,20,,Aggregated,2.700000,0.000000,3900,5000,5800,6200,7500,8400,9700,11000,12000,13000,13000,1702,0,3800,4224.139810615759,184.4381800001429,13475.299220001034,1220.3349001175088
1781578650,20,,Aggregated,2.700000,0.000000,3900,5000,5800,6200,7500,8400,9700,11000,12000,13000,13000,1702,0,3800,4224.139810615759,184.4381800001429,13475.299220001034,1220.3349001175088
1781578651,20,,Aggregated,2.500000,0.000000,3900,5100,5800,6200,7500,8400,9700,11000,12000,13000,13000,1706,0,3900,4227.416144441396,184.4381800001429,13475.299220001034,1220.7954279015241
1781578652,20,,Aggregated,2.700000,0.000000,3900,5100,5800,6200,7500,8400,9700,11000,12000,13000,13000,1709,0,3900,4228.977293021662,184.4381800001429,13475.299220001034,1220.9455822118198
1781578653,20,,Aggregated,2.800000,0.000000,3900,5100,5800,6200,7400,8400,9700,11000,12000,13000,13000,1711,0,3900,4230.815629461731,184.4381800001429,13475.299220001034,1221.281122150789
1781578654,20,,Aggregated,2.600000,0.000000,3900,5100,5800,6200,7400,8400,9700,11000,12000,13000,13000,1713,0,3900,4231.707663584368,184.4381800001429,13475.299220001034,1221.3549328663164
1781578655,20,,Aggregated,2.200000,0.000000,3900,5100,5800,6200,7400,8400,9700,11000,12000,13000,13000,1717,0,3900,4232.640667696575,184.4381800001429,13475.299220001034,1221.2498543972044
1781578656,20,,Aggregated,2.200000,0.000000,3900,5000,5800,6200,7400,8400,9700,11000,12000,13000,13000,1718,0,3900,4232.709997942968,184.4381800001429,13475.299220001034,1221.0873108265425
1781578657,20,,Aggregated,2.300000,0.000000,3900,5100,5800,6200,7400,8400,9700,11000,12000,13000,13000,1721,0,3900,4234.702330332377,184.4381800001429,13475.299220001034,1221.5758280069726
1781578658,20,,Aggregated,2.300000,0.000000,3900,5100,5800,6200,7400,8400,9700,11000,12000,13000,13000,1722,0,3900,4234.916997822892,184.4381800001429,13475.299220001034,1221.6480836236933
1781578659,20,,Aggregated,2.500000,0.000000,3900,5100,5800,6200,7400,8400,9700,11000,12000,13000,13000,1728,0,3900,4235.948334185197,184.4381800001429,13475.299220001034,1221.4519675925926
1781578660,20,,Aggregated,2.500000,0.000000,3900,5100,5800,6200,7400,8400,9700,11000,12000,13000,13000,1728,0,3900,4235.948334185197,184.4381800001429,13475.299220001034,1221.4519675925926
1781578661,20,,Aggregated,2.400000,0.000000,3900,5100,5800,6200,7400,8400,9700,11000,12000,13000,13000,1730,0,3900,4236.78944632429,184.4381800001429,13475.299220001034,1221.9514450867052
1781578662,20,,Aggregated,2.600000,0.000000,3900,5100,5800,6200,7400,8400,9700,11000,12000,13000,13000,1732,0,3900,4238.787527885116,184.4381800001429,13475.299220001034,1222.2973441108545
1781578663,20,,Aggregated,2.300000,0.000000,3900,5100,5800,6200,7400,8400,9700,11000,12000,13000,13000,1734,0,3900,4240.5218542387665,184.4381800001429,13475.299220001034,1222.3085351787774
1781578664,20,,Aggregated,2.300000,0.000000,3900,5100,5800,6200,7400,8400,9700,11000,12000,13000,13000,1735,0,3900,4242.03978588935,184.4381800001429,13475.299220001034,1222.5631123919309
1781578665,20,,Aggregated,2.300000,0.000000,3900,5100,5800,6200,7400,8400,9700,11000,12000,13000,13000,1739,0,3900,4244.61955690858,184.4381800001429,13475.299220001034,1222.6026451983898
1781578666,20,,Aggregated,2.300000,0.000000,3900,5100,5800,6200,7400,8400,9700,11000,12000,13000,13000,1741,0,3900,4246.248632038495,184.4381800001429,13475.299220001034,1222.807007466973
1781578667,20,,Aggregated,2.100000,0.000000,3900,5100,5800,6200,7400,8400,9700,11000,12000,13000,13000,1743,0,3900,4248.31028209525,184.4381800001429,13475.299220001034,1222.7469879518073
1781578668,20,,Aggregated,2.100000,0.000000,3900,5100,5800,6200,7400,8400,9700,11000,12000,13000,13000,1745,0,3900,4249.940574817206,184.4381800001429,13475.299220001034,1222.7719197707736
1781578669,20,,Aggregated,2.100000,0.000000,3900,5100,5800,6200,7400,8400,9700,11000,12000,13000,13000,1749,0,3900,4253.409100505446,184.4381800001429,13475.299220001034,1222.9668381932534
1781578670,20,,Aggregated,2.100000,0.000000,3900,5100,5800,6200,7400,8400,9700,11000,12000,13000,13000,1751,0,3900,4254.034875735022,184.4381800001429,13475.299220001034,1222.946316390634
1781578671,20,,Aggregated,2.200000,0.000000,4000,5100,5800,6200,7400,8400,9700,11000,12000,13000,13000,1756,0,3900,4255.107692361062,184.4381800001429,13475.299220001034,1222.889521640091
1781578672,20,,Aggregated,2.100000,0.000000,4000,5100,5800,6200,7400,8400,9700,11000,12000,13000,13000,1759,0,4000,4254.511018638444,184.4381800001429,13475.299220001034,1222.7555429221147
1781578673,20,,Aggregated,2.200000,0.000000,3900,5100,5800,6200,7400,8400,9700,11000,12000,13000,13000,1761,0,3900,4253.255816674061,184.4381800001429,13475.299220001034,1222.633162975582
1781578674,20,,Aggregated,2.600000,0.000000,3900,5100,5800,6200,7400,8400,9700,11000,12000,13000,13000,1764,0,3900,4252.689071951826,184.4381800001429,13475.299220001034,1222.796485260771
1781578675,20,,Aggregated,2.700000,0.000000,3900,5100,5800,6200,7400,8400,9700,11000,12000,13000,13000,1766,0,3900,4251.840107039084,184.4381800001429,13475.299220001034,1222.9971687429218
1781578676,20,,Aggregated,2.700000,0.000000,3900,5100,5700,6200,7400,8400,9700,11000,12000,13000,13000,1770,0,3900,4250.978937298883,184.4381800001429,13475.299220001034,1222.9909604519773
1781578677,20,,Aggregated,2.800000,0.000000,3900,5100,5700,6200,7400,8400,9700,11000,12000,13000,13000,1778,0,3900,4246.795842813846,184.4381800001429,13475.299220001034,1221.992125984252
1781578678,20,,Aggregated,2.700000,0.000000,3900,5100,5700,6200,7400,8400,9700,11000,12000,13000,13000,1783,0,3900,4240.432839291655,184.4381800001429,13475.299220001034,1221.6786315199104
1781578679,20,,Aggregated,3.000000,0.000000,3900,5100,5700,6200,7400,8400,9700,11000,12000,13000,13000,1787,0,3900,4232.997400813666,184.4381800001429,13475.299220001034,1221.3402350307779
1781578680,20,,Aggregated,3.500000,0.000000,3900,5100,5700,6200,7400,8400,9700,11000,12000,13000,13000,1791,0,3900,4226.727846422124,184.4381800001429,13475.299220001034,1221.1920714684534
1781578681,20,,Aggregated,3.800000,0.000000,3900,5100,5700,6200,7400,8400,9700,11000,12000,13000,13000,1796,0,3900,4219.126770439879,184.4381800001429,13475.299220001034,1220.6380846325167
1781578682,20,,Aggregated,3.800000,0.000000,3900,5100,5700,6200,7400,8400,9700,11000,12000,13000,13000,1797,0,3900,4217.803191313313,184.4381800001429,13475.299220001034,1220.6544240400667
1781578683,20,,Aggregated,4.000000,0.000000,3900,5000,5700,6200,7400,8400,9700,11000,12000,13000,13000,1798,0,3900,4216.845923306464,184.4381800001429,13475.299220001034,1220.7903225806451
1781578684,20,,Aggregated,4.100000,0.000000,3900,5000,5700,6200,7400,8400,9700,10000,12000,13000,13000,1805,0,3900,4210.8664125019495,184.4381800001429,13475.299220001034,1220.4836565096953
1781578685,20,,Aggregated,3.800000,0.000000,3900,5000,5700,6200,7400,8400,9700,10000,12000,13000,13000,1808,0,3900,4208.621198671471,184.4381800001429,13475.299220001034,1220.4662610619469
1781578686,20,,Aggregated,3.700000,0.000000,3900,5000,5700,6200,7400,8400,9700,10000,12000,13000,13000,1814,0,3900,4203.357009963075,184.4381800001429,13475.299220001034,1219.8263506063947
1781578687,20,,Aggregated,4.100000,0.000000,3900,5000,5700,6200,7400,8400,9700,10000,12000,13000,13000,1818,0,3800,4197.815266463155,184.4381800001429,13475.299220001034,1219.4576457645765
1781578688,20,,Aggregated,4.100000,0.000000,3900,5000,5700,6200,7400,8400,9700,10000,12000,13000,13000,1818,0,3800,4197.815266463155,184.4381800001429,13475.299220001034,1219.4576457645765
1781578689,20,,Aggregated,4.100000,0.000000,3900,5000,5700,6200,7400,8400,9700,10000,12000,13000,13000,1818,0,3800,4197.815266463155,184.4381800001429,13475.299220001034,1219.4576457645765
