Timestamp,User Count,Type,Name,Requests/s,Failures/s,50%,66%,75%,80%,90%,95%,98%,99%,99.9%,99.99%,100%,Total Request Count,Total Failure Count,Total Median Response Time,Total Average Response Time,Total Min Response Time,Total Max Response Time,Total Average Content Size
1781579022,0,,Aggregated,0.000000,0.000000,N/A,N/A,N/A,N/A,N/A,N/A,N/A,N/A,N/A,N/A,N/A,0,0,0,0.0,0,0,0
1781579023,5,,Aggregated,0.000000,0.000000,N/A,N/A,N/A,N/A,N/A,N/A,N/A,N/A,N/A,N/A,N/A,0,0,0,0.0,0,0,0
1781579024,10,,Aggregated,0.000000,0.000000,N/A,N/A,N/A,N/A,N/A,N/A,N/A,N/A,N/A,N/A,N/A,0,0,0,0.0,0,0,0
1781579025,10,,Aggregated,0.000000,0.000000,N/A,N/A,N/A,N/A,N/A,N/A,N/A,N/A,N/A,N/A,N/A,0,0,0,0.0,0,0,0
1781579026,10,,Aggregated,0.000000,0.000000,N/A,N/A,N/A,N/A,N/A,N/A,N/A,N/A,N/A,N/A,N/A,0,0,0,0.0,0,0,0
1781579027,10,,Aggregated,0.000000,0.000000,N/A,N/A,N/A,N/A,N/A,N/A,N/A,N/A,N/A,N/A,N/A,0,0,0,0.0,0,0,0
1781579028,10,,Aggregated,0.000000,0.000000,N/A,N/A,N/A,N/A,N/A,N/A,N/A,N/A,N/A,N/A,N/A,0,0,0,0.0,0,0,0
1781579029,10,,Aggregated,0.000000,0.000000,N/A,N/A,N/A,N/A,N/A,N/A,N/A,N/A,N/A,N/A,N/A,0,0,0,0.0,0,0,0
1781579030,10,,Aggregated,0.000000,0.000000,N/A,N/A,N/A,N/A,N/A,N/A,N/A,N/A,N/A,N/A,N/A,0,0,0,0.0,0,0,0
1781579031,10,,Aggregated,0.000000,0.000000,N/A,N/A,N/A,N/A,N/A,N/A,N/A,N/A,N/A,N/A,N/A,0,0,0,0.0,0,0,0
1781579032,10,,Aggregated,0.000000,0.000000,9100,9100,9200,9300,9500,9500,9500,9500,9500,9500,9500,9,0,9100,8965.734723333097,8447.947661999933,9513.688000999537,958.0
1781579033,10,,Aggregated,0.000000,0.000000,9100,9100,9200,9200,9300,9500,9500,9500,9500,9500,9500,11,0,9100,8194.909666363443,360.53012699994724,9513.688000999537,996.1818181818181
1781579034,10,,Aggregated,0.500000,0.000000,8700,9100,9100,9200,9300,9500,9500,9500,9500,9500,9500,15,0,8700,6050.5503503331665,143.2816329997877,9513.688000999537,982.8
1781579035,10,,Aggregated,1.000000,0.000000,8600,8800,9100,9100,9300,9500,9500,9500,9500,9500,9500,18,0,8400,5115.043104110959,143.2816329997877,9513.688000999537,1000.3333333333334
1781579036,10,,Aggregated,1.000000,0.000000,8400,8800,9100,9100,9300,9500,9500,9500,9500,9500,9500,19,0,8400,4913.676205947252,143.2816329997877,9513.688000999537,1028.3157894736842
1781579037,10,,Aggregated,1.200000,0.000000,2000,8700,9100,9100,9200,9300,9500,9500,9500,9500,9500,21,0,2000,4590.199348856913,143.2816329997877,9513.688000999537,1070.1904761904761
1781579038,10,,Aggregated,1.900000,0.000000,2000,8700,9100,9100,9200,9300,9500,9500,9500,9500,9500,23,0,2000,4365.663860391103,143.2816329997877,9513.688000999537,1121.8695652173913
1781579039,10,,Aggregated,2.100000,0.000000,2000,8600,8800,9100,9200,9300,9500,9500,9500,9500,9500,25,0,2000,4196.634720519796,143.2816329997877,9513.688000999537,1134.28
1781579040,10,,Aggregated,2.200000,0.000000,2100,8400,8800,9100,9200,9300,9500,9500,9500,9500,9500,27,0,2100,4098.660853555379,143.2816329997877,9513.688000999537,1163.111111111111
1781579041,10,,Aggregated,2.200000,0.000000,2400,8400,8700,9100,9200,9300,9500,9500,9500,9500,9500,29,0,2400,4006.691871586084,143.2816329997877,9513.688000999537,1179.0689655172414
1781579042,10,,Aggregated,2.600000,0.000000,2500,3200,8600,8800,9100,9300,9500,9500,9500,9500,9500,33,0,2500,3828.7395242120206,143.2816329997877,9513.688000999537,1195.3333333333333
1781579043,10,,Aggregated,2.900000,0.000000,2500,3200,8600,8800,9100,9300,9500,9500,9500,9500,9500,35,0,2500,3753.487676257075,143.2816329997877,9513.688000999537,1209.6285714285714
1781579044,10,,Aggregated,2.600000,0.000000,2500,2900,8400,8700,9100,9300,9500,9500,9500,9500,9500,37,0,2500,3663.5631638107807,143.2816329997877,9513.688000999537,1218.3243243243244
1781579045,10,,Aggregated,2.600000,0.000000,2500,2900,8400,8700,9100,9300,9500,9500,9500,9500,9500,37,0,2500,3663.5631638107807,143.2816329997877,9513.688000999537,1218.3243243243244
1781579046,10,,Aggregated,2.300000,0.000000,2500,2800,8400,8700,9100,9300,9500,9500,9500,9500,9500,40,0,2500,3585.440723750026,143.2816329997877,9513.688000999537,1243.4
1781579047,10,,Aggregated,2.000000,0.000000,2500,2900,3400,8600,9100,9200,9500,9500,9500,9500,9500,41,0,2500,3570.4139253415105,143.2816329997877,9513.688000999537,1247.5121951219512
1781579048,10,,Aggregated,2.000000,0.000000,2600,3200,4700,8600,9100,9200,9500,9500,9500,9500,9500,44,0,2500,3591.08453225008,143.2816329997877,9513.688000999537,1266.7727272727273
1781579049,10,,Aggregated,1.900000,0.000000,2600,3400,3500,8400,9100,9200,9500,9500,9500,9500,9500,46,0,2600,3582.8788968479084,143.2816329997877,9513.688000999537,1264.608695652174
1781579050,10,,Aggregated,2.000000,0.000000,2600,3400,3500,8400,9100,9200,9500,9500,9500,9500,9500,50,0,2600,3499.7372370800817,143.2816329997877,9513.688000999537,1255.74
1781579051,10,,Aggregated,2.100000,0.000000,2500,3000,3400,4700,9100,9200,9300,9500,9500,9500,9500,54,0,2500,3327.351340333433,143.2816329997877,9513.688000999537,1251.9444444444443
1781579052,10,,Aggregated,2.200000,0.000000,2500,2800,3400,4000,9100,9200,9300,9500,9500,9500,9500,59,0,2500,3088.526352559404,143.2816329997877,9513.688000999537,1232.7627118644068
1781579053,10,,Aggregated,2.300000,0.000000,2400,2700,3400,3500,8800,9100,9300,9500,9500,9500,9500,62,0,2400,2956.6510090806987,143.2816329997877,9513.688000999537,1222.758064516129
1781579054,10,,Aggregated,2.500000,0.000000,2100,2600,3400,3400,8800,9100,9300,9500,9500,9500,9500,68,0,2000,2722.9085789412093,142.24295599888137,9513.688000999537,1202.4558823529412
1781579055,10,,Aggregated,2.500000,0.000000,2100,2600,3400,3400,8800,9100,9300,9500,9500,9500,9500,68,0,2000,2722.9085789412093,142.24295599888137,9513.688000999537,1202.4558823529412
1781579056,10,,Aggregated,2.900000,0.000000,2000,2600,3200,3400,8800,9100,9300,9500,9500,9500,9500,70,0,2000,2674.5981166857496,142.24295599888137,9513.688000999537,1208.057142857143
1781579057,10,,Aggregated,3.100000,0.000000,2000,2600,3000,3400,8700,9100,9300,9500,9500,9500,9500,74,0,2000,2629.9132757297207,142.24295599888137,9513.688000999537,1210.081081081081
1781579058,10,,Aggregated,3.000000,0.000000,2000,2500,2900,3400,8700,9100,9300,9500,9500,9500,9500,80,0,2000,2540.1514292124607,142.24295599888137,9513.688000999537,1194.9375
1781579059,10,,Aggregated,3.000000,0.000000,1900,2500,2800,3400,8600,9100,9300,9500,9500,9500,9500,83,0,1900,2462.1701680963133,142.24295599888137,9513.688000999537,1191.55421686747
1781579060,10,,Aggregated,3.200000,0.000000,1700,2500,2700,3200,8600,9100,9300,9500,9500,9500,9500,87,0,1700,2357.7832974597295,128.58166200021515,9513.688000999537,1181.7241379310344
1781579061,10,,Aggregated,3.500000,0.000000,1700,2500,2700,3200,8600,9100,9300,9500,9500,9500,9500,88,0,1700,2332.455432159061,128.58166200021515,9513.688000999537,1178.9772727272727
1781579062,10,,Aggregated,3.600000,0.000000,1500,2200,2600,3000,8400,9100,9300,9500,9500,9500,9500,95,0,1500,2204.7658492105074,128.58166200021515,9513.688000999537,1172.4
1781579063,10,,Aggregated,3.500000,0.000000,1500,2200,2600,2900,8400,9100,9300,9500,9500,9500,9500,97,0,1500,2165.1919323195625,128.58166200021515,9513.688000999537,1169.9381443298969
1781579064,10,,Aggregated,3.500000,0.000000,1400,2100,2600,2900,8400,9100,9300,9500,9500,9500,9500,100,0,1400,2125.432647789986,128.58166200021515,9513.688000999537,1170.14
1781579065,10,,Aggregated,3.500000,0.000000,1400,2100,2600,2800,4700,9100,9200,9300,9500,9500,9500,103,0,1400,2093.012793097074,128.58166200021515,9513.688000999537,1169.9708737864078
1781579066,10,,Aggregated,3.500000,0.000000,1400,2100,2600,2800,4700,9100,9200,9300,9500,9500,9500,104,0,1300,2084.5931466826823,128.58166200021515,9513.688000999537,1170.7403846153845
1781579067,10,,Aggregated,3.500000,0.000000,1400,2100,2600,2800,4700,9100,9200,9300,9500,9500,9500,104,0,1300,2084.5931466826823,128.58166200021515,9513.688000999537,1170.7403846153845
1781579068,10,,Aggregated,3.300000,0.000000,1400,2100,2600,2800,4700,9100,9200,9300,9500,9500,9500,105,0,1400,2091.5357839142725,128.58166200021515,9513.688000999537,1176.4285714285713
1781579069,10,,Aggregated,3.400000,0.000000,1400,2100,2600,2800,4700,9100,9200,9300,9500,9500,9500,106,0,1400,2102.563020792435,128.58166200021515,9513.688000999537,1180.254716981132
1781579070,10,,Aggregated,3.100000,0.000000,1400,2200,2700,3000,5800,9100,9200,9300,9500,9500,9500,108,0,1400,2154.8173598425824,128.58166200021515,9513.688000999537,1203.1666666666667
1781579071,10,,Aggregated,2.500000,0.000000,1500,2400,2700,3300,5800,9100,9200,9300,9500,9500,9500,110,0,1400,2202.4904386999965,128.58166200021515,9513.688000999537,1205.4363636363637
1781579072,10,,Aggregated,2.300000,0.000000,1500,2500,2800,3400,5600,9100,9200,9300,9500,9500,9500,113,0,1500,2290.0739954778883,128.58166200021515,9513.688000999537,1211.6725663716813
1781579073,10,,Aggregated,2.200000,0.000000,1500,2500,3000,3400,5800,9100,9200,9300,9500,9500,9500,115,0,1500,2343.9975033043643,128.58166200021515,9513.688000999537,1214.2260869565218
1781579074,10,,Aggregated,2.200000,0.000000,1500,2500,3000,3400,5800,9100,9200,9300,9500,9500,9500,115,0,1500,2343.9975033043643,128.58166200021515,9513.688000999537,1214.2260869565218
1781579075,10,,Aggregated,1.700000,0.000000,1700,2500,3200,3400,5800,9100,9200,9300,9500,9500,9500,119,0,1700,2376.348143260512,128.58166200021515,9513.688000999537,1222.3781512605042
1781579076,10,,Aggregated,1.800000,0.000000,1700,2500,3000,3400,5600,8800,9200,9300,9500,9500,9500,123,0,1700,2368.4658395365955,128.58166200021515,9513.688000999537,1220.3739837398373
1781579077,10,,Aggregated,1.400000,0.000000,1700,2500,3000,3400,5600,8800,9200,9300,9500,9500,9500,124,0,1700,2369.3899936854973,128.58166200021515,9513.688000999537,1221.766129032258
1781579078,10,,Aggregated,1.500000,0.000000,1700,2500,2900,3400,5600,8800,9200,9300,9500,9500,9500,127,0,1700,2348.3549351811275,128.58166200021515,9513.688000999537,1226.259842519685
1781579079,10,,Aggregated,1.900000,0.000000,1600,2500,2900,3400,5600,8800,9200,9300,9500,9500,9500,132,0,1600,2305.808401333377,128.58166200021515,9513.688000999537,1222.060606060606
1781579080,10,,Aggregated,1.900000,0.000000,1500,2400,2800,3400,5600,8800,9200,9300,9500,9500,9500,136,0,1500,2260.853149102988,128.58166200021515,9513.688000999537,1218.6911764705883
1781579081,10,,Aggregated,2.200000,0.000000,1500,2400,2800,3400,5600,8800,9200,9300,9500,9500,9500,139,0,1500,2231.5482660000307,128.58166200021515,9513.688000999537,1218.9928057553957
1781579082,10,,Aggregated,2.600000,0.000000,1400,2400,2700,3300,5300,8700,9200,9300,9500,9500,9500,145,0,1400,2156.3198990827827,128.58166200021515,9513.688000999537,1211.0344827586207
1781579083,10,,Aggregated,2.700000,0.000000,1400,2400,2700,3200,5300,8700,9200,9300,9500,9500,9500,146,0,1400,2145.8343745000275,128.58166200021515,9513.688000999537,1210.5958904109589
1781579084,10,,Aggregated,2.800000,0.000000,1400,2300,2600,3200,5300,8700,9200,9300,9500,9500,9500,150,0,1400,2109.3131088533614,128.58166200021515,9513.688000999537,1207.2066666666667
1781579085,10,,Aggregated,3.200000,0.000000,1400,2200,2600,3000,5000,8700,9100,9300,9500,9500,9500,154,0,1300,2080.644812168856,128.58166200021515,9513.688000999537,1206.2142857142858
1781579086,10,,Aggregated,3.100000,0.000000,1400,2200,2600,3000,5000,8700,9100,9300,9500,9500,9500,155,0,1400,2079.161002716161,128.58166200021515,9513.688000999537,1207.2387096774194
1781579087,10,,Aggregated,3.500000,0.000000,1400,2100,2600,2900,4900,8600,9100,9300,9500,9500,9500,162,0,1400,2044.6859178148522,128.58166200021515,9513.688000999537,1203.5925925925926
1781579088,10,,Aggregated,3.500000,0.000000,1300,2100,2500,2800,4900,8600,9100,9300,9500,9500,9500,166,0,1300,2004.963427036197,128.58166200021515,9513.688000999537,1199.4698795180723
1781579089,10,,Aggregated,3.200000,0.000000,1300,2000,2500,2800,4900,8600,9100,9300,9500,9500,9500,170,0,1200,1962.6456187941592,128.58166200021515,9513.688000999537,1193.4411764705883
1781579090,10,,Aggregated,3.900000,0.000000,1200,2000,2500,2800,4700,8600,9100,9300,9500,9500,9500,174,0,1100,1928.8276870057873,128.58166200021515,9513.688000999537,1191.2068965517242
1781579091,10,,Aggregated,3.900000,0.000000,1200,2000,2500,2700,4700,8600,9100,9300,9500,9500,9500,176,0,1100,1919.677454721637,128.58166200021515,9513.688000999537,1191.971590909091
1781579092,10,,Aggregated,3.800000,0.000000,1200,2000,2500,2700,4700,8600,9100,9300,9500,9500,9500,177,0,1200,1916.7157948531542,128.58166200021515,9513.688000999537,1191.0395480225989
1781579093,10,,Aggregated,3.800000,0.000000,1200,2000,2500,2700,4700,8600,9100,9300,9500,9500,9500,178,0,1200,1917.7844825393802,128.58166200021515,9513.688000999537,1191.4719101123596
1781579094,10,,Aggregated,3.700000,0.000000,1200,2000,2500,2700,4700,8600,9100,9300,9500,9500,9500,179,0,1200,1920.65990582128,128.58166200021515,9513.688000999537,1192.8659217877096
1781579095,10,,Aggregated,3.300000,0.000000,1300,2100,2500,2800,4700,8400,9100,9300,9500,9500,9500,182,0,1300,1956.8132349231355,128.58166200021515,9513.688000999537,1206.598901098901
1781579096,10,,Aggregated,3.200000,0.000000,1300,2100,2600,3000,4700,8400,9100,9300,9500,9500,9500,185,0,1300,1995.5426996162819,128.58166200021515,9513.688000999537,1208.0432432432433
1781579097,10,,Aggregated,3.000000,0.000000,1300,2100,2600,3200,4700,8400,9100,9300,9500,9500,9500,187,0,1300,2019.1957246952475,128.58166200021515,9513.688000999537,1209.390374331551
1781579098,10,,Aggregated,2.800000,0.000000,1400,2100,2600,3200,4700,8400,9100,9300,9500,9500,9500,190,0,1400,2022.5052576579503,128.58166200021515,9513.688000999537,1210.821052631579
1781579099,10,,Aggregated,3.000000,0.000000,1400,2100,2600,3000,4600,8400,9100,9300,9500,9500,9500,192,0,1400,2020.1903775365229,128.58166200021515,9513.688000999537,1212.390625
1781579100,10,,Aggregated,2.400000,0.000000,1400,2100,2600,3000,4600,8400,9100,9300,9500,9500,9500,193,0,1400,2021.0246087358128,128.58166200021515,9513.688000999537,1212.3367875647668
1781579101,10,,Aggregated,2.400000,0.000000,1400,2100,2600,3200,4600,8400,9100,9300,9500,9500,9500,195,0,1400,2029.7854093385242,128.58166200021515,9513.688000999537,1216.2
1781579102,10,,Aggregated,2.100000,0.000000,1400,2200,2600,3000,4600,8400,9100,9300,9500,9500,9500,198,0,1400,2033.653172474803,128.58166200021515,9513.688000999537,1218.141414141414
1781579103,10,,Aggregated,1.900000,0.000000,1400,2200,2600,3000,4600,8400,9100,9300,9500,9500,9500,200,0,1400,2034.4407838000561,128.58166200021515,9513.688000999537,1219.035
1781579104,10,,Aggregated,1.900000,0.000000,1400,2200,2600,2900,4500,5900,9100,9200,9500,9500,9500,201,0,1400,2036.101994776172,128.58166200021515,9513.688000999537,1219.547263681592
1781579105,10,,Aggregated,2.000000,0.000000,1500,2200,2600,2900,4500,5900,9100,9200,9500,9500,9500,203,0,1500,2040.8929820739377,128.58166200021515,9513.688000999537,1222.152709359606
1781579106,10,,Aggregated,2.200000,0.000000,1500,2300,2600,3000,4500,5900,9100,9200,9500,9500,9500,206,0,1500,2058.071587344697,128.58166200021515,9513.688000999537,1225.8009708737864
1781579107,10,,Aggregated,2.100000,0.000000,1500,2400,2700,3000,4500,5900,9100,9200,9500,9500,9500,208,0,1500,2063.956110447146,128.58166200021515,9513.688000999537,1225.3365384615386
1781579109,10,,Aggregated,2.100000,0.000000,1600,2400,2700,3100,4500,5900,9100,9200,9500,9500,9500,212,0,1600,2074.373058070792,128.58166200021515,9513.688000999537,1226.4245283018868
1781579110,10,,Aggregated,2.100000,0.000000,1600,2400,2700,3100,4500,5900,9100,9200,9500,9500,9500,213,0,1600,2071.3227323427564,128.58166200021515,9513.688000999537,1225.5492957746478
1781579111,10,,Aggregated,2.100000,0.000000,1600,2400,2700,3000,4500,5900,9100,9200,9500,9500,9500,220,0,1600,2060.058866618222,128.58166200021515,9513.688000999537,1223.6363636363637
1781579112,10,,Aggregated,2.200000,0.000000,1600,2400,2600,2900,4300,5800,9100,9200,9500,9500,9500,222,0,1500,2046.907841450489,128.58166200021515,9513.688000999537,1222.3108108108108
1781579113,10,,Aggregated,2.100000,0.000000,1500,2400,2600,2900,4300,5800,9100,9200,9500,9500,9500,225,0,1500,2022.6000112444804,128.58166200021515,9513.688000999537,1218.4222222222222
1781579114,10,,Aggregated,2.700000,0.000000,1500,2300,2600,2900,4300,5800,9100,9200,9500,9500,9500,227,0,1500,2017.6456577709598,128.58166200021515,9513.688000999537,1221.964757709251
1781579115,10,,Aggregated,2.700000,0.000000,1500,2300,2600,2800,4200,5800,9100,9200,9500,9500,9500,231,0,1500,2009.2016783463505,128.58166200021515,9513.688000999537,1221.8701298701299
1781579116,10,,Aggregated,2.700000,0.000000,1500,2200,2600,2800,4200,5800,9100,9200,9500,9500,9500,233,0,1500,2000.660578600883,128.58166200021515,9513.688000999537,1220.7081545064377
1781579117,10,,Aggregated,2.700000,0.000000,1500,2200,2600,2800,4200,5800,9100,9200,9500,9500,9500,240,0,1500,1966.6816069208694,128.58166200021515,9513.688000999537,1217.9458333333334
1781579118,10,,Aggregated,3.000000,0.000000,1400,2200,2500,2800,4200,5600,9100,9200,9500,9500,9500,243,0,1400,1949.7298764527093,128.58166200021515,9513.688000999537,1216.5802469135801
1781579119,10,,Aggregated,3.000000,0.000000,1400,2100,2500,2800,4200,5600,9100,9200,9500,9500,9500,246,0,1400,1938.7204599553106,128.58166200021515,9513.688000999537,1217.8089430894308
1781579120,10,,Aggregated,3.400000,0.000000,1400,2100,2500,2800,4200,5600,9100,9200,9500,9500,9500,249,0,1400,1917.700984674723,128.58166200021515,9513.688000999537,1214.4939759036145
1781579121,10,,Aggregated,3.500000,0.000000,1400,2100,2500,2800,4200,5600,9100,9200,9500,9500,9500,254,0,1400,1889.7724859921448,128.58166200021515,9513.688000999537,1212.4803149606298
1781579122,10,,Aggregated,3.400000,0.000000,1400,2100,2500,2700,4200,5600,9100,9200,9500,9500,9500,256,0,1400,1881.8168530039275,128.58166200021515,9513.688000999537,1213.4453125
1781579123,10,,Aggregated,3.400000,0.000000,1400,2100,2500,2700,4200,5600,9100,9200,9500,9500,9500,260,0,1400,1866.0949302538745,128.58166200021515,9513.688000999537,1213.746153846154
1781579124,10,,Aggregated,3.400000,0.000000,1400,2000,2500,2700,4100,5600,9100,9200,9500,9500,9500,263,0,1400,1855.3079281331115,128.58166200021515,9513.688000999537,1212.148288973384
1781579125,10,,Aggregated,3.400000,0.000000,1400,2000,2500,2700,4100,5600,9100,9200,9500,9500,9500,265,0,1400,1854.8134738377673,128.58166200021515,9513.688000999537,1214.7018867924528
1781579126,10,,Aggregated,3.400000,0.000000,1400,2000,2500,2700,4100,5600,9100,9200,9500,9500,9500,266,0,1400,1854.9882614624419,128.58166200021515,9513.688000999537,1214.8796992481202
1781579127,10,,Aggregated,3.600000,0.000000,1400,2000,2500,2700,4100,5600,9100,9200,9500,9500,9500,267,0,1400,1855.0048124382365,128.58166200021515,9513.688000999537,1215.936329588015
1781579128,10,,Aggregated,3.600000,0.000000,1400,2000,2500,2700,4100,5600,9100,9200,9500,9500,9500,267,0,1400,1855.0048124382365,128.58166200021515,9513.688000999537,1215.936329588015
1781579129,10,,Aggregated,2.700000,0.000000,1400,2100,2500,2700,4200,5600,9100,9200,9500,9500,9500,269,0,1400,1870.7290065390664,128.58166200021515,9513.688000999537,1223.4312267657992
1781579130,10,,Aggregated,2.700000,0.000000,1400,2100,2500,2800,4200,5600,9100,9200,9500,9500,9500,270,0,1400,1879.7117460852169,128.58166200021515,9513.688000999537,1225.0222222222221
1781579131,10,,Aggregated,2.400000,0.000000,1400,2100,2500,2800,4200,5600,9100,9200,9500,9500,9500,272,0,1400,1899.5150026434192,128.58166200021515,9513.688000999537,1226.4448529411766
1781579132,10,,Aggregated,2.100000,0.000000,1400,2100,2500,2800,4300,5600,9100,9200,9500,9500,9500,274,0,1400,1924.5449243978414,128.58166200021515,9513.688000999537,1228.5693430656934
1781579133,10,,Aggregated,2.100000,0.000000,1400,2100,2600,2800,4500,5600,9100,9200,9500,9500,9500,277,0,1400,1957.795749104719,128.58166200021515,9513.688000999537,1228.563176895307
1781579134,10,,Aggregated,2.100000,0.000000,1400,2100,2600,2800,4500,5600,9100,9200,9500,9500,9500,277,0,1400,1957.795749104719,128.58166200021515,9513.688000999537,1228.563176895307
1781579135,10,,Aggregated,1.800000,0.000000,1400,2200,2600,3000,4500,5600,9100,9200,9500,9500,9500,280,0,1400,1975.0459321178903,128.58166200021515,9513.688000999537,1232.125
1781579136,10,,Aggregated,1.800000,0.000000,1400,2200,2600,3000,4500,5500,9100,9200,9500,9500,9500,282,0,1400,1985.644757790817,128.58166200021515,9513.688000999537,1233.6985815602836
1781579137,10,,Aggregated,1.400000,0.000000,1400,2300,2700,3100,4500,5500,9100,9200,9500,9500,9500,285,0,1400,1997.2201851123266,128.58166200021515,9513.688000999537,1234.9438596491227
1781579138,10,,Aggregated,1.600000,0.000000,1500,2300,2700,3100,4500,5500,9100,9200,9500,9500,9500,287,0,1500,2003.4382345679878,128.58166200021515,9513.688000999537,1234.2752613240418
1781579139,10,,Aggregated,1.600000,0.000000,1500,2300,2700,3100,4500,5500,9100,9200,9500,9500,9500,290,0,1500,2002.720401624175,128.58166200021515,9513.688000999537,1234.606896551724
1781579140,10,,Aggregated,1.900000,0.000000,1400,2300,2700,3100,4500,5500,9100,9200,9500,9500,9500,297,0,1400,1986.064533188593,128.58166200021515,9513.688000999537,1231.5521885521885
1781579141,10,,Aggregated,2.100000,0.000000,1400,2200,2700,3100,4500,5500,9100,9200,9500,9500,9500,300,0,1400,1968.9408739067048,128.58166200021515,9513.688000999537,1229.52
1781579142,10,,Aggregated,2.400000,0.000000,1400,2200,2600,3000,4300,5400,8800,9100,9500,9500,9500,305,0,1400,1946.1953992656065,128.58166200021515,9513.688000999537,1226.8459016393442
1781579143,10,,Aggregated,2.700000,0.000000,1400,2200,2600,3000,4300,5400,8800,9100,9500,9500,9500,307,0,1400,1940.843022032601,128.58166200021515,9513.688000999537,1226.9771986970684
1781579144,10,,Aggregated,3.000000,0.000000,1400,2100,2600,3000,4300,5400,8800,9100,9500,9500,9500,312,0,1400,1921.769122679513,128.58166200021515,9513.688000999537,1224.929487179487
1781579145,10,,Aggregated,2.900000,0.000000,1400,2100,2600,3000,4300,5400,8800,9100,9500,9500,9500,314,0,1400,1918.3947465159526,128.58166200021515,9513.688000999537,1225.9331210191083
1781579146,10,,Aggregated,2.900000,0.000000,1400,2100,2600,3000,4300,5400,8800,9100,9500,9500,9500,316,0,1400,1913.7794147785069,128.58166200021515,9513.688000999537,1225.0474683544303
1781579147,10,,Aggregated,3.400000,0.000000,1400,2100,2600,2900,4200,5300,8800,9100,9500,9500,9500,322,0,1400,1898.6867598509582,128.58166200021515,9513.688000999537,1223.1149068322982
1781579148,10,,Aggregated,3.400000,0.000000,1400,2100,2500,2900,4200,5300,8800,9100,9500,9500,9500,325,0,1400,1890.8793412831103,128.58166200021515,9513.688000999537,1222.313846153846
1781579149,10,,Aggregated,3.700000,0.000000,1400,2100,2500,2900,4200,5300,8800,9100,9500,9500,9500,328,0,1400,1883.5287704847838,128.58166200021515,9513.688000999537,1222.5731707317073
1781579150,10,,Aggregated,3.700000,0.000000,1400,2000,2500,2800,4200,5300,8800,9100,9500,9500,9500,333,0,1400,1869.2708795525768,128.58166200021515,9513.688000999537,1220.8168168168168
1781579151,10,,Aggregated,3.700000,0.000000,1300,2000,2500,2800,4200,5300,8800,9100,9500,9500,9500,337,0,1300,1852.9649511424598,128.58166200021515,9513.688000999537,1218.5311572700298
1781579152,10,,Aggregated,3.800000,0.000000,1300,2000,2500,2800,4200,5300,8800,9100,9500,9500,9500,338,0,1300,1851.090491769258,128.58166200021515,9513.688000999537,1219.2100591715975
1781579153,10,,Aggregated,3.800000,0.000000,1300,2000,2500,2800,4200,5300,8800,9100,9500,9500,9500,340,0,1300,1847.7419481117922,128.58166200021515,9513.688000999537,1217.9382352941177
1781579154,10,,Aggregated,3.400000,0.000000,1300,2000,2500,2800,4200,5300,8800,9100,9500,9500,9500,343,0,1300,1851.1071520495866,128.58166200021515,9513.688000999537,1220.6734693877552
1781579155,10,,Aggregated,3.400000,0.000000,1300,2000,2500,2800,4200,5300,8800,9100,9500,9500,9500,343,0,1300,1851.1071520495866,128.58166200021515,9513.688000999537,1220.6734693877552
1781579156,10,,Aggregated,3.100000,0.000000,1300,2000,2500,2900,4200,5300,8800,9100,9500,9500,9500,345,0,1300,1861.2864462116172,128.58166200021515,9513.688000999537,1224.231884057971
1781579157,10,,Aggregated,3.100000,0.000000,1400,2100,2500,2900,4200,5300,8800,9100,9500,9500,9500,348,0,1400,1873.6061761034666,128.58166200021515,9513.688000999537,1223.2557471264367
1781579158,10,,Aggregated,2.800000,0.000000,1400,2100,2600,3000,4200,5300,8800,9100,9500,9500,9500,350,0,1400,1881.7373326600186,128.58166200021515,9513.688000999537,1225.8028571428572
1781579159,10,,Aggregated,2.800000,0.000000,1400,2100,2600,3000,4100,5300,8700,9100,9500,9500,9500,351,0,1400,1886.4014683276557,128.58166200021515,9513.688000999537,1226.2307692307693
1781579160,10,,Aggregated,2.800000,0.000000,1400,2100,2600,3000,4100,5300,8700,9100,9500,9500,9500,352,0,1400,1890.0969583380888,128.58166200021515,9513.688000999537,1227.6818181818182
1781579161,10,,Aggregated,2.400000,0.000000,1400,2100,2600,3000,4200,5300,8700,9100,9500,9500,9500,354,0,1400,1902.4357596864595,128.58166200021515,9513.688000999537,1230.9293785310736
1781579162,10,,Aggregated,2.400000,0.000000,1400,2100,2700,3100,4200,5300,8700,9100,9500,9500,9500,357,0,1400,1919.030384546235,128.58166200021515,9513.688000999537,1231.187675070028
1781579163,10,,Aggregated,2.000000,0.000000,1400,2200,2700,3200,4200,5300,8700,9100,9500,9500,9500,359,0,1400,1927.7777171086566,128.58166200021515,9513.688000999537,1232.0807799442896
1781579164,10,,Aggregated,2.000000,0.000000,1400,2200,2800,3200,4100,5100,8700,9100,9500,9500,9500,363,0,1400,1935.4112346584272,128.58166200021515,9513.688000999537,1231.862258953168
1781579165,10,,Aggregated,1.900000,0.000000,1400,2200,2700,3100,4100,5100,8700,9100,9500,9500,9500,368,0,1400,1921.692062758177,128.58166200021515,9513.688000999537,1230.429347826087
1781579166,10,,Aggregated,2.000000,0.000000,1400,2100,2700,3100,4100,5100,8700,9100,9500,9500,9500,371,0,1400,1913.5597266927462,128.58166200021515,9513.688000999537,1230.266846361186
1781579167,10,,Aggregated,2.000000,0.000000,1400,2100,2700,3100,4100,5100,8700,9100,9500,9500,9500,372,0,1400,1911.2633201666883,128.58166200021515,9513.688000999537,1230.8037634408602
1781579168,10,,Aggregated,2.500000,0.000000,1400,2100,2700,3100,4100,5100,8700,9100,9500,9500,9500,375,0,1400,1907.3848414506938,128.58166200021515,9513.688000999537,1232.416
1781579169,10,,Aggregated,2.400000,0.000000,1400,2100,2700,3100,4100,5100,8700,9100,9500,9500,9500,379,0,1400,1900.5521917361757,128.58166200021515,9513.688000999537,1229.5883905013193
1781579170,10,,Aggregated,2.400000,0.000000,1400,2100,2700,3000,4100,5100,8700,9100,9500,9500,9500,382,0,1400,1899.7472446021222,128.58166200021515,9513.688000999537,1230.609947643979
1781579171,10,,Aggregated,2.700000,0.000000,1400,2100,2600,3000,4100,5100,8700,9100,9500,9500,9500,385,0,1400,1892.7577839948387,128.58166200021515,9513.688000999537,1230.7324675324676
1781579172,10,,Aggregated,2.900000,0.000000,1400,2100,2600,3000,4100,5100,8700,9100,9500,9500,9500,391,0,1400,1879.986576002595,128.58166200021515,9513.688000999537,1229.690537084399
1781579173,10,,Aggregated,3.000000,0.000000,1400,2100,2600,3000,4100,5100,8700,9100,9500,9500,9500,394,0,1300,1868.1513811015607,128.58166200021515,9513.688000999537,1228.1243654822335
1781579174,10,,Aggregated,3.100000,0.000000,1300,2000,2600,3000,4100,5100,8700,9100,9500,9500,9500,399,0,1300,1849.3345647093065,128.58166200021515,9513.688000999537,1226.1127819548872
1781579175,10,,Aggregated,3.400000,0.000000,1300,2000,2600,3000,4100,5000,8600,9100,9500,9500,9500,403,0,1300,1832.3905404094633,126.7399509997631,9513.688000999537,1223.2952853598015
1781579176,10,,Aggregated,3.500000,0.000000,1300,2000,2500,3000,4100,5000,8600,9100,9500,9500,9500,406,0,1300,1822.2753212857529,126.7399509997631,9513.688000999537,1221.71921182266
1781579177,10,,Aggregated,3.500000,0.000000,1300,2000,2500,3000,4100,5000,8600,9100,9500,9500,9500,407,0,1300,1821.0177519386139,126.7399509997631,9513.688000999537,1222.6314496314496
1781579178,10,,Aggregated,3.600000,0.000000,1300,2000,2500,2900,4000,5000,8600,9100,9500,9500,9500,412,0,1300,1818.0531630510045,126.7399509997631,9513.688000999537,1223.509708737864
1781579179,10,,Aggregated,3.600000,0.000000,1300,2000,2500,2900,4000,5000,8600,9100,9500,9500,9500,412,0,1300,1818.0531630510045,126.7399509997631,9513.688000999537,1223.509708737864
1781579180,10,,Aggregated,3.500000,0.000000,1300,2000,2500,2900,4000,5000,8600,9100,9500,9500,9500,414,0,1300,1819.2705021111467,126.7399509997631,9513.688000999537,1225.3091787439614
1781579181,10,,Aggregated,3.400000,0.000000,1300,2000,2500,2900,4000,5000,8600,9100,9500,9500,9500,417,0,1300,1824.891041568382,126.7399509997631,9513.688000999537,1226.4220623501199
1781579182,10,,Aggregated,3.400000,0.000000,1300,2000,2500,2900,4000,5000,8600,9100,9500,9500,9500,418,0,1300,1826.3448847153475,126.7399509997631,9513.688000999537,1226.9832535885168
1781579183,10,,Aggregated,3.400000,0.000000,1300,2000,2500,2900,4000,5000,8600,9100,9500,9500,9500,418,0,1300,1826.3448847153475,126.7399509997631,9513.688000999537,1226.9832535885168
1781579184,10,,Aggregated,3.000000,0.000000,1400,2000,2600,3000,4000,5000,8600,9100,9500,9500,9500,424,0,1400,1847.5745417099383,126.7399509997631,9513.688000999537,1229.3301886792453
1781579185,10,,Aggregated,3.000000,0.000000,1400,2000,2600,3000,4000,5000,8600,9100,9500,9500,9500,424,0,1400,1847.5745417099383,126.7399509997631,9513.688000999537,1229.3301886792453
1781579186,10,,Aggregated,2.400000,0.000000,1400,2100,2600,3000,4000,5000,8600,9100,9500,9500,9500,426,0,1400,1855.5546621878193,126.7399509997631,9513.688000999537,1230.1784037558687
1781579187,10,,Aggregated,2.400000,0.000000,1400,2100,2700,3000,4100,5000,8600,9100,9500,9500,9500,428,0,1400,1864.2074625257264,126.7399509997631,9513.688000999537,1232.306074766355
1781579188,10,,Aggregated,2.000000,0.000000,1400,2100,2600,3000,4000,5000,8600,9100,9500,9500,9500,433,0,1400,1865.2742843718513,126.7399509997631,9513.688000999537,1232.203233256351
1781579189,10,,Aggregated,2.100000,0.000000,1400,2100,2600,3000,4000,5000,8600,9100,9500,9500,9500,437,0,1400,1858.5775391327509,126.7399509997631,9513.688000999537,1231.1304347826087
1781579190,10,,Aggregated,2.200000,0.000000,1400,2000,2600,3000,4000,5000,8600,9100,9500,9500,9500,439,0,1400,1853.7240943736065,126.7399509997631,9513.688000999537,1230.8086560364466
1781579191,10,,Aggregated,2.200000,0.000000,1400,2000,2600,3000,4000,4900,8600,9100,9500,9500,9500,443,0,1400,1845.6300186794886,126.7399509997631,9513.688000999537,1230.469525959368
1781579192,10,,Aggregated,2.400000,0.000000,1300,2000,2600,3000,4000,4900,8600,9100,9500,9500,9500,445,0,1300,1842.7293582786833,126.7399509997631,9513.688000999537,1229.8112359550562
1781579193,10,,Aggregated,2.500000,0.000000,1300,2000,2600,3000,4000,4900,8600,9100,9500,9500,9500,449,0,1300,1840.3520142895627,126.7399509997631,9513.688000999537,1229.792873051225
1781579194,10,,Aggregated,2.500000,0.000000,1300,2000,2600,3000,4000,4900,8600,9100,9500,9500,9500,450,0,1300,1839.0239795466964,126.7399509997631,9513.688000999537,1229.6266666666668
1781579195,10,,Aggregated,2.600000,0.000000,1300,2000,2600,3000,3900,4900,8400,9100,9500,9500,9500,452,0,1300,1837.533229665956,126.7399509997631,9513.688000999537,1230.8274336283187
1781579196,10,,Aggregated,3.000000,0.000000,1400,2000,2500,3000,3900,4900,8400,9100,9500,9500,9500,458,0,1400,1834.7331956965254,126.7399509997631,9513.688000999537,1229.3886462882097
1781579197,10,,Aggregated,2.800000,0.000000,1300,2000,2500,2900,3900,4700,8400,9100,9500,9500,9500,461,0,1300,1827.1942277201936,126.7399509997631,9513.688000999537,1228.5184381778743
1781579198,10,,Aggregated,2.900000,0.000000,1300,2000,2500,2900,3900,4700,8400,9100,9500,9500,9500,465,0,1300,1816.5707601656059,126.7399509997631,9513.688000999537,1227.7956989247311
1781579199,10,,Aggregated,3.100000,0.000000,1300,2000,2500,2900,3900,4700,8400,9100,9500,9500,9500,470,0,1300,1801.257037442563,126.7399509997631,9513.688000999537,1225.9574468085107
1781579200,10,,Aggregated,3.100000,0.000000,1300,2000,2500,2900,3800,4700,8400,9100,9500,9500,9500,472,0,1300,1794.2836526017047,126.7399509997631,9513.688000999537,1224.7478813559321
1781579201,10,,Aggregated,3.300000,0.000000,1300,2000,2500,2900,3800,4700,8400,9100,9500,9500,9500,474,0,1300,1791.0942044683673,126.7399509997631,9513.688000999537,1225.1793248945148
1781579202,10,,Aggregated,3.400000,0.000000,1300,2000,2500,2900,3800,4700,8400,9100,9500,9500,9500,478,0,1300,1789.4994929226107,126.7399509997631,9513.688000999537,1225.3535564853557
1781579203,10,,Aggregated,3.200000,0.000000,1300,1900,2500,2800,3800,4700,8400,9100,9500,9500,9500,483,0,1300,1784.6437310683295,126.7399509997631,9513.688000999537,1223.879917184265
1781579204,10,,Aggregated,3.000000,0.000000,1300,1900,2400,2800,3800,4700,8400,9100,9500,9500,9500,487,0,1300,1772.5322528377862,126.7399509997631,9513.688000999537,1222.2936344969198
1781579205,10,,Aggregated,3.200000,0.000000,1300,1900,2400,2800,3800,4700,8400,9100,9500,9500,9500,491,0,1300,1760.653975492872,126.7399509997631,9513.688000999537,1221.0549898167005
1781579206,10,,Aggregated,3.500000,0.000000,1300,1900,2400,2800,3800,4700,8400,9100,9500,9500,9500,494,0,1300,1753.103688953445,126.7399509997631,9513.688000999537,1220.3805668016194
1781579207,10,,Aggregated,3.500000,0.000000,1300,1900,2400,2800,3800,4700,8400,9100,9500,9500,9500,496,0,1300,1749.2851671532276,126.7399509997631,9513.688000999537,1220.179435483871
1781579208,10,,Aggregated,3.900000,0.000000,1300,1900,2400,2800,3800,4700,8400,9100,9500,9500,9500,499,0,1300,1747.4584835290634,126.7399509997631,9513.688000999537,1221.0981963927857
1781579209,10,,Aggregated,3.700000,0.000000,1300,1900,2400,2800,3800,4600,5900,9100,9500,9500,9500,501,0,1300,1747.9806113093887,126.7399509997631,9513.688000999537,1222.9281437125749
1781579210,10,,Aggregated,3.500000,0.000000,1300,1900,2400,2800,3800,4600,5900,9100,9500,9500,9500,504,0,1300,1747.6884954682603,126.7399509997631,9513.688000999537,1222.468253968254
1781579211,10,,Aggregated,3.200000,0.000000,1300,1900,2400,2800,3800,4600,5900,9100,9500,9500,9500,508,0,1300,1746.914401527569,126.7399509997631,9513.688000999537,1221.8641732283465
1781579212,10,,Aggregated,2.900000,0.000000,1300,1900,2400,2800,3800,4600,5900,9100,9500,9500,9500,510,0,1300,1744.7268514411853,126.7399509997631,9513.688000999537,1221.9666666666667
1781579213,10,,Aggregated,3.400000,0.000000,1300,1900,2400,2800,3800,4600,5900,9100,9500,9500,9500,511,0,1300,1744.042464479461,126.7399509997631,9513.688000999537,1222.4227005870841
1781579214,10,,Aggregated,3.500000,0.000000,1300,1900,2400,2800,3800,4600,5900,9100,9500,9500,9500,514,0,1300,1745.7876053832783,126.7399509997631,9513.688000999537,1222.8754863813228
1781579215,10,,Aggregated,3.500000,0.000000,1300,1900,2400,2800,3800,4600,5900,9100,9500,9500,9500,515,0,1300,1746.161914407778,126.7399509997631,9513.688000999537,1222.5320388349514
1781579216,10,,Aggregated,2.700000,0.000000,1300,1900,2400,2800,3800,4600,5900,9100,9500,9500,9500,518,0,1300,1754.6997734556103,126.7399509997631,9513.688000999537,1224.162162162162
1781579217,10,,Aggregated,2.700000,0.000000,1300,1900,2400,2800,3800,4600,5900,9100,9500,9500,9500,519,0,1300,1757.5855533429785,126.7399509997631,9513.688000999537,1224.2003853564547
1781579218,10,,Aggregated,2.200000,0.000000,1300,1900,2400,2800,3800,4600,5900,9100,9500,9500,9500,521,0,1300,1764.9279034337915,126.7399509997631,9513.688000999537,1225.1113243761997
1781579219,10,,Aggregated,2.200000,0.000000,1400,1900,2400,2800,3800,4600,5900,9100,9500,9500,9500,524,0,1300,1774.4176982061165,126.7399509997631,9513.688000999537,1225.429389312977
1781579220,10,,Aggregated,2.200000,0.000000,1400,1900,2400,2800,3800,4600,5900,9100,9500,9500,9500,526,0,1400,1780.0517498117995,126.7399509997631,9513.688000999537,1225.6026615969581
1781579221,10,,Aggregated,2.200000,0.000000,1400,2000,2500,2800,3800,4600,5900,9100,9500,9500,9500,528,0,1400,1785.3171548863752,126.7399509997631,9513.688000999537,1226.4147727272727
1781579222,10,,Aggregated,2.400000,0.000000,1400,2000,2500,2800,3800,4600,5900,9100,9500,9500,9500,533,0,1400,1785.478984028152,126.7399509997631,9513.688000999537,1225.234521575985
1781579223,10,,Aggregated,1.900000,0.000000,1400,2000,2500,2800,3800,4600,5900,9100,9500,9500,9500,534,0,1400,1785.8402072809076,126.7399509997631,9513.688000999537,1226.2303370786517
1781579224,10,,Aggregated,2.100000,0.000000,1300,1900,2400,2800,3800,4500,5900,9100,9500,9500,9500,542,0,1300,1769.4837674446653,126.7399509997631,9513.688000999537,1223.7232472324724
1781579225,10,,Aggregated,2.300000,0.000000,1300,1900,2400,2800,3800,4500,5900,9100,9500,9500,9500,543,0,1300,1767.1292453278238,126.7399509997631,9513.688000999537,1223.7476979742173
1781579226,10,,Aggregated,2.300000,0.000000,1300,1900,2400,2800,3800,4500,5900,9100,9500,9500,9500,545,0,1300,1763.363259913775,126.7399509997631,9513.688000999537,1223.9467889908258
1781579227,10,,Aggregated,2.700000,0.000000,1300,1900,2400,2800,3800,4500,5900,9100,9500,9500,9500,549,0,1300,1758.557488118408,126.7399509997631,9513.688000999537,1223.6193078324227
1781579228,10,,Aggregated,2.800000,0.000000,1300,1900,2400,2800,3800,4500,5800,9100,9500,9500,9500,553,0,1300,1755.6212937142957,126.7399509997631,9513.688000999537,1223.112115732369
1781579229,10,,Aggregated,2.900000,0.000000,1300,1900,2400,2800,3800,4500,5800,9100,9500,9500,9500,556,0,1300,1751.2373142068445,126.7399509997631,9513.688000999537,1222.4838129496402
1781579230,10,,Aggregated,3.000000,0.000000,1300,1900,2400,2800,3800,4500,5800,9100,9500,9500,9500,559,0,1300,1747.0211500465236,126.7399509997631,9513.688000999537,1222.2647584973167
1781579231,10,,Aggregated,3.300000,0.000000,1300,1900,2400,2800,3800,4500,5800,9100,9500,9500,9500,563,0,1300,1737.6656888952111,126.7399509997631,9513.688000999537,1220.4156305506217
1781579232,10,,Aggregated,3.100000,0.000000,1300,1900,2400,2800,3800,4500,5800,9100,9500,9500,9500,569,0,1300,1728.0720886010586,126.7399509997631,9513.688000999537,1219.8822495606328
1781579233,10,,Aggregated,3.400000,0.000000,1300,1900,2400,2800,3600,4500,5800,9100,9500,9500,9500,572,0,1300,1721.5065035646894,126.7399509997631,9513.688000999537,1219.423076923077
1781579234,10,,Aggregated,3.300000,0.000000,1300,1900,2400,2800,3600,4500,5800,9100,9500,9500,9500,574,0,1300,1719.2488831167275,126.7399509997631,9513.688000999537,1219.9982578397212
1781579235,10,,Aggregated,3.600000,0.000000,1300,1900,2400,2800,3600,4500,5800,9100,9500,9500,9500,576,0,1300,1717.837656402781,126.7399509997631,9513.688000999537,1219.5069444444443
1781579236,10,,Aggregated,3.700000,0.000000,1300,1900,2400,2800,3600,4500,5800,9100,9500,9500,9500,579,0,1300,1718.6394589706422,126.7399509997631,9513.688000999537,1219.839378238342
1781579237,10,,Aggregated,3.700000,0.000000,1300,1900,2400,2800,3600,4500,5800,9100,9500,9500,9500,579,0,1300,1718.6394589706422,126.7399509997631,9513.688000999537,1219.839378238342
1781579238,10,,Aggregated,3.300000,0.000000,1300,1900,2400,2800,3600,4500,5800,9100,9500,9500,9500,583,0,1300,1728.032032624361,126.7399509997631,9513.688000999537,1221.7495711835334
1781579239,10,,Aggregated,3.200000,0.000000,1300,1900,2400,2800,3600,4500,5800,9100,9500,9500,9500,587,0,1300,1732.4300461737678,126.7399509997631,9513.688000999537,1221.335604770017
1781579240,10,,Aggregated,3.000000,0.000000,1300,1900,2400,2800,3500,4500,5800,9100,9500,9500,9500,591,0,1300,1730.477232983087,126.7399509997631,9513.688000999537,1220.9729272419627
1781579241,10,,Aggregated,3.000000,0.000000,1300,1900,2400,2800,3500,4500,5800,9100,9500,9500,9500,591,0,1300,1730.477232983087,126.7399509997631,9513.688000999537,1220.9729272419627
1781579242,10,,Aggregated,3.200000,0.000000,1300,1900,2400,2800,3500,4500,5800,9100,9500,9500,9500,593,0,1300,1730.3460972731946,126.7399509997631,9513.688000999537,1222.0236087689714
1781579243,10,,Aggregated,3.100000,0.000000,1300,1900,2400,2800,3500,4500,5800,9100,9500,9500,9500,595,0,1300,1730.3053287949672,126.7399509997631,9513.688000999537,1222.0067226890756
1781579244,10,,Aggregated,2.800000,0.000000,1300,1900,2400,2800,3500,4500,5800,9100,9500,9500,9500,598,0,1300,1734.4673497475028,126.7399509997631,9513.688000999537,1222.9615384615386
1781579245,10,,Aggregated,2.400000,0.000000,1300,1900,2400,2800,3500,4500,5800,9100,9500,9500,9500,599,0,1300,1736.3800116243833,126.7399509997631,9513.688000999537,1223.0350584307178
1781579246,10,,Aggregated,2.300000,0.000000,1400,1900,2400,2800,3500,4500,5600,8800,9500,9500,9500,602,0,1300,1739.4394989335644,126.7399509997631,9513.688000999537,1223.3970099667774
1781579247,10,,Aggregated,2.400000,0.000000,1400,1900,2400,2800,3500,4500,5600,8800,9500,9500,9500,607,0,1400,1737.3245450906204,126.7399509997631,9513.688000999537,1223.2125205930806
1781579248,10,,Aggregated,2.300000,0.000000,1400,1900,2400,2800,3500,4500,5600,8800,9500,9500,9500,610,0,1400,1735.4635416934523,126.7399509997631,9513.688000999537,1223.504918032787
1781579249,10,,Aggregated,2.400000,0.000000,1300,1900,2400,2800,3500,4500,5600,8800,9500,9500,9500,614,0,1300,1730.179513848541,126.7399509997631,9513.688000999537,1222.7312703583061
1781579250,10,,Aggregated,2.700000,0.000000,1300,1900,2400,2700,3500,4500,5600,8800,9500,9500,9500,616,0,1300,1729.0718003668908,126.7399509997631,9513.688000999537,1223.1201298701299
1781579251,10,,Aggregated,2.700000,0.000000,1300,1900,2400,2700,3500,4500,5600,8800,9500,9500,9500,620,0,1300,1723.021984780651,126.7399509997631,9513.688000999537,1222.366129032258
1781579252,10,,Aggregated,2.600000,0.000000,1300,1900,2400,2700,3500,4300,5600,8800,9500,9500,9500,625,0,1300,1714.1437617744043,126.7399509997631,9513.688000999537,1221.6112
1781579253,10,,Aggregated,2.500000,0.000000,1300,1900,2400,2700,3500,4300,5600,8800,9500,9500,9500,627,0,1300,1709.3470331212168,126.7399509997631,9513.688000999537,1220.6937799043062
1781579254,10,,Aggregated,2.500000,0.000000,1300,1900,2400,2700,3500,4300,5600,8800,9500,9500,9500,627,0,1300,1709.3470331212168,126.7399509997631,9513.688000999537,1220.6937799043062
1781579255,10,,Aggregated,3.200000,0.000000,1300,1900,2400,2700,3500,4300,5600,8800,9500,9500,9500,630,0,1300,1708.2789216111166,126.7399509997631,9513.688000999537,1221.7968253968254
1781579256,10,,Aggregated,3.200000,0.000000,1300,1900,2400,2700,3500,4300,5600,8800,9500,9500,9500,632,0,1300,1710.8033758765876,126.7399509997631,9513.688000999537,1222.9098101265822
1781579257,10,,Aggregated,2.900000,0.000000,1300,1900,2400,2700,3500,4300,5600,8800,9500,9500,9500,635,0,1300,1712.3234737259918,126.7399509997631,9513.688000999537,1222.903937007874
1781579258,10,,Aggregated,3.100000,0.000000,1300,1900,2400,2700,3500,4300,5600,8800,9500,9500,9500,636,0,1300,1713.9458541776812,126.7399509997631,9513.688000999537,1223.4182389937107
1781579259,10,,Aggregated,2.900000,0.000000,1300,1900,2400,2700,3500,4300,5600,8800,9500,9500,9500,641,0,1300,1712.468029687995,126.7399509997631,9513.688000999537,1223.1591263650546
1781579260,10,,Aggregated,2.800000,0.000000,1300,1900,2400,2700,3500,4300,5600,8800,9500,9500,9500,645,0,1300,1703.7762852310102,126.7399509997631,9513.688000999537,1221.6573643410852
1781579261,10,,Aggregated,2.600000,0.000000,1300,1900,2400,2700,3500,4300,5600,8800,9500,9500,9500,646,0,1300,1702.4288556811175,126.7399509997631,9513.688000999537,1221.7925696594427
1781579262,10,,Aggregated,2.700000,0.000000,1300,1900,2400,2600,3500,4300,5600,8800,9500,9500,9500,651,0,1300,1695.2936343702017,126.7399509997631,9513.688000999537,1221.258064516129
1781579263,10,,Aggregated,2.900000,0.000000,1300,1900,2400,2600,3500,4300,5600,8800,9500,9500,9500,655,0,1300,1687.9840816549645,126.7399509997631,9513.688000999537,1219.8656488549618
1781579264,10,,Aggregated,2.600000,0.000000,1300,1900,2400,2600,3500,4300,5600,8800,9500,9500,9500,658,0,1300,1682.337430013681,126.7399509997631,9513.688000999537,1219.551671732523
1781579266,10,,Aggregated,2.600000,0.000000,1300,1900,2400,2600,3500,4300,5600,8800,9500,9500,9500,661,0,1300,1677.7730567655103,126.7399509997631,9513.688000999537,1219.090771558245
1781579267,10,,Aggregated,2.800000,0.000000,1300,1800,2400,2600,3500,4300,5600,8800,9500,9500,9500,663,0,1300,1676.7639029819024,126.7399509997631,9513.688000999537,1219.7466063348415
1781579268,10,,Aggregated,3.100000,0.000000,1300,1800,2300,2600,3500,4300,5600,8800,9500,9500,9500,665,0,1300,1676.8076947488753,126.7399509997631,9513.688000999537,1219.990977443609
1781579269,10,,Aggregated,3.100000,0.000000,1300,1800,2300,2600,3500,4300,5600,8800,9500,9500,9500,668,0,1300,1678.066973179643,126.7399509997631,9513.688000999537,1220.7829341317365
1781579270,10,,Aggregated,3.100000,0.000000,1300,1800,2300,2600,3400,4300,5600,8800,9500,9500,9500,671,0,1300,1676.4301062950867,126.7399509997631,9513.688000999537,1220.3055141579732
1781579271,10,,Aggregated,3.200000,0.000000,1300,1800,2300,2600,3400,4300,5600,8800,9500,9500,9500,674,0,1300,1672.5716412893225,126.7399509997631,9513.688000999537,1220.841246290801
1781579272,10,,Aggregated,3.200000,0.000000,1300,1800,2300,2600,3400,4300,5600,8800,9500,9500,9500,674,0,1300,1672.5716412893225,126.7399509997631,9513.688000999537,1220.841246290801
1781579273,10,,Aggregated,2.800000,0.000000,1300,1800,2300,2600,3400,4300,5600,8800,9500,9500,9500,679,0,1300,1670.3327738424198,126.7399509997631,9513.688000999537,1221.2857142857142
1781579274,10,,Aggregated,2.800000,0.000000,1300,1800,2200,2600,3400,4200,5600,8800,9500,9500,9500,682,0,1300,1667.6216769208274,126.7399509997631,9513.688000999537,1220.8636363636363
1781579275,10,,Aggregated,2.800000,0.000000,1300,1800,2200,2600,3400,4200,5600,8800,9500,9500,9500,685,0,1300,1663.823556002925,126.7399509997631,9513.688000999537,1220.9737226277373
1781579276,10,,Aggregated,2.700000,0.000000,1300,1800,2200,2500,3400,4200,5600,8800,9500,9500,9500,686,0,1300,1663.0183879344079,126.7399509997631,9513.688000999537,1220.9446064139943
1781579277,10,,Aggregated,2.700000,0.000000,1300,1800,2200,2500,3400,4200,5600,8800,9500,9500,9500,689,0,1300,1663.205734426707,126.7399509997631,9513.688000999537,1220.799709724238
1781579278,10,,Aggregated,2.700000,0.000000,1300,1800,2200,2500,3400,4200,5600,8800,9500,9500,9500,690,0,1300,1664.1335011173908,126.7399509997631,9513.688000999537,1220.755072463768
1781579279,10,,Aggregated,2.500000,0.000000,1300,1800,2300,2500,3400,4200,5600,8800,9500,9500,9500,692,0,1300,1666.6664279075114,126.7399509997631,9513.688000999537,1220.271676300578
1781579280,10,,Aggregated,2.500000,0.000000,1300,1800,2300,2600,3400,4300,5600,8800,9500,9500,9500,696,0,1300,1677.96925715948,126.7399509997631,9513.688000999537,1224.0545977011495
1781579281,10,,Aggregated,2.500000,0.000000,1300,1800,2300,2600,3400,4300,5600,8800,9500,9500,9500,700,0,1300,1676.2053386957161,126.7399509997631,9513.688000999537,1223.0457142857142
1781579282,10,,Aggregated,2.400000,0.000000,1300,1800,2300,2500,3400,4200,5600,8700,9500,9500,9500,701,0,1300,1675.8521030870215,126.7399509997631,9513.688000999537,1223.305278174037
1781579283,10,,Aggregated,2.700000,0.000000,1300,1800,2300,2500,3400,4200,5600,8700,9500,9500,9500,702,0,1300,1675.4367529344747,126.7399509997631,9513.688000999537,1224.054131054131
1781579284,10,,Aggregated,2.700000,0.000000,1300,1800,2300,2500,3400,4200,5600,8700,9500,9500,9500,704,0,1300,1675.2607696590933,126.7399509997631,9513.688000999537,1224.512784090909
1781579285,10,,Aggregated,2.700000,0.000000,1300,1800,2300,2500,3400,4200,5600,8700,9500,9500,9500,706,0,1300,1676.7710433994332,126.7399509997631,9513.688000999537,1224.9490084985837
1781579286,10,,Aggregated,2.300000,0.000000,1300,1900,2300,2600,3400,4200,5600,8700,9500,9500,9500,708,0,1300,1680.9259870423716,126.7399509997631,9513.688000999537,1226.0466101694915
1781579287,10,,Aggregated,2.100000,0.000000,1300,1900,2300,2600,3400,4200,5600,8700,9500,9500,9500,714,0,1300,1684.0088404439741,126.7399509997631,9513.688000999537,1224.7408963585435
1781579288,10,,Aggregated,2.100000,0.000000,1300,1900,2300,2600,3400,4200,5600,8700,9500,9500,9500,716,0,1300,1679.6826762946914,125.60556000062206,9513.688000999537,1223.9441340782123
1781579289,10,,Aggregated,2.200000,0.000000,1300,1900,2300,2600,3400,4200,5600,8700,9500,9500,9500,717,0,1300,1678.1852780167349,125.60556000062206,9513.688000999537,1223.8256624825663
1781579290,10,,Aggregated,2.600000,0.000000,1300,1900,2300,2600,3400,4200,5600,8700,9500,9500,9500,719,0,1300,1678.8901817538228,125.60556000062206,9513.688000999537,1225.3963838664813
1781579291,10,,Aggregated,2.500000,0.000000,1300,1900,2300,2600,3400,4200,5600,8700,9500,9500,9500,720,0,1300,1679.2216179111088,125.60556000062206,9513.688000999537,1225.6972222222223
1781579292,10,,Aggregated,2.200000,0.000000,1300,1900,2300,2600,3400,4200,5600,8700,9500,9500,9500,726,0,1300,1684.0754139476544,125.60556000062206,9513.688000999537,1225.1239669421489
1781579293,10,,Aggregated,2.200000,0.000000,1300,1900,2300,2600,3400,4200,5600,8700,9500,9500,9500,726,0,1300,1684.0754139476544,125.60556000062206,9513.688000999537,1225.1239669421489
1781579294,10,,Aggregated,1.900000,0.000000,1300,1900,2300,2600,3400,4200,5600,8700,9500,9500,9500,729,0,1300,1681.19094399314,125.60556000062206,9513.688000999537,1225.3840877914952
1781579295,10,,Aggregated,2.400000,0.000000,1300,1900,2300,2500,3400,4200,5600,8700,9500,9500,9500,732,0,1300,1680.831911946721,125.60556000062206,9513.688000999537,1225.5737704918033
1781579296,10,,Aggregated,2.600000,0.000000,1300,1900,2300,2500,3400,4200,5600,8700,9500,9500,9500,734,0,1300,1681.1300228215257,125.60556000062206,9513.688000999537,1225.5272479564032
1781579297,10,,Aggregated,2.600000,0.000000,1300,1900,2300,2500,3400,4200,5600,8700,9500,9500,9500,737,0,1300,1680.1148314464049,125.60556000062206,9513.688000999537,1225.4843962008142
1781579298,10,,Aggregated,2.600000,0.000000,1300,1900,2300,2500,3400,4200,5600,8700,9500,9500,9500,738,0,1300,1681.4290330663962,125.60556000062206,9513.688000999537,1225.8929539295393
1781579299,10,,Aggregated,2.500000,0.000000,1300,1900,2300,2500,3400,4200,5600,8700,9500,9500,9500,740,0,1300,1681.2462774702717,125.60556000062206,9513.688000999537,1226.9756756756756
1781579300,10,,Aggregated,2.400000,0.000000,1400,1900,2300,2500,3400,4200,5600,8700,9500,9500,9500,742,0,1300,1681.9146754083595,125.60556000062206,9513.688000999537,1227.256064690027
1781579301,10,,Aggregated,2.200000,0.000000,1400,1900,2300,2600,3400,4200,5600,8700,9500,9500,9500,745,0,1400,1686.404033838931,125.60556000062206,9513.688000999537,1228.130201342282
1781579302,10,,Aggregated,2.500000,0.000000,1400,1900,2300,2600,3400,4200,5600,8700,9500,9500,9500,750,0,1400,1685.3036666306707,125.60556000062206,9513.688000999537,1227.408
1781579303,10,,Aggregated,2.600000,0.000000,1400,1900,2300,2500,3400,4200,5500,8700,9500,9500,9500,752,0,1400,1682.7860299813879,125.60556000062206,9513.688000999537,1227.7034574468084
1781579304,10,,Aggregated,2.600000,0.000000,1400,1900,2300,2500,3400,4200,5500,8700,9500,9500,9500,753,0,1400,1681.8247593572426,125.60556000062206,9513.688000999537,1227.9468791500665
1781579305,10,,Aggregated,2.500000,0.000000,1400,1900,2300,2500,3400,4200,5500,8700,9500,9500,9500,758,0,1400,1678.6629389841746,125.60556000062206,9513.688000999537,1227.4881266490765
1781579306,10,,Aggregated,2.400000,0.000000,1300,1900,2300,2500,3400,4200,5500,8700,9500,9500,9500,763,0,1300,1671.5907241415512,125.60556000062206,9513.688000999537,1226.4233289646133
1781579307,10,,Aggregated,2.400000,0.000000,1300,1900,2200,2500,3400,4200,5500,8700,9500,9500,9500,765,0,1300,1667.8328055790907,125.60556000062206,9513.688000999537,1225.8509803921568
1781579308,10,,Aggregated,2.900000,0.000000,1300,1900,2200,2500,3400,4200,5500,8700,9500,9500,9500,767,0,1300,1665.581978996093,125.60556000062206,9513.688000999537,1225.7770534550195
1781579309,10,,Aggregated,2.900000,0.000000,1300,1800,2200,2500,3400,4200,5500,8700,9500,9500,9500,773,0,1300,1659.4444058331208,125.60556000062206,9513.688000999537,1224.4294954721863
1781579310,10,,Aggregated,2.800000,0.000000,1300,1800,2200,2500,3400,4200,5500,8700,9500,9500,9500,775,0,1300,1656.5668970877443,125.60556000062206,9513.688000999537,1224.4361290322581
1781579311,10,,Aggregated,3.300000,0.000000,1300,1800,2200,2500,3400,4200,5500,8700,9500,9500,9500,778,0,1300,1652.634838163241,125.60556000062206,9513.688000999537,1224.4331619537274
1781579312,10,,Aggregated,3.300000,0.000000,1300,1800,2200,2500,3400,4200,5500,8700,9500,9500,9500,779,0,1300,1651.6885297869076,125.60556000062206,9513.688000999537,1224.4634146341464
1781579313,10,,Aggregated,3.300000,0.000000,1300,1800,2200,2500,3400,4200,5500,8700,9500,9500,9500,784,0,1300,1649.6596823903055,125.60556000062206,9513.688000999537,1224.3265306122448
1781579314,10,,Aggregated,3.200000,0.000000,1300,1800,2200,2500,3400,4200,5500,8700,9500,9500,9500,785,0,1300,1648.559254931208,125.60556000062206,9513.688000999537,1224.5490445859873
1781579315,10,,Aggregated,3.000000,0.000000,1300,1800,2200,2500,3400,4200,5500,8700,9500,9500,9500,791,0,1300,1642.5071993350168,125.60556000062206,9513.688000999537,1223.9393173198482
1781579316,10,,Aggregated,3.200000,0.000000,1300,1800,2200,2500,3400,4200,5500,8700,9500,9500,9500,794,0,1300,1637.284759429469,125.60556000062206,9513.688000999537,1223.2607052896726
1781579317,10,,Aggregated,3.500000,0.000000,1300,1800,2200,2500,3400,4200,5500,8700,9500,9500,9500,798,0,1300,1631.9428182042575,125.60556000062206,9513.688000999537,1222.779448621554
1781579318,10,,Aggregated,3.500000,0.000000,1300,1800,2200,2500,3400,4200,5500,8700,9500,9500,9500,799,0,1300,1631.101030712139,125.60556000062206,9513.688000999537,1222.7271589486859
1781579319,10,,Aggregated,3.100000,0.000000,1300,1800,2200,2500,3400,4200,5500,8700,9500,9500,9500,800,0,1300,1630.908509938748,125.60556000062206,9513.688000999537,1222.8725
1781579320,10,,Aggregated,3.000000,0.000000,1300,1800,2200,2500,3300,4100,5400,8600,9500,9500,9500,802,0,1300,1630.3508319127175,125.60556000062206,9513.688000999537,1222.501246882793
1781579321,10,,Aggregated,3.300000,0.000000,1300,1800,2200,2500,3300,4100,5400,8600,9500,9500,9500,804,0,1300,1632.7089986119397,125.60556000062206,9513.688000999537,1222.5746268656717
1781579322,10,,Aggregated,2.700000,0.000000,1300,1800,2200,2500,3300,4100,5400,8600,9500,9500,9500,808,0,1300,1633.9056854702965,125.60556000062206,9513.688000999537,1221.6856435643565
1781579323,10,,Aggregated,2.700000,0.000000,1300,1800,2200,2500,3300,4100,5400,8600,9500,9500,9500,809,0,1300,1634.4327031940675,125.60556000062206,9513.688000999537,1221.8467243510506
1781579324,10,,Aggregated,2.700000,0.000000,1300,1800,2200,2500,3300,4200,5500,8600,9500,9500,9500,812,0,1300,1640.514451220444,125.60556000062206,9513.688000999537,1225.2401477832511
1781579325,10,,Aggregated,2.700000,0.000000,1300,1800,2200,2500,3300,4200,5500,8600,9500,9500,9500,814,0,1300,1640.4815089938609,125.60556000062206,9513.688000999537,1225.4914004914006
1781579326,10,,Aggregated,2.600000,0.000000,1300,1800,2200,2500,3300,4200,5500,8600,9500,9500,9500,817,0,1300,1641.2236214222817,125.60556000062206,9513.688000999537,1225.8212974296205
1781579327,10,,Aggregated,2.300000,0.000000,1300,1800,2200,2500,3300,4200,5500,8600,9500,9500,9500,819,0,1300,1643.0660761159993,125.60556000062206,9513.688000999537,1226.025641025641
1781579328,10,,Aggregated,2.200000,0.000000,1300,1800,2200,2500,3300,4100,5500,8600,9500,9500,9500,821,0,1300,1643.955944091356,125.60556000062206,9513.688000999537,1226.2387332521316
1781579329,10,,Aggregated,2.200000,0.000000,1300,1800,2200,2500,3300,4100,5500,8600,9500,9500,9500,824,0,1300,1644.0654398167521,125.60556000062206,9513.688000999537,1226.376213592233
1781579330,10,,Aggregated,2.100000,0.000000,1300,1800,2200,2500,3300,4100,5500,8600,9500,9500,9500,828,0,1300,1642.2533796473467,125.60556000062206,9513.688000999537,1226.4287439613527
1781579331,10,,Aggregated,2.100000,0.000000,1300,1800,2200,2500,3300,4100,5500,8600,9500,9500,9500,831,0,1300,1639.0081442346623,125.60556000062206,9513.688000999537,1226.3549939831528
1781579332,10,,Aggregated,2.500000,0.000000,1300,1800,2200,2500,3300,4100,5500,8600,9500,9500,9500,833,0,1300,1636.6669087755138,125.60556000062206,9513.688000999537,1226.3193277310925
1781579333,10,,Aggregated,2.700000,0.000000,1300,1800,2200,2500,3300,4100,5500,8600,9500,9500,9500,836,0,1300,1634.8078082141176,125.60556000062206,9513.688000999537,1226.5275119617224
1781579334,10,,Aggregated,2.600000,0.000000,1300,1800,2200,2400,3300,4100,5500,8600,9500,9500,9500,841,0,1300,1631.1152314447127,125.60556000062206,9513.688000999537,1226.0202140309157
1781579335,10,,Aggregated,2.600000,0.000000,1300,1800,2200,2400,3300,4100,5500,8600,9500,9500,9500,843,0,1300,1629.540187516018,125.60556000062206,9513.688000999537,1226.0581257413999
1781579336,10,,Aggregated,2.600000,0.000000,1300,1800,2200,2400,3300,4100,5500,8600,9500,9500,9500,845,0,1300,1626.2722991017765,125.60556000062206,9513.688000999537,1225.3668639053255
1781579337,10,,Aggregated,2.800000,0.000000,1300,1800,2200,2400,3300,4100,5400,8600,9500,9500,9500,851,0,1300,1622.1971344512333,125.60556000062206,9513.688000999537,1225.069330199765
1781579338,10,,Aggregated,2.800000,0.000000,1300,1800,2200,2400,3300,4100,5400,8600,9500,9500,9500,851,0,1300,1622.1971344512333,125.60556000062206,9513.688000999537,1225.069330199765
1781579339,10,,Aggregated,3.000000,0.000000,1300,1800,2100,2400,3300,4100,5400,8600,9500,9500,9500,857,0,1300,1617.114973994167,125.60556000062206,9513.688000999537,1224.5624270711785
1781579340,10,,Aggregated,3.000000,0.000000,1300,1800,2100,2400,3300,4100,5400,8600,9500,9500,9500,859,0,1300,1615.072829583238,125.60556000062206,9513.688000999537,1224.0267753201397
1781579341,10,,Aggregated,3.100000,0.000000,1300,1800,2100,2400,3300,4100,5400,8600,9500,9500,9500,861,0,1300,1613.4870665214887,125.60556000062206,9513.688000999537,1224.3646922183507
1781579342,10,,Aggregated,3.200000,0.000000,1300,1800,2100,2400,3300,4100,5400,8600,9500,9500,9500,863,0,1300,1611.3798562502914,125.60556000062206,9513.688000999537,1224.3499420625724
1781579343,10,,Aggregated,3.000000,0.000000,1300,1800,2100,2400,3300,4100,5400,8600,9500,9500,9500,865,0,1300,1612.011655078615,125.60556000062206,9513.688000999537,1224.6647398843932
1781579344,10,,Aggregated,3.000000,0.000000,1300,1800,2100,2400,3300,4100,5400,8600,9500,9500,9500,867,0,1300,1611.1580618154585,125.60556000062206,9513.688000999537,1224.1683967704728
1781579345,10,,Aggregated,3.000000,0.000000,1300,1800,2100,2400,3300,4100,5400,8600,9500,9500,9500,869,0,1300,1612.1132530632954,125.60556000062206,9513.688000999537,1224.4602991944764
1781579346,10,,Aggregated,2.900000,0.000000,1300,1800,2100,2400,3300,4100,5400,8600,9500,9500,9500,870,0,1300,1613.3688092069008,125.60556000062206,9513.688000999537,1224.9816091954024
1781579347,10,,Aggregated,2.900000,0.000000,1300,1800,2100,2400,3300,4100,5400,8600,9500,9500,9500,872,0,1300,1615.1760585458753,125.60556000062206,9513.688000999537,1225.5573394495414
1781579348,10,,Aggregated,2.400000,0.000000,1300,1800,2200,2400,3300,4100,5400,8600,9500,9500,9500,876,0,1300,1620.640903519412,125.60556000062206,9513.688000999537,1225.5342465753424
1781579349,10,,Aggregated,2.400000,0.000000,1300,1800,2200,2500,3300,4100,5400,8600,9500,9500,9500,878,0,1300,1623.1229490398675,125.60556000062206,9513.688000999537,1225.3097949886105
1781579350,10,,Aggregated,2.300000,0.000000,1300,1800,2200,2500,3300,4100,5400,8600,9500,9500,9500,880,0,1300,1624.006532778415,125.60556000062206,9513.688000999537,1225.634090909091
1781579351,10,,Aggregated,2.500000,0.000000,1300,1800,2200,2500,3300,4100,5400,8600,9500,9500,9500,881,0,1300,1624.9176155505177,125.60556000062206,9513.688000999537,1226.0794551645856
1781579352,10,,Aggregated,2.000000,0.000000,1300,1800,2200,2500,3300,4100,5400,8600,9500,9500,9500,883,0,1300,1625.7666319309235,125.60556000062206,9513.688000999537,1226.2763306908266
1781579353,10,,Aggregated,2.000000,0.000000,1300,1800,2200,2500,3300,4100,5400,8600,9500,9500,9500,883,0,1300,1625.7666319309235,125.60556000062206,9513.688000999537,1226.2763306908266
1781579354,10,,Aggregated,1.900000,0.000000,1300,1800,2200,2500,3300,4100,5400,8600,9500,9500,9500,885,0,1300,1629.9230237683694,125.60556000062206,9513.688000999537,1227.5457627118644
1781579355,10,,Aggregated,2.000000,0.000000,1300,1800,2200,2500,3300,4100,5400,8600,9500,9500,9500,890,0,1300,1636.1514465719163,125.60556000062206,9513.688000999537,1227.5022471910113
1781579356,10,,Aggregated,1.900000,0.000000,1300,1800,2200,2500,3300,4100,5400,8600,9500,9500,9500,891,0,1300,1635.954259712688,125.60556000062206,9513.688000999537,1227.6139169472503
1781579357,10,,Aggregated,1.700000,0.000000,1300,1800,2200,2500,3300,4100,5400,8600,9500,9500,9500,893,0,1300,1639.2058917077316,125.60556000062206,9513.688000999537,1227.9350503919372
1781579358,10,,Aggregated,2.100000,0.000000,1300,1800,2200,2500,3300,4100,5400,8600,9500,9500,9500,896,0,1300,1640.268203275674,125.60556000062206,9513.688000999537,1228.0044642857142
1781579359,10,,Aggregated,2.000000,0.000000,1300,1800,2200,2500,3300,4100,5400,8600,9500,9500,9500,900,0,1300,1637.5399666144492,125.60556000062206,9513.688000999537,1227.8655555555556
1781579360,10,,Aggregated,2.100000,0.000000,1300,1800,2200,2500,3300,4100,5300,8400,9500,9500,9500,903,0,1300,1633.094943699893,125.60556000062206,9513.688000999537,1227.2314507198228
1781579361,10,,Aggregated,2.100000,0.000000,1300,1800,2200,2500,3300,4100,5300,8400,9500,9500,9500,906,0,1300,1629.7426254370891,125.60556000062206,9513.688000999537,1226.901766004415
1781579362,10,,Aggregated,2.200000,0.000000,1300,1800,2200,2500,3300,4100,5300,8400,9500,9500,9500,909,0,1300,1627.1331293762403,125.60556000062206,9513.688000999537,1226.2695269526953
1781579363,10,,Aggregated,2.400000,0.000000,1300,1800,2200,2500,3300,4100,5300,8400,9500,9500,9500,911,0,1300,1625.8098342140515,125.60556000062206,9513.688000999537,1226.5016465422611
1781579364,10,,Aggregated,2.400000,0.000000,1300,1800,2200,2500,3300,4100,5300,8400,9500,9500,9500,914,0,1300,1624.7897795350116,125.60556000062206,9513.688000999537,1227.0765864332604
1781579365,10,,Aggregated,2.700000,0.000000,1300,1800,2200,2500,3300,4100,5300,8400,9500,9500,9500,919,0,1300,1621.7013887105547,125.60556000062206,9513.688000999537,1226.3340587595212
1781579366,10,,Aggregated,2.700000,0.000000,1300,1800,2200,2500,3300,4100,5300,8400,9500,9500,9500,920,0,1300,1620.5890308891298,125.60556000062206,9513.688000999537,1226.2076086956522
1781579367,10,,Aggregated,3.000000,0.000000,1300,1800,2200,2500,3300,4100,5300,8400,9500,9500,9500,921,0,1300,1619.970904950053,125.60556000062206,9513.688000999537,1226.4332247557004
1781579368,10,,Aggregated,3.000000,0.000000,1300,1800,2200,2500,3300,4100,5300,8400,9500,9500,9500,925,0,1300,1619.1194982659447,125.60556000062206,9513.688000999537,1226.3891891891892
1781579369,10,,Aggregated,2.800000,0.000000,1300,1800,2200,2400,3300,4100,5300,8400,9500,9500,9500,928,0,1300,1618.3925952704717,125.60556000062206,9513.688000999537,1226.0775862068965
1781579370,10,,Aggregated,2.600000,0.000000,1300,1800,2200,2400,3300,4100,5300,8400,9500,9500,9500,932,0,1300,1616.445606574028,125.60556000062206,9513.688000999537,1226.2864806866953
1781579371,10,,Aggregated,2.800000,0.000000,1300,1800,2100,2400,3300,4100,5300,8400,9500,9500,9500,934,0,1300,1614.301462827617,125.60556000062206,9513.688000999537,1225.7933618843683
1781579372,10,,Aggregated,2.800000,0.000000,1300,1800,2100,2400,3300,4100,5300,8400,9500,9500,9500,936,0,1300,1614.2539480715757,125.60556000062206,9513.688000999537,1225.8365384615386
1781579373,10,,Aggregated,2.800000,0.000000,1300,1800,2100,2400,3300,4100,5300,8400,9500,9500,9500,936,0,1300,1614.2539480715757,125.60556000062206,9513.688000999537,1225.8365384615386
1781579374,10,,Aggregated,2.800000,0.000000,1300,1800,2100,2400,3300,4100,5300,8400,9500,9500,9500,941,0,1300,1617.0094111902133,125.60556000062206,9513.688000999537,1226.8894792773644
1781579375,10,,Aggregated,2.600000,0.000000,1300,1800,2100,2400,3300,4100,5300,8400,9500,9500,9500,945,0,1300,1617.2999586529002,125.60556000062206,9513.688000999537,1226.8031746031745
1781579376,10,,Aggregated,2.600000,0.000000,1300,1800,2100,2400,3300,4100,5300,8400,9500,9500,9500,948,0,1300,1615.2724272700295,125.60556000062206,9513.688000999537,1226.7784810126582
1781579377,10,,Aggregated,2.500000,0.000000,1300,1800,2100,2400,3300,4100,5300,8400,9500,9500,9500,953,0,1300,1608.900391946474,125.60556000062206,9513.688000999537,1225.8058761804828
1781579378,10,,Aggregated,2.700000,0.000000,1300,1800,2100,2400,3300,4100,5300,8400,9500,9500,9500,955,0,1300,1607.2831662104602,125.60556000062206,9513.688000999537,1225.8
1781579379,10,,Aggregated,2.800000,0.000000,1300,1800,2100,2400,3300,4100,5300,8400,9500,9500,9500,957,0,1300,1604.774760706363,125.60556000062206,9513.688000999537,1225.682340647858
1781579380,10,,Aggregated,3.200000,0.000000,1300,1800,2100,2400,3300,4100,5300,8400,9500,9500,9500,961,0,1300,1601.3582209427577,125.60556000062206,9513.688000999537,1225.5078043704475
1781579381,10,,Aggregated,3.000000,0.000000,1300,1800,2100,2400,3300,4100,5300,8400,9500,9500,9500,962,0,1300,1600.6688232390752,125.60556000062206,9513.688000999537,1225.56237006237
1781579382,10,,Aggregated,2.800000,0.000000,1300,1800,2100,2400,3300,4100,5300,8400,9500,9500,9500,965,0,1300,1600.7073312248624,125.60556000062206,9513.688000999537,1225.479792746114
1781579383,10,,Aggregated,2.800000,0.000000,1300,1800,2100,2400,3300,4100,5300,8400,9500,9500,9500,968,0,1300,1600.254019221063,125.60556000062206,9513.688000999537,1225.5971074380166
1781579384,10,,Aggregated,2.800000,0.000000,1300,1800,2100,2400,3300,4100,5300,8400,9500,9500,9500,969,0,1300,1600.6959408049422,125.60556000062206,9513.688000999537,1225.9277605779155
1781579385,10,,Aggregated,3.000000,0.000000,1300,1800,2100,2400,3300,4100,5300,8400,9500,9500,9500,973,0,1300,1599.5502493586707,125.60556000062206,9513.688000999537,1225.8828365878726
1781579386,10,,Aggregated,3.100000,0.000000,1300,1800,2100,2400,3300,4100,5300,8400,9500,9500,9500,977,0,1300,1598.0183789324344,125.60556000062206,9513.688000999537,1225.539406345957
1781579387,10,,Aggregated,2.900000,0.000000,1300,1800,2100,2400,3300,4100,5300,8400,9500,9500,9500,980,0,1300,1596.7300923571338,125.60556000062206,9513.688000999537,1225.6948979591837
1781579388,10,,Aggregated,2.900000,0.000000,1300,1800,2100,2400,3300,4100,5300,8400,9500,9500,9500,981,0,1300,1595.838823942905,125.60556000062206,9513.688000999537,1225.5963302752293
1781579389,10,,Aggregated,2.900000,0.000000,1300,1800,2100,2400,3300,4100,5300,8400,9500,9500,9500,984,0,1300,1596.9510697662495,125.60556000062206,9513.688000999537,1226.4024390243903
1781579390,10,,Aggregated,2.800000,0.000000,1300,1800,2100,2400,3300,4100,5300,8400,9500,9500,9500,988,0,1300,1596.6155342246843,125.60556000062206,9513.688000999537,1225.9544534412955
1781579391,10,,Aggregated,2.500000,0.000000,1300,1800,2100,2400,3300,4100,5300,8400,9500,9500,9500,990,0,1300,1597.2654621020065,125.60556000062206,9513.688000999537,1226.1070707070708
1781579392,10,,Aggregated,2.800000,0.000000,1300,1800,2100,2400,3200,4100,5300,8400,9500,9500,9500,992,0,1300,1596.2209110322433,125.60556000062206,9513.688000999537,1226.461693548387
1781579393,10,,Aggregated,2.800000,0.000000,1300,1800,2100,2400,3200,4100,5300,8400,9500,9500,9500,996,0,1300,1595.641876945768,125.60556000062206,9513.688000999537,1226.535140562249
1781579394,10,,Aggregated,2.800000,0.000000,1300,1800,2100,2400,3200,4100,5300,8400,9500,9500,9500,998,0,1300,1596.0849951162168,125.60556000062206,9513.688000999537,1226.6723446893789
1781579395,10,,Aggregated,2.700000,0.000000,1300,1800,2100,2400,3200,4000,5100,6400,9300,9500,9500,1001,0,1300,1594.2816501408456,125.60556000062206,9513.688000999537,1226.2327672327672
1781579396,10,,Aggregated,2.700000,0.000000,1300,1700,2100,2400,3200,4000,5100,6400,9300,9500,9500,1006,0,1300,1592.785661606349,125.60556000062206,9513.688000999537,1226.3717693836977
1781579397,10,,Aggregated,2.900000,0.000000,1300,1700,2100,2400,3200,4000,5100,6400,9300,9500,9500,1010,0,1300,1588.8539654306805,125.60556000062206,9513.688000999537,1225.348514851485
1781579398,10,,Aggregated,2.900000,0.000000,1300,1700,2100,2400,3200,4000,5100,6400,9300,9500,9500,1010,0,1300,1588.8539654306805,125.60556000062206,9513.688000999537,1225.348514851485
1781579399,10,,Aggregated,3.000000,0.000000,1300,1700,2100,2400,3200,4000,5100,6400,9300,9500,9500,1018,0,1300,1579.13693609724,125.60556000062206,9513.688000999537,1223.8811394891945
1781579400,10,,Aggregated,2.900000,0.000000,1300,1700,2100,2400,3200,4000,5100,6400,9300,9500,9500,1019,0,1300,1577.9599433689802,125.60556000062206,9513.688000999537,1223.7536800785083
1781579401,10,,Aggregated,3.100000,0.000000,1300,1700,2100,2400,3200,4000,5100,6400,9300,9500,9500,1021,0,1300,1576.80751363956,125.60556000062206,9513.688000999537,1223.920666013712
1781579402,10,,Aggregated,3.300000,0.000000,1300,1700,2100,2400,3200,4000,5100,6400,9300,9500,9500,1023,0,1300,1577.108768654929,125.60556000062206,9513.688000999537,1224.2130987292278
1781579403,10,,Aggregated,3.000000,0.000000,1300,1700,2100,2400,3200,4000,5100,6400,9300,9500,9500,1026,0,1300,1577.0800885867384,125.60556000062206,9513.688000999537,1223.6705653021443
1781579404,10,,Aggregated,3.100000,0.000000,1300,1700,2100,2400,3200,4000,5100,6400,9300,9500,9500,1029,0,1300,1576.5122062439195,125.60556000062206,9513.688000999537,1223.9679300291546
1781579405,10,,Aggregated,3.000000,0.000000,1300,1700,2100,2400,3200,4000,5100,6400,9300,9500,9500,1031,0,1300,1574.4123760417,125.60556000062206,9513.688000999537,1223.6915615906887
1781579406,10,,Aggregated,3.200000,0.000000,1300,1700,2100,2400,3200,4000,5100,6400,9300,9500,9500,1036,0,1300,1571.5866528783704,125.60556000062206,9513.688000999537,1223.5009652509652
1781579407,10,,Aggregated,3.100000,0.000000,1300,1700,2100,2400,3200,4000,5100,6400,9300,9500,9500,1037,0,1300,1570.9542723587192,125.60556000062206,9513.688000999537,1223.5313404050144
1781579408,10,,Aggregated,3.000000,0.000000,1300,1700,2100,2400,3200,4000,5100,6400,9300,9500,9500,1041,0,1300,1566.2935753755935,125.60556000062206,9513.688000999537,1222.9308357348702
1781579409,10,,Aggregated,2.900000,0.000000,1200,1700,2100,2400,3200,4000,5100,6400,9300,9500,9500,1045,0,1200,1562.7685919894657,125.60556000062206,9513.688000999537,1222.6755980861244
1781579410,10,,Aggregated,2.900000,0.000000,1200,1700,2100,2400,3200,4000,5100,6400,9300,9500,9500,1045,0,1200,1562.7685919894657,125.60556000062206,9513.688000999537,1222.6755980861244
1781579411,10,,Aggregated,2.900000,0.000000,1200,1700,2100,2400,3200,4000,5100,6400,9300,9500,9500,1048,0,1200,1561.0652817452215,125.60556000062206,9513.688000999537,1223.1975190839694
1781579412,10,,Aggregated,2.700000,0.000000,1200,1700,2100,2400,3200,4000,5100,6400,9300,9500,9500,1052,0,1200,1559.1261831739453,125.60556000062206,9513.688000999537,1223.0247148288972
1781579413,10,,Aggregated,2.700000,0.000000,1200,1700,2100,2400,3200,4000,5100,6400,9300,9500,9500,1053,0,1200,1558.0765963855565,125.60556000062206,9513.688000999537,1222.9582146248813
1781579414,10,,Aggregated,2.700000,0.000000,1200,1700,2100,2400,3200,4000,5100,6400,9300,9500,9500,1054,0,1200,1557.1192711062538,125.60556000062206,9513.688000999537,1222.8851992409868
1781579415,10,,Aggregated,2.900000,0.000000,1200,1700,2000,2400,3200,4000,5100,6400,9300,9500,9500,1059,0,1200,1556.1184921076417,125.60556000062206,9513.688000999537,1223.1359773371105
1781579416,10,,Aggregated,2.600000,0.000000,1200,1700,2000,2400,3100,4000,5100,6400,9300,9500,9500,1063,0,1200,1552.4123643330126,125.60556000062206,9513.688000999537,1222.4656632173096
1781579417,10,,Aggregated,2.400000,0.000000,1200,1700,2000,2400,3100,4000,5100,6400,9300,9500,9500,1065,0,1200,1549.9683226244056,125.60556000062206,9513.688000999537,1222.0901408450704
1781579418,10,,Aggregated,2.800000,0.000000,1200,1700,2000,2400,3100,4000,5100,6400,9300,9500,9500,1069,0,1200,1546.5549554424645,125.60556000062206,9513.688000999537,1221.8830682881198
1781579419,10,,Aggregated,2.700000,0.000000,1200,1700,2000,2400,3100,4000,5100,6400,9300,9500,9500,1072,0,1200,1543.8084806828303,125.60556000062206,9513.688000999537,1221.5960820895523
1781579420,10,,Aggregated,2.800000,0.000000,1200,1700,2000,2400,3100,4000,5100,6400,9300,9500,9500,1073,0,1200,1542.795461770731,125.60556000062206,9513.688000999537,1221.408201304753
1781579421,10,,Aggregated,2.800000,0.000000,1200,1700,2000,2400,3100,4000,5100,6400,9300,9500,9500,1075,0,1200,1541.554756202787,125.60556000062206,9513.688000999537,1221.5367441860465
1781579422,10,,Aggregated,2.700000,0.000000,1200,1700,2000,2300,3100,4000,5100,6400,9300,9500,9500,1079,0,1200,1541.003339301202,125.60556000062206,9513.688000999537,1221.6895273401296
1781579423,10,,Aggregated,2.700000,0.000000,1200,1700,2000,2400,3100,4000,5100,6400,9300,9500,9500,1080,0,1200,1541.8049367990704,125.60556000062206,9513.688000999537,1221.8768518518518
1781579424,10,,Aggregated,2.600000,0.000000,1200,1700,2000,2300,3100,3900,5100,6400,9300,9500,9500,1085,0,1200,1538.5341141142824,125.60556000062206,9513.688000999537,1221.6543778801843
1781579425,10,,Aggregated,2.700000,0.000000,1200,1700,2000,2300,3100,3900,5100,6400,9300,9500,9500,1088,0,1200,1537.9831818520217,125.60556000062206,9513.688000999537,1221.7711397058824
1781579427,10,,Aggregated,2.600000,0.000000,1200,1700,2000,2300,3100,3900,5100,6400,9300,9500,9500,1090,0,1200,1535.5328117385309,125.60556000062206,9513.688000999537,1221.2605504587157
1781579428,10,,Aggregated,3.100000,0.000000,1200,1700,2000,2300,3100,3900,5100,6400,9300,9500,9500,1093,0,1200,1533.0400889515072,125.60556000062206,9513.688000999537,1221.2863677950595
1781579429,10,,Aggregated,2.900000,0.000000,1200,1700,2000,2300,3100,3900,5100,6400,9300,9500,9500,1095,0,1200,1532.0222970748846,125.60556000062206,9513.688000999537,1221.5534246575342
1781579430,10,,Aggregated,2.700000,0.000000,1200,1700,2000,2300,3100,3900,5100,6400,9300,9500,9500,1098,0,1200,1530.656866543713,125.60556000062206,9513.688000999537,1221.6165755919853
1781579431,10,,Aggregated,2.800000,0.000000,1200,1700,2000,2300,3100,3900,5000,5900,9300,9500,9500,1101,0,1200,1528.362310552223,125.60556000062206,9513.688000999537,1221.314259763851
1781579432,10,,Aggregated,2.600000,0.000000,1200,1700,2000,2300,3100,3900,5000,5900,9300,9500,9500,1104,0,1200,1525.2906397880433,125.60556000062206,9513.688000999537,1221.0335144927535
1781579433,10,,Aggregated,2.600000,0.000000,1200,1700,2000,2300,3100,3900,5000,5900,9300,9500,9500,1106,0,1200,1524.4536352694388,125.60556000062206,9513.688000999537,1221.377938517179
1781579434,10,,Aggregated,2.800000,0.000000,1200,1700,2000,2300,3100,3900,5000,5900,9300,9500,9500,1110,0,1200,1522.6413294666643,125.60556000062206,9513.688000999537,1220.9414414414414
1781579435,10,,Aggregated,2.800000,0.000000,1200,1700,2000,2300,3100,3900,5000,5900,9300,9500,9500,1112,0,1200,1521.3383409838127,125.60556000062206,9513.688000999537,1221.0944244604316
1781579436,10,,Aggregated,2.700000,0.000000,1200,1700,2000,2300,3100,3900,5000,5900,9300,9500,9500,1113,0,1200,1520.3854331563325,125.60556000062206,9513.688000999537,1221.119496855346
1781579437,10,,Aggregated,2.900000,0.000000,1200,1700,2000,2300,3100,3900,5000,5900,9300,9500,9500,1116,0,1200,1517.3859605887073,125.60556000062206,9513.688000999537,1220.578853046595
1781579438,10,,Aggregated,2.700000,0.000000,1200,1700,2000,2300,3100,3900,5000,5900,9300,9500,9500,1118,0,1200,1517.499482292484,125.60556000062206,9513.688000999537,1221.191413237925
1781579439,10,,Aggregated,2.500000,0.000000,1200,1700,2000,2300,3100,3900,5000,5900,9300,9500,9500,1120,0,1200,1516.984122856246,125.60556000062206,9513.688000999537,1221.0839285714285
1781579440,10,,Aggregated,2.600000,0.000000,1200,1700,2000,2300,3100,3900,5000,5900,9300,9500,9500,1122,0,1200,1516.147858195182,125.60556000062206,9513.688000999537,1221.3449197860962
1781579441,10,,Aggregated,2.500000,0.000000,1200,1700,2000,2300,3100,3900,5000,5900,9300,9500,9500,1125,0,1200,1515.5911502711056,125.60556000062206,9513.688000999537,1221.6764444444445
1781579442,10,,Aggregated,2.400000,0.000000,1200,1700,2000,2200,3100,3900,5000,5900,9300,9500,9500,1129,0,1200,1513.0396588813035,125.60556000062206,9513.688000999537,1221.444641275465
1781579443,10,,Aggregated,2.400000,0.000000,1200,1600,2000,2200,3100,3900,5000,5900,9300,9500,9500,1130,0,1200,1512.1907466592845,125.60556000062206,9513.688000999537,1221.404424778761
1781579444,10,,Aggregated,2.300000,0.000000,1200,1600,2000,2200,3000,3900,5000,5900,9300,9500,9500,1132,0,1200,1510.0214032508763,125.60556000062206,9513.688000999537,1221.0742049469964
1781579445,10,,Aggregated,2.400000,0.000000,1200,1600,2000,2200,3000,3900,5000,5900,9300,9500,9500,1135,0,1200,1508.2403738264247,125.60556000062206,9513.688000999537,1221.0493392070484
1781579446,10,,Aggregated,2.400000,0.000000,1200,1600,2000,2200,3000,3900,5000,5900,9300,9500,9500,1138,0,1200,1505.8845084226652,125.60556000062206,9513.688000999537,1220.7715289982425
1781579447,10,,Aggregated,2.200000,0.000000,1200,1600,2000,2200,3000,3800,5000,5900,9300,9500,9500,1142,0,1200,1501.593514622586,125.60556000062206,9513.688000999537,1219.9001751313485
1781579448,10,,Aggregated,2.500000,0.000000,1200,1600,2000,2200,3000,3800,5000,5900,9300,9500,9500,1143,0,1200,1501.4122764173178,125.60556000062206,9513.688000999537,1219.9212598425197
1781579449,10,,Aggregated,2.500000,0.000000,1200,1600,2000,2200,3000,3800,5000,5900,9300,9500,9500,1145,0,1200,1501.4802506192095,125.60556000062206,9513.688000999537,1220.1048034934497
1781579450,10,,Aggregated,2.400000,0.000000,1200,1600,2000,2200,3000,3800,5000,5900,9300,9500,9500,1148,0,1200,1499.6704029198565,125.60556000062206,9513.688000999537,1219.801393728223
1781579451,10,,Aggregated,2.400000,0.000000,1200,1600,2000,2200,3000,3800,5000,5900,9300,9500,9500,1150,0,1200,1499.595473928692,125.60556000062206,9513.688000999537,1220.0260869565218
1781579452,10,,Aggregated,2.500000,0.000000,1200,1600,2000,2200,3000,3800,5000,5900,9300,9500,9500,1153,0,1200,1497.3092362636564,125.60556000062206,9513.688000999537,1219.7849089332176
1781579453,10,,Aggregated,2.600000,0.000000,1200,1600,2000,2200,3000,3800,5000,5900,9300,9500,9500,1155,0,1200,1496.965033161901,125.60556000062206,9513.688000999537,1220.1264069264068
1781579454,10,,Aggregated,2.600000,0.000000,1200,1600,2000,2200,3000,3800,5000,5900,9300,9500,9500,1156,0,1200,1496.7748582197196,125.60556000062206,9513.688000999537,1220.4178200692043
1781579455,10,,Aggregated,2.500000,0.000000,1200,1600,2000,2200,3000,3800,5000,5900,9300,9500,9500,1158,0,1200,1496.76067833333,125.60556000062206,9513.688000999537,1220.740932642487
1781579456,10,,Aggregated,2.400000,0.000000,1200,1600,2000,2200,3000,3800,5000,5900,9300,9500,9500,1161,0,1200,1496.6961520378939,125.60556000062206,9513.688000999537,1220.6709732988802
1781579457,10,,Aggregated,2.400000,0.000000,1200,1600,2000,2200,3000,3800,5000,5900,9300,9500,9500,1163,0,1200,1495.055177570931,125.60556000062206,9513.688000999537,1220.6655202063628
1781579458,10,,Aggregated,2.300000,0.000000,1200,1600,2000,2200,3000,3800,5000,5900,9300,9500,9500,1167,0,1200,1491.574471856037,125.60556000062206,9513.688000999537,1220.1371036846615
1781579459,10,,Aggregated,2.300000,0.000000,1200,1600,2000,2200,3000,3800,5000,5900,9300,9500,9500,1169,0,1200,1491.1801424011942,125.60556000062206,9513.688000999537,1220.551753635586
1781579460,10,,Aggregated,2.300000,0.000000,1200,1600,2000,2200,3000,3800,5000,5900,9300,9500,9500,1171,0,1200,1489.6378219308258,125.60556000062206,9513.688000999537,1220.5448334756618
1781579461,10,,Aggregated,2.300000,0.000000,1200,1600,2000,2200,3000,3800,5000,5900,9300,9500,9500,1173,0,1200,1488.169208105709,125.60556000062206,9513.688000999537,1220.6274509803923
1781579462,10,,Aggregated,2.400000,0.000000,1200,1600,2000,2200,3000,3800,5000,5900,9300,9500,9500,1176,0,1200,1485.6436688809504,125.60556000062206,9513.688000999537,1220.4889455782313
1781579463,10,,Aggregated,2.300000,0.000000,1200,1600,2000,2200,3000,3800,5000,5900,9300,9500,9500,1178,0,1200,1484.514976618845,125.60556000062206,9513.688000999537,1220.3480475382003
1781579464,10,,Aggregated,2.300000,0.000000,1200,1600,2000,2200,3000,3800,5000,5900,9300,9500,9500,1179,0,1200,1483.9768315055119,125.60556000062206,9513.688000999537,1220.331636980492
1781579465,10,,Aggregated,2.300000,0.000000,1200,1600,2000,2200,3000,3800,5000,5900,9300,9500,9500,1184,0,1200,1480.6049609163842,125.60556000062206,9513.688000999537,1220.0101351351352
1781579466,10,,Aggregated,2.300000,0.000000,1200,1600,1900,2200,3000,3800,5000,5900,9300,9500,9500,1186,0,1200,1478.6600222470474,125.60556000062206,9513.688000999537,1219.6222596964587
1781579467,10,,Aggregated,2.600000,0.000000,1200,1600,1900,2200,3000,3800,5000,5900,9300,9500,9500,1189,0,1200,1476.4668087939435,125.60556000062206,9513.688000999537,1219.42220353238
1781579468,10,,Aggregated,2.300000,0.000000,1200,1600,1900,2200,3000,3800,5000,5900,9300,9500,9500,1191,0,1200,1475.0183804643148,125.60556000062206,9513.688000999537,1219.4668345927792
1781579469,10,,Aggregated,2.400000,0.000000,1200,1600,1900,2200,3000,3800,5000,5900,9300,9500,9500,1192,0,1200,1474.0604254194616,125.60556000062206,9513.688000999537,1219.248322147651
1781579470,10,,Aggregated,2.500000,0.000000,1200,1600,1900,2200,3000,3800,5000,5900,9300,9500,9500,1195,0,1200,1472.5731440886998,125.60556000062206,9513.688000999537,1218.692050209205
1781579471,10,,Aggregated,2.500000,0.000000,1200,1600,1900,2200,3000,3800,5000,5900,9300,9500,9500,1198,0,1200,1471.3882918163565,125.60556000062206,9513.688000999537,1218.9766277128547
1781579472,10,,Aggregated,2.200000,0.000000,1200,1600,1900,2200,3000,3800,4900,5800,9300,9500,9500,1201,0,1200,1468.445873652788,125.60556000062206,9513.688000999537,1218.368026644463
1781579473,10,,Aggregated,2.200000,0.000000,1200,1600,1900,2200,3000,3800,4900,5800,9300,9500,9500,1201,0,1200,1468.445873652788,125.60556000062206,9513.688000999537,1218.368026644463
1781579474,10,,Aggregated,2.500000,0.000000,1200,1600,1900,2200,3000,3800,4900,5800,9300,9500,9500,1204,0,1200,1467.8155711611287,125.60556000062206,9513.688000999537,1218.7832225913621
1781579475,10,,Aggregated,2.300000,0.000000,1200,1600,1900,2200,3000,3800,4900,5800,9300,9500,9500,1208,0,1200,1466.816214089404,125.60556000062206,9513.688000999537,1218.807119205298
1781579476,10,,Aggregated,2.500000,0.000000,1200,1600,1900,2200,3000,3800,4900,5800,9300,9500,9500,1210,0,1200,1465.4015177528925,125.60556000062206,9513.688000999537,1218.6909090909091
1781579477,10,,Aggregated,2.200000,0.000000,1200,1600,1900,2200,3000,3800,4900,5800,9300,9500,9500,1213,0,1200,1463.3720711426229,125.60556000062206,9513.688000999537,1218.8672712283594
1781579478,10,,Aggregated,2.200000,0.000000,1200,1600,1900,2200,3000,3800,4900,5800,9300,9500,9500,1214,0,1200,1462.7230901894586,125.60556000062206,9513.688000999537,1218.822075782537
1781579479,10,,Aggregated,2.500000,0.000000,1200,1600,1900,2200,3000,3800,4900,5800,9300,9500,9500,1216,0,1200,1462.82955640872,125.60556000062206,9513.688000999537,1219.3388157894738
1781579480,10,,Aggregated,2.400000,0.000000,1200,1600,1900,2200,3000,3800,4900,5800,9300,9500,9500,1218,0,1200,1463.7938744926134,125.60556000062206,9513.688000999537,1219.743842364532
1781579481,10,,Aggregated,2.400000,0.000000,1200,1600,1900,2100,3000,3800,4900,5800,9300,9500,9500,1222,0,1200,1462.4011073379738,125.60556000062206,9513.688000999537,1219.2700490998363
1781579482,10,,Aggregated,2.400000,0.000000,1200,1600,1900,2100,3000,3800,4900,5800,9300,9500,9500,1222,0,1200,1462.4011073379738,125.60556000062206,9513.688000999537,1219.2700490998363
1781579483,10,,Aggregated,2.400000,0.000000,1200,1600,1900,2100,3000,3800,4900,5800,9300,9500,9500,1226,0,1200,1460.5946799690096,125.60556000062206,9513.688000999537,1219.2707993474714
1781579484,10,,Aggregated,2.200000,0.000000,1200,1600,1900,2100,3000,3800,4900,5800,9300,9500,9500,1228,0,1200,1460.698760970689,125.60556000062206,9513.688000999537,1219.3794788273615
1781579485,10,,Aggregated,2.300000,0.000000,1200,1600,1900,2100,3000,3800,4900,5800,9300,9500,9500,1229,0,1200,1459.9350972969949,125.60556000062206,9513.688000999537,1219.2514239218876
1781579486,10,,Aggregated,2.300000,0.000000,1200,1600,1900,2100,3000,3800,4900,5800,9300,9500,9500,1229,0,1200,1459.9350972969949,125.60556000062206,9513.688000999537,1219.2514239218876
1781579487,10,,Aggregated,2.300000,0.000000,1200,1600,1900,2100,3000,3800,4900,5800,9300,9500,9500,1231,0,1200,1461.6482158221013,125.60556000062206,9513.688000999537,1220.5800162469536
1781579488,10,,Aggregated,2.200000,0.000000,1200,1600,1900,2100,3000,3800,4900,5800,9300,9500,9500,1234,0,1200,1462.6324403598114,125.60556000062206,9513.688000999537,1220.7139384116695
1781579489,10,,Aggregated,2.000000,0.000000,1200,1600,1900,2100,3000,3800,4900,5800,9300,9500,9500,1236,0,1200,1462.620925621364,125.60556000062206,9513.688000999537,1220.638349514563
1781579490,10,,Aggregated,1.900000,0.000000,1200,1600,1900,2100,3000,3800,4900,5800,9300,9500,9500,1237,0,1200,1461.586670199681,125.60556000062206,9513.688000999537,1220.42683912692
1781579491,10,,Aggregated,2.000000,0.000000,1200,1600,1900,2100,3000,3800,4900,5800,9300,9500,9500,1238,0,1200,1461.4218425953193,125.60556000062206,9513.688000999537,1220.663974151858
1781579492,10,,Aggregated,2.000000,0.000000,1200,1600,1900,2100,3000,3800,4900,5800,9300,9500,9500,1242,0,1200,1461.9178288494406,125.60556000062206,9513.688000999537,1220.7987117552334
1781579493,10,,Aggregated,1.600000,0.000000,1200,1600,1900,2100,3000,3800,4900,5800,9300,9500,9500,1246,0,1200,1460.1838923170192,125.60556000062206,9513.688000999537,1220.2383627608347
1781579494,10,,Aggregated,1.800000,0.000000,1200,1600,1900,2100,3000,3800,4900,5800,9300,9500,9500,1247,0,1200,1459.3884265292736,125.60556000062206,9513.688000999537,1220.1852445870088
1781579495,10,,Aggregated,2.100000,0.000000,1200,1600,1900,2100,3000,3800,4900,5800,9300,9500,9500,1250,0,1200,1458.950866558404,125.60556000062206,9513.688000999537,1220.4024
1781579496,10,,Aggregated,2.100000,0.000000,1200,1600,1900,2100,2900,3800,4700,5800,9300,9500,9500,1253,0,1200,1458.2081578172438,125.60556000062206,9513.688000999537,1219.83160415004
1781579497,10,,Aggregated,1.900000,0.000000,1200,1600,1900,2100,2900,3800,4700,5800,9300,9500,9500,1254,0,1200,1457.1650258915515,125.60556000062206,9513.688000999537,1219.5988835725677
1781579498,10,,Aggregated,2.400000,0.000000,1200,1600,1900,2100,2900,3800,4700,5800,9300,9500,9500,1256,0,1200,1456.8693007882207,125.60556000062206,9513.688000999537,1219.8471337579617
1781579499,10,,Aggregated,2.400000,0.000000,1200,1600,1900,2100,2900,3800,4700,5800,9300,9500,9500,1257,0,1200,1457.2703971949136,125.60556000062206,9513.688000999537,1219.9387430389818
1781579500,10,,Aggregated,2.100000,0.000000,1200,1600,1900,2100,2900,3800,4700,5800,9300,9500,9500,1262,0,1200,1459.2687857836813,125.60556000062206,9513.688000999537,1219.9786053882726
1781579501,10,,Aggregated,2.100000,0.000000,1200,1600,1900,2100,2900,3800,4700,5800,9300,9500,9500,1264,0,1200,1457.4361068038029,125.60556000062206,9513.688000999537,1219.7223101265822
1781579502,10,,Aggregated,2.100000,0.000000,1200,1600,1900,2100,2900,3800,4700,5800,9300,9500,9500,1265,0,1200,1456.964987077476,125.60556000062206,9513.688000999537,1219.81185770751
1781579503,10,,Aggregated,2.100000,0.000000,1200,1600,1900,2100,2900,3800,4700,5800,9300,9500,9500,1267,0,1200,1456.8625148492563,125.60556000062206,9513.688000999537,1220.0970797158643
1781579504,10,,Aggregated,2.500000,0.000000,1200,1600,1900,2100,2900,3800,4700,5800,9300,9500,9500,1271,0,1200,1456.2711153406829,125.60556000062206,9513.688000999537,1220.198269079465
1781579505,10,,Aggregated,2.200000,0.000000,1200,1600,1900,2100,2900,3800,4700,5800,9300,9500,9500,1274,0,1200,1455.2500679034608,125.60556000062206,9513.688000999537,1220.2276295133438
1781579506,10,,Aggregated,2.400000,0.000000,1200,1600,1900,2100,2900,3800,4700,5800,9300,9500,9500,1277,0,1200,1453.799536831644,125.60556000062206,9513.688000999537,1220.082223962412
1781579507,10,,Aggregated,2.400000,0.000000,1200,1600,1900,2100,2900,3800,4700,5800,9300,9500,9500,1277,0,1200,1453.799536831644,125.60556000062206,9513.688000999537,1220.082223962412
1781579508,10,,Aggregated,2.300000,0.000000,1200,1600,1900,2100,2900,3800,4700,5800,9300,9500,9500,1280,0,1200,1452.8929091984478,125.60556000062206,9513.688000999537,1220.48828125
1781579509,10,,Aggregated,2.300000,0.000000,1200,1600,1900,2100,2900,3600,4700,5800,9300,9500,9500,1282,0,1200,1452.4064401177948,125.60556000062206,9513.688000999537,1220.4079563182527
1781579510,10,,Aggregated,2.300000,0.000000,1200,1600,1900,2100,2900,3600,4700,5800,9300,9500,9500,1286,0,1200,1452.3842949455773,125.60556000062206,9513.688000999537,1220.4751166407466
1781579511,10,,Aggregated,2.300000,0.000000,1200,1600,1900,2100,2900,3600,4700,5800,9300,9500,9500,1286,0,1200,1452.3842949455773,125.60556000062206,9513.688000999537,1220.4751166407466
1781579512,10,,Aggregated,2.500000,0.000000,1200,1600,1900,2100,2900,3600,4700,5800,9300,9500,9500,1289,0,1200,1452.5006481024143,125.60556000062206,9513.688000999537,1221.2211016291699
1781579513,10,,Aggregated,2.300000,0.000000,1200,1600,1900,2100,2900,3600,4700,5800,9300,9500,9500,1292,0,1200,1452.5095179736918,125.60556000062206,9513.688000999537,1221.3769349845202
1781579514,10,,Aggregated,2.300000,0.000000,1200,1600,1900,2100,2900,3600,4700,5800,9300,9500,9500,1293,0,1200,1452.2665544702331,125.60556000062206,9513.688000999537,1221.212683681361
1781579515,10,,Aggregated,2.300000,0.000000,1200,1600,1900,2100,2900,3600,4700,5800,9300,9500,9500,1295,0,1200,1452.6959546285802,125.60556000062206,9513.688000999537,1221.7552123552123
1781579516,10,,Aggregated,2.300000,0.000000,1200,1600,1900,2100,2900,3600,4700,5800,9300,9500,9500,1298,0,1200,1452.0159827450025,125.60556000062206,9513.688000999537,1221.822033898305
1781579517,10,,Aggregated,2.300000,0.000000,1200,1600,1900,2100,2900,3600,4700,5800,9300,9500,9500,1301,0,1200,1450.909060420457,125.60556000062206,9513.688000999537,1221.8239815526517
1781579518,10,,Aggregated,2.000000,0.000000,1200,1600,1900,2100,2900,3600,4700,5800,9300,9500,9500,1303,0,1200,1449.5872705333957,125.60556000062206,9513.688000999537,1221.5970836531083
1781579519,10,,Aggregated,2.200000,0.000000,1200,1600,1900,2100,2900,3600,4700,5800,9300,9500,9500,1307,0,1200,1447.084824740638,125.60556000062206,9513.688000999537,1221.575363427697
1781579520,10,,Aggregated,2.400000,0.000000,1200,1600,1900,2100,2900,3600,4700,5800,9300,9500,9500,1311,0,1200,1443.6206566216729,125.60556000062206,9513.688000999537,1220.9229595728452
1781579521,10,,Aggregated,2.400000,0.000000,1200,1600,1900,2100,2900,3600,4700,5800,9300,9500,9500,1313,0,1200,1441.9892529223246,125.60556000062206,9513.688000999537,1220.7798933739527
1781579522,10,,Aggregated,2.700000,0.000000,1200,1600,1900,2100,2900,3600,4700,5800,9300,9500,9500,1314,0,1200,1441.6833078805275,125.60556000062206,9513.688000999537,1220.9048706240487
1781579523,10,,Aggregated,2.500000,0.000000,1200,1600,1900,2100,2900,3600,4700,5800,9300,9500,9500,1318,0,1200,1440.659417289087,125.60556000062206,9513.688000999537,1221.019726858877
1781579524,10,,Aggregated,2.500000,0.000000,1200,1600,1900,2100,2900,3600,4700,5800,9300,9500,9500,1320,0,1200,1439.184823242438,125.60556000062206,9513.688000999537,1220.7825757575758
1781579525,10,,Aggregated,2.500000,0.000000,1200,1600,1900,2100,2900,3600,4700,5800,9300,9500,9500,1320,0,1200,1439.184823242438,125.60556000062206,9513.688000999537,1220.7825757575758
1781579526,10,,Aggregated,2.500000,0.000000,1200,1600,1900,2100,2900,3600,4700,5800,9300,9500,9500,1320,0,1200,1439.184823242438,125.60556000062206,9513.688000999537,1220.7825757575758
1781579527,10,,Aggregated,2.600000,0.000000,1200,1600,1900,2100,2900,3600,4700,5800,9300,9500,9500,1322,0,1200,1439.832934326035,125.60556000062206,9513.688000999537,1221.731467473525
1781579528,10,,Aggregated,2.400000,0.000000,1200,1600,1900,2100,2900,3600,4700,5800,9300,9500,9500,1325,0,1200,1441.4114362369967,125.60556000062206,9513.688000999537,1221.3758490566038
1781579529,10,,Aggregated,2.200000,0.000000,1200,1600,1900,2100,2900,3600,4700,5800,9300,9500,9500,1329,0,1200,1443.055521287451,125.60556000062206,9513.688000999537,1221.8668171557563
1781579530,10,,Aggregated,2.200000,0.000000,1200,1600,1900,2100,2900,3600,4700,5800,9300,9500,9500,1331,0,1200,1442.011338671693,125.60556000062206,9513.688000999537,1221.9451540195341
1781579531,10,,Aggregated,2.100000,0.000000,1200,1600,1900,2100,2900,3600,4700,5800,9300,9500,9500,1333,0,1200,1441.4144455491562,125.60556000062206,9513.688000999537,1221.7854463615904
1781579532,10,,Aggregated,1.900000,0.000000,1200,1600,1900,2100,2900,3600,4700,5800,9300,9500,9500,1335,0,1200,1441.9091739056373,125.60556000062206,9513.688000999537,1222.3498127340824
1781579533,10,,Aggregated,2.000000,0.000000,1200,1600,1900,2100,2900,3600,4700,5800,9300,9500,9500,1338,0,1200,1440.5526073311105,125.60556000062206,9513.688000999537,1221.9798206278026
1781579534,10,,Aggregated,2.000000,0.000000,1200,1600,1900,2100,2900,3600,4700,5800,9300,9500,9500,1339,0,1200,1440.5443604197358,125.60556000062206,9513.688000999537,1222.1404032860344
1781579535,10,,Aggregated,2.200000,0.000000,1200,1600,1900,2100,2900,3600,4700,5800,9300,9500,9500,1342,0,1200,1440.278852148306,125.60556000062206,9513.688000999537,1222.2511177347244
1781579536,10,,Aggregated,1.800000,0.000000,1200,1600,1900,2100,2900,3600,4700,5800,9300,9500,9500,1345,0,1200,1439.1437157011337,125.60556000062206,9513.688000999537,1222.0773234200744
1781579537,10,,Aggregated,1.800000,0.000000,1200,1600,1900,2100,2900,3600,4700,5800,9300,9500,9500,1345,0,1200,1439.1437157011337,125.60556000062206,9513.688000999537,1222.0773234200744
1781579538,10,,Aggregated,2.300000,0.000000,1200,1600,1900,2100,2900,3600,4700,5800,9300,9500,9500,1347,0,1200,1439.7589449651266,125.60556000062206,9513.688000999537,1222.935412026726
1781579539,10,,Aggregated,2.400000,0.000000,1200,1600,1900,2100,2900,3600,4700,5800,9300,9500,9500,1349,0,1200,1440.0171102490917,125.60556000062206,9513.688000999537,1223.0882134914752
1781579540,10,,Aggregated,2.100000,0.000000,1200,1600,1900,2100,2900,3600,4600,5800,9300,9500,9500,1351,0,1200,1440.5710930836603,125.60556000062206,9513.688000999537,1223.2849740932643
1781579541,10,,Aggregated,2.200000,0.000000,1200,1600,1900,2100,2900,3600,4600,5800,9300,9500,9500,1354,0,1200,1440.788102594554,125.60556000062206,9513.688000999537,1223.4527326440177
1781579542,10,,Aggregated,2.000000,0.000000,1200,1600,1900,2100,2900,3600,4600,5800,9300,9500,9500,1357,0,1200,1438.8783606499837,125.60556000062206,9513.688000999537,1223.081061164333
1781579543,10,,Aggregated,2.000000,0.000000,1200,1600,1900,2100,2900,3600,4600,5800,9300,9500,9500,1359,0,1200,1437.4911963399768,125.60556000062206,9513.688000999537,1222.9970566593083
1781579544,10,,Aggregated,2.300000,0.000000,1200,1600,1900,2100,2900,3600,4600,5800,9300,9500,9500,1363,0,1200,1434.1236720998002,125.60556000062206,9513.688000999537,1222.3338224504769
1781579545,10,,Aggregated,2.100000,0.000000,1200,1600,1900,2100,2900,3600,4600,5800,9300,9500,9500,1366,0,1200,1432.3381779304752,125.60556000062206,9513.688000999537,1222.2159590043923
1781579546,10,,Aggregated,2.300000,0.000000,1200,1600,1900,2100,2900,3600,4600,5800,9300,9500,9500,1368,0,1200,1430.85271996932,125.60556000062206,9513.688000999537,1222.094298245614
1781579547,10,,Aggregated,2.300000,0.000000,1200,1600,1900,2100,2900,3600,4600,5800,9300,9500,9500,1369,0,1200,1430.4503539130967,125.60556000062206,9513.688000999537,1222.3119065010958
1781579548,10,,Aggregated,2.300000,0.000000,1200,1600,1900,2100,2900,3600,4600,5800,9300,9500,9500,1371,0,1200,1429.6653349132243,125.60556000062206,9513.688000999537,1222.2304886943837
1781579549,10,,Aggregated,2.300000,0.000000,1200,1600,1900,2100,2900,3600,4600,5800,9300,9500,9500,1375,0,1200,1429.2580146640223,125.60556000062206,9513.688000999537,1222.2043636363637
1781579550,10,,Aggregated,2.400000,0.000000,1200,1600,1900,2100,2900,3600,4600,5800,9300,9500,9500,1376,0,1200,1428.369164154818,125.60556000062206,9513.688000999537,1221.9912790697674
1781579551,10,,Aggregated,2.400000,0.000000,1200,1600,1900,2100,2900,3600,4600,5800,9300,9500,9500,1376,0,1200,1428.369164154818,125.60556000062206,9513.688000999537,1221.9912790697674
1781579552,10,,Aggregated,2.600000,0.000000,1200,1600,1900,2100,2900,3600,4600,5800,9300,9500,9500,1378,0,1200,1428.8376074579317,125.60556000062206,9513.688000999537,1222.109579100145
1781579553,10,,Aggregated,2.500000,0.000000,1200,1600,1900,2100,2900,3600,4600,5800,9300,9500,9500,1379,0,1200,1428.8602636961787,125.60556000062206,9513.688000999537,1222.130529369108
1781579554,10,,Aggregated,2.000000,0.000000,1200,1600,1900,2100,2900,3500,4600,5800,9300,9500,9500,1381,0,1200,1430.258287985539,125.60556000062206,9513.688000999537,1222.1404779145546
1781579555,10,,Aggregated,2.100000,0.000000,1200,1600,1900,2100,2900,3600,4700,5800,9300,9500,9500,1385,0,1200,1434.6636541747514,125.60556000062206,9513.688000999537,1223.4570397111913
1781579556,10,,Aggregated,1.800000,0.000000,1200,1600,1900,2100,2900,3600,4700,5800,9300,9500,9500,1388,0,1200,1433.7030809366213,125.60556000062206,9513.688000999537,1223.2845821325648
1781579557,10,,Aggregated,1.800000,0.000000,1200,1600,1900,2100,2900,3600,4700,5800,9300,9500,9500,1388,0,1200,1433.7030809366213,125.60556000062206,9513.688000999537,1223.2845821325648
1781579558,10,,Aggregated,1.900000,0.000000,1200,1600,1900,2100,2900,3600,4700,5800,9300,9500,9500,1391,0,1200,1433.3672533522868,125.60556000062206,9513.688000999537,1223.5966930265995
1781579559,10,,Aggregated,2.000000,0.000000,1200,1600,1900,2100,2900,3600,4700,5800,9300,9500,9500,1393,0,1200,1433.8842960287373,125.60556000062206,9513.688000999537,1223.6482412060302
1781579560,10,,Aggregated,1.900000,0.000000,1200,1600,1900,2100,2900,3600,4700,5800,9300,9500,9500,1396,0,1200,1432.708648259335,125.60556000062206,9513.688000999537,1223.6267908309455
1781579561,10,,Aggregated,1.900000,0.000000,1200,1600,1900,2100,2900,3600,4700,5800,9300,9500,9500,1397,0,1200,1432.1924551317336,125.60556000062206,9513.688000999537,1223.6828919112384
1781579562,10,,Aggregated,1.900000,0.000000,1200,1600,1900,2100,2900,3600,4700,5800,9300,9500,9500,1397,0,1200,1432.1924551317336,125.60556000062206,9513.688000999537,1223.6828919112384
1781579563,10,,Aggregated,2.000000,0.000000,1200,1600,1900,2100,2900,3600,4700,5800,9300,9500,9500,1400,0,1200,1433.3349395307375,125.60556000062206,9513.688000999537,1224.71
1781579564,10,,Aggregated,2.100000,0.000000,1200,1600,1900,2100,2900,3500,4600,5800,9300,9500,9500,1402,0,1200,1434.7834806063001,125.60556000062206,9513.688000999537,1225.154065620542
1781579565,10,,Aggregated,2.000000,0.000000,1200,1600,1900,2100,2900,3500,4600,5800,9300,9500,9500,1405,0,1200,1433.7580841124798,125.60556000062206,9513.688000999537,1224.8398576512454
1781579566,10,,Aggregated,2.100000,0.000000,1200,1600,1900,2100,2900,3500,4600,5800,9300,9500,9500,1406,0,1200,1433.138714807991,125.60556000062206,9513.688000999537,1224.921052631579
1781579567,10,,Aggregated,2.200000,0.000000,1200,1600,1900,2100,2900,3500,4600,5800,9300,9500,9500,1408,0,1200,1431.8487146889447,125.60556000062206,9513.688000999537,1224.9850852272727
1781579568,10,,Aggregated,2.000000,0.000000,1200,1600,1900,2100,2800,3500,4600,5800,9300,9500,9500,1411,0,1200,1430.5127324847874,125.60556000062206,9513.688000999537,1224.8277817150956
1781579569,10,,Aggregated,1.800000,0.000000,1200,1600,1900,2100,2800,3500,4600,5800,9300,9500,9500,1413,0,1200,1429.3536769674695,125.60556000062206,9513.688000999537,1224.6680820948336
1781579570,10,,Aggregated,2.000000,0.000000,1200,1600,1900,2100,2800,3500,4600,5800,9300,9500,9500,1415,0,1200,1429.6996326791775,125.60556000062206,9513.688000999537,1225.0106007067138
1781579571,10,,Aggregated,2.000000,0.000000,1200,1600,1900,2100,2800,3500,4600,5800,9300,9500,9500,1419,0,1200,1426.8734190634505,125.60556000062206,9513.688000999537,1224.723044397463
1781579572,10,,Aggregated,1.900000,0.000000,1200,1600,1900,2100,2800,3500,4600,5800,9300,9500,9500,1420,0,1200,1426.0679601683362,125.60556000062206,9513.688000999537,1224.5218309859156
1781579573,10,,Aggregated,1.900000,0.000000,1200,1600,1900,2100,2800,3500,4600,5800,9300,9500,9500,1424,0,1200,1424.395039611684,125.60556000062206,9513.688000999537,1224.4950842696628
1781579574,10,,Aggregated,2.200000,0.000000,1200,1600,1900,2100,2800,3500,4600,5800,9300,9500,9500,1425,0,1200,1423.5074317305534,125.60556000062206,9513.688000999537,1224.299649122807
1781579576,10,,Aggregated,2.200000,0.000000,1200,1600,1900,2100,2800,3500,4600,5800,9300,9500,9500,1427,0,1200,1422.038545663657,125.60556000062206,9513.688000999537,1224.021023125438
1781579577,10,,Aggregated,2.400000,0.000000,1200,1600,1900,2100,2800,3500,4600,5800,9300,9500,9500,1430,0,1200,1420.653097934992,125.60556000062206,9513.688000999537,1224.086013986014
1781579578,10,,Aggregated,2.200000,0.000000,1200,1600,1900,2100,2800,3500,4600,5800,9300,9500,9500,1434,0,1200,1418.646557305466,125.60556000062206,9513.688000999537,1224.0864714086472
1781579579,10,,Aggregated,2.200000,0.000000,1200,1600,1900,2100,2800,3500,4600,5800,9300,9500,9500,1435,0,1200,1418.2757960397482,125.60556000062206,9513.688000999537,1224.1700348432055
1781579580,10,,Aggregated,2.400000,0.000000,1200,1600,1900,2100,2800,3500,4600,5800,9300,9500,9500,1437,0,1200,1417.9697854147798,125.60556000062206,9513.688000999537,1224.347947112039
1781579581,10,,Aggregated,2.400000,0.000000,1200,1600,1900,2100,2800,3500,4600,5800,9300,9500,9500,1441,0,1200,1418.408206526746,125.60556000062206,9513.688000999537,1224.3636363636363
1781579582,10,,Aggregated,2.400000,0.000000,1200,1600,1900,2100,2800,3500,4600,5800,9300,9500,9500,1441,0,1200,1418.408206526746,125.60556000062206,9513.688000999537,1224.3636363636363
1781579583,10,,Aggregated,2.400000,0.000000,1200,1600,1900,2100,2800,3500,4600,5800,9300,9500,9500,1443,0,1200,1418.0409311337778,125.60556000062206,9513.688000999537,1224.6964656964658
1781579584,10,,Aggregated,2.200000,0.000000,1200,1600,1900,2100,2800,3500,4600,5800,9300,9500,9500,1445,0,1200,1418.4626674346314,125.60556000062206,9513.688000999537,1225.2131487889274
1781579585,10,,Aggregated,2.200000,0.000000,1200,1500,1900,2100,2800,3500,4600,5800,9300,9500,9500,1448,0,1200,1417.8336491623209,125.60556000062206,9513.688000999537,1225.0953038674033
1781579586,10,,Aggregated,2.300000,0.000000,1200,1600,1900,2100,2800,3500,4600,5800,9300,9500,9500,1450,0,1200,1417.6641875938215,125.60556000062206,9513.688000999537,1225.364827586207
1781579587,10,,Aggregated,2.000000,0.000000,1200,1500,1900,2100,2800,3500,4600,5800,9300,9500,9500,1452,0,1200,1417.3120355771644,125.60556000062206,9513.688000999537,1225.5268595041323
1781579588,10,,Aggregated,2.300000,0.000000,1200,1500,1800,2100,2800,3500,4600,5800,9300,9500,9500,1454,0,1200,1416.4079536238244,125.60556000062206,9513.688000999537,1225.5825309491058
1781579589,10,,Aggregated,2.300000,0.000000,1200,1500,1800,2100,2800,3500,4600,5800,9300,9500,9500,1456,0,1100,1415.5170311071709,125.60556000062206,9513.688000999537,1225.7767857142858
1781579590,10,,Aggregated,2.200000,0.000000,1100,1500,1800,2100,2800,3500,4600,5800,9300,9500,9500,1458,0,1100,1414.9932273690272,125.60556000062206,9513.688000999537,1225.8251028806585
1781579591,10,,Aggregated,2.100000,0.000000,1100,1500,1800,2100,2800,3500,4600,5800,9300,9500,9500,1461,0,1100,1414.929008438768,125.60556000062206,9513.688000999537,1226.006844626968
1781579592,10,,Aggregated,2.100000,0.000000,1100,1500,1800,2100,2800,3500,4600,5800,9300,9500,9500,1461,0,1100,1414.929008438768,125.60556000062206,9513.688000999537,1226.006844626968
1781579593,10,,Aggregated,2.000000,0.000000,1200,1500,1800,2100,2800,3500,4600,5800,9300,9500,9500,1465,0,1200,1414.8782966826213,125.60556000062206,9513.688000999537,1226.3153583617748
1781579594,10,,Aggregated,2.000000,0.000000,1100,1500,1800,2100,2800,3500,4600,5800,9300,9500,9500,1468,0,1100,1412.9828644755041,125.60556000062206,9513.688000999537,1226.0020435967303
1781579595,10,,Aggregated,2.100000,0.000000,1100,1500,1800,2100,2800,3500,4600,5800,9300,9500,9500,1471,0,1100,1410.7756762216447,125.60556000062206,9513.688000999537,1225.7518694765465
1781579596,10,,Aggregated,2.400000,0.000000,1100,1500,1800,2100,2800,3500,4600,5800,9300,9500,9500,1474,0,1100,1408.5902509084399,125.60556000062206,9513.688000999537,1225.353459972863
1781579597,10,,Aggregated,2.400000,0.000000,1100,1500,1800,2100,2800,3500,4600,5800,9300,9500,9500,1477,0,1100,1406.3141056662428,125.60556000062206,9513.688000999537,1224.9268788083955
1781579598,10,,Aggregated,2.200000,0.000000,1100,1500,1800,2100,2800,3500,4600,5800,9300,9500,9500,1479,0,1100,1405.6132462008384,125.60556000062206,9513.688000999537,1225.1102096010818
1781579599,10,,Aggregated,2.500000,0.000000,1100,1500,1800,2100,2800,3500,4600,5800,9300,9500,9500,1482,0,1100,1404.1941786599461,125.60556000062206,9513.688000999537,1224.6531713900135
1781579600,10,,Aggregated,2.500000,0.000000,1100,1500,1800,2100,2800,3500,4600,5800,9300,9500,9500,1483,0,1100,1404.0128527228867,125.60556000062206,9513.688000999537,1224.6648685097775
1781579601,10,,Aggregated,2.500000,0.000000,1100,1500,1800,2000,2800,3500,4600,5800,9300,9500,9500,1486,0,1100,1402.9261856050066,125.60556000062206,9513.688000999537,1224.7597577388963
1781579602,10,,Aggregated,2.500000,0.000000,1100,1500,1800,2000,2800,3500,4600,5800,9300,9500,9500,1489,0,1100,1402.4524029637596,125.60556000062206,9513.688000999537,1225.1101410342512
1781579603,10,,Aggregated,2.500000,0.000000,1100,1500,1800,2000,2800,3500,4600,5800,9300,9500,9500,1490,0,1100,1401.7606012490198,125.60556000062206,9513.688000999537,1224.923489932886
1781579604,10,,Aggregated,2.500000,0.000000,1100,1500,1800,2000,2800,3500,4600,5800,9300,9500,9500,1494,0,1100,1400.6797622249255,125.60556000062206,9513.688000999537,1225.1887550200804
1781579605,10,,Aggregated,2.600000,0.000000,1100,1500,1800,2000,2800,3500,4600,5800,9300,9500,9500,1497,0,1100,1399.3148568163267,125.60556000062206,9513.688000999537,1225.2364729458918
1781579606,10,,Aggregated,2.600000,0.000000,1100,1500,1800,2000,2800,3500,4600,5800,9300,9500,9500,1499,0,1100,1398.6450735137028,125.60556000062206,9513.688000999537,1225.410273515677
1781579607,10,,Aggregated,2.600000,0.000000,1100,1500,1800,2000,2800,3500,4500,5600,9300,9500,9500,1501,0,1100,1397.4685967968287,125.60556000062206,9513.688000999537,1225.4290473017988
1781579608,10,,Aggregated,2.600000,0.000000,1100,1500,1800,2000,2800,3500,4500,5600,9300,9500,9500,1503,0,1100,1396.7999238183893,125.60556000062206,9513.688000999537,1225.2694610778442
1781579609,10,,Aggregated,2.400000,0.000000,1100,1500,1800,2000,2800,3500,4500,5600,9300,9500,9500,1507,0,1100,1396.1766486244453,125.60556000062206,9513.688000999537,1225.3145321831453
1781579610,10,,Aggregated,2.400000,0.000000,1100,1500,1800,2000,2800,3500,4500,5600,9300,9500,9500,1509,0,1100,1394.8597376978382,125.60556000062206,9513.688000999537,1225.168986083499
1781579611,10,,Aggregated,2.500000,0.000000,1100,1500,1800,2000,2800,3500,4500,5600,9300,9500,9500,1510,0,1100,1394.5080896212176,125.60556000062206,9513.688000999537,1225.2205298013246
1781579612,10,,Aggregated,2.500000,0.000000,1100,1500,1800,2000,2800,3500,4500,5600,9300,9500,9500,1512,0,1100,1393.7585857698666,125.60556000062206,9513.688000999537,1225.3564814814815
1781579613,10,,Aggregated,2.400000,0.000000,1100,1500,1800,2000,2800,3500,4500,5600,9300,9500,9500,1517,0,1100,1392.5029913685155,125.60556000062206,9513.688000999537,1225.1753460777852
1781579614,10,,Aggregated,2.400000,0.000000,1100,1500,1800,2000,2800,3500,4500,5600,9300,9500,9500,1518,0,1100,1392.6532515500908,125.60556000062206,9513.688000999537,1225.33069828722
1781579615,10,,Aggregated,2.500000,0.000000,1100,1500,1800,2000,2800,3500,4500,5600,9300,9500,9500,1519,0,1100,1392.2228739210261,125.60556000062206,9513.688000999537,1225.523370638578
1781579616,10,,Aggregated,2.400000,0.000000,1100,1500,1800,2000,2800,3500,4500,5600,9300,9500,9500,1522,0,1100,1391.9376300939825,125.60556000062206,9513.688000999537,1225.8212877792378
1781579617,10,,Aggregated,2.200000,0.000000,1100,1500,1800,2000,2800,3500,4500,5600,9300,9500,9500,1524,0,1100,1392.2063659836228,125.60556000062206,9513.688000999537,1225.7335958005249
1781579618,10,,Aggregated,2.200000,0.000000,1100,1500,1800,2000,2800,3500,4500,5600,9300,9500,9500,1526,0,1100,1392.8102535793196,125.60556000062206,9513.688000999537,1225.8748361730013
1781579619,10,,Aggregated,2.100000,0.000000,1100,1500,1800,2000,2800,3500,4500,5600,9300,9500,9500,1532,0,1100,1388.9997205946745,125.60556000062206,9513.688000999537,1225.3302872062663
1781579620,10,,Aggregated,2.100000,0.000000,1100,1500,1800,2000,2800,3500,4500,5600,9300,9500,9500,1532,0,1100,1388.9997205946745,125.60556000062206,9513.688000999537,1225.3302872062663
1781579621,10,,Aggregated,2.400000,0.000000,1100,1500,1800,2000,2800,3500,4500,5600,9300,9500,9500,1535,0,1100,1387.561679315989,125.60556000062206,9513.688000999537,1225.3374592833877
