Timestamp,User Count,Type,Name,Requests/s,Failures/s,50%,66%,75%,80%,90%,95%,98%,99%,99.9%,99.99%,100%,Total Request Count,Total Failure Count,Total Median Response Time,Total Average Response Time,Total Min Response Time,Total Max Response Time,Total Average Content Size
1781521966,0,,Aggregated,0.000000,0.000000,N/A,N/A,N/A,N/A,N/A,N/A,N/A,N/A,N/A,N/A,N/A,0,0,0,0.0,0,0,0
1781521967,5,,Aggregated,0.000000,0.000000,N/A,N/A,N/A,N/A,N/A,N/A,N/A,N/A,N/A,N/A,N/A,0,0,0,0.0,0,0,0
1781521968,10,,Aggregated,0.000000,0.000000,N/A,N/A,N/A,N/A,N/A,N/A,N/A,N/A,N/A,N/A,N/A,0,0,0,0.0,0,0,0
1781521969,15,,Aggregated,0.000000,0.000000,N/A,N/A,N/A,N/A,N/A,N/A,N/A,N/A,N/A,N/A,N/A,0,0,0,0.0,0,0,0
1781521970,20,,Aggregated,0.000000,0.000000,N/A,N/A,N/A,N/A,N/A,N/A,N/A,N/A,N/A,N/A,N/A,0,0,0,0.0,0,0,0
1781521971,20,,Aggregated,0.000000,0.000000,4400,4400,4400,4400,4400,4400,4400,4400,4400,4400,4400,1,0,4381.254997999349,4381.254997999349,4381.254997999349,4381.254997999349,949.0
1781521972,20,,Aggregated,0.000000,0.000000,4400,4400,4400,4400,4400,4400,4400,4400,4400,4400,4400,1,0,4381.254997999349,4381.254997999349,4381.254997999349,4381.254997999349,949.0
1781521973,20,,Aggregated,0.200000,0.000000,5800,5800,6600,6600,6600,6600,6600,6600,6600,6600,6600,3,0,5800,5587.874376333882,4381.254997999349,6602.34801399929,1187.3333333333333
1781521974,20,,Aggregated,0.200000,0.000000,5800,5800,6600,6600,6600,6600,6600,6600,6600,6600,6600,3,0,5800,5587.874376333882,4381.254997999349,6602.34801399929,1187.3333333333333
1781521975,20,,Aggregated,0.142857,0.000000,6600,6600,7600,7600,7600,7600,7600,7600,7600,7600,7600,4,0,5800,6101.583093000954,4381.254997999349,7642.709243002173,1177.25
1781521976,20,,Aggregated,0.375000,0.000000,6600,7600,7600,8900,8900,8900,8900,8900,8900,8900,8900,5,0,6600,6653.90375440038,4381.254997999349,8863.186399998085,1215.2
1781521977,20,,Aggregated,0.375000,0.000000,6600,7600,7600,8900,8900,8900,8900,8900,8900,8900,8900,5,0,6600,6653.90375440038,4381.254997999349,8863.186399998085,1215.2
1781521978,20,,Aggregated,0.400000,0.000000,8900,10000,11000,11000,12000,12000,12000,12000,12000,12000,12000,8,0,7600,8315.851862874297,4381.254997999349,11979.40397799539,1381.625
1781521979,20,,Aggregated,0.400000,0.000000,8900,10000,11000,11000,12000,12000,12000,12000,12000,12000,12000,8,0,7600,8315.851862874297,4381.254997999349,11979.40397799539,1381.625
1781521980,20,,Aggregated,0.700000,0.000000,8900,10000,11000,12000,14000,14000,14000,14000,14000,14000,14000,9,0,8900,8935.363612888776,4381.254997999349,13891.457613004604,1465.5555555555557
1781521981,20,,Aggregated,0.800000,0.000000,10000,11000,12000,14000,14000,14000,14000,14000,14000,14000,14000,10,0,8900,9433.93842450023,4381.254997999349,13921.111729003314,1530.8
1781521982,20,,Aggregated,0.800000,0.000000,10000,11000,12000,14000,14000,14000,14000,14000,14000,14000,14000,10,0,8900,9433.93842450023,4381.254997999349,13921.111729003314,1530.8
1781521983,20,,Aggregated,0.800000,0.000000,10000,11000,12000,14000,14000,14000,14000,14000,14000,14000,14000,10,0,8900,9433.93842450023,4381.254997999349,13921.111729003314,1530.8
1781521984,20,,Aggregated,0.900000,0.000000,10000,11000,12000,12000,14000,14000,14000,14000,14000,14000,14000,11,0,10000,9572.79399627309,4381.254997999349,13921.111729003314,1521.7272727272727
1781521985,20,,Aggregated,0.900000,0.000000,10000,11000,12000,12000,14000,14000,14000,14000,14000,14000,14000,11,0,10000,9572.79399627309,4381.254997999349,13921.111729003314,1521.7272727272727
1781521986,20,,Aggregated,0.900000,0.000000,10000,11000,12000,12000,14000,14000,14000,14000,14000,14000,14000,11,0,10000,9572.79399627309,4381.254997999349,13921.111729003314,1521.7272727272727
1781521987,20,,Aggregated,0.900000,0.000000,10000,11000,12000,12000,14000,14000,14000,14000,14000,14000,14000,11,0,10000,9572.79399627309,4381.254997999349,13921.111729003314,1521.7272727272727
1781521988,20,,Aggregated,0.900000,0.000000,10000,11000,12000,12000,14000,14000,14000,14000,14000,14000,14000,11,0,10000,9572.79399627309,4381.254997999349,13921.111729003314,1521.7272727272727
1781521989,20,,Aggregated,0.600000,0.000000,10000,11000,12000,12000,14000,14000,14000,14000,14000,14000,14000,12,0,10000,9606.36611866721,4381.254997999349,13921.111729003314,1474.4166666666667
1781521990,20,,Aggregated,0.600000,0.000000,10000,11000,12000,12000,14000,14000,14000,14000,14000,14000,14000,12,0,10000,9606.36611866721,4381.254997999349,13921.111729003314,1474.4166666666667
1781521991,20,,Aggregated,0.600000,0.000000,10000,11000,12000,12000,14000,14000,14000,14000,14000,14000,14000,12,0,10000,9606.36611866721,4381.254997999349,13921.111729003314,1474.4166666666667
1781521992,20,,Aggregated,0.600000,0.000000,10000,11000,12000,12000,14000,14000,14000,14000,14000,14000,14000,12,0,10000,9606.36611866721,4381.254997999349,13921.111729003314,1474.4166666666667
1781521993,20,,Aggregated,0.600000,0.000000,10000,11000,12000,12000,14000,14000,14000,14000,14000,14000,14000,12,0,10000,9606.36611866721,4381.254997999349,13921.111729003314,1474.4166666666667
1781521994,20,,Aggregated,0.600000,0.000000,10000,11000,12000,12000,14000,14000,14000,14000,14000,14000,14000,12,0,10000,9606.36611866721,4381.254997999349,13921.111729003314,1474.4166666666667
1781521995,20,,Aggregated,0.600000,0.000000,10000,11000,12000,12000,14000,14000,14000,14000,14000,14000,14000,12,0,10000,9606.36611866721,4381.254997999349,13921.111729003314,1474.4166666666667
1781521996,20,,Aggregated,0.600000,0.000000,10000,11000,12000,12000,14000,14000,14000,14000,14000,14000,14000,12,0,10000,9606.36611866721,4381.254997999349,13921.111729003314,1474.4166666666667
1781521997,20,,Aggregated,0.600000,0.000000,10000,11000,12000,12000,14000,14000,14000,14000,14000,14000,14000,12,0,10000,9606.36611866721,4381.254997999349,13921.111729003314,1474.4166666666667
1781521998,20,,Aggregated,0.600000,0.000000,10000,11000,12000,12000,14000,14000,14000,14000,14000,14000,14000,12,0,10000,9606.36611866721,4381.254997999349,13921.111729003314,1474.4166666666667
1781521999,20,,Aggregated,0.600000,0.000000,10000,11000,12000,12000,14000,14000,14000,14000,14000,14000,14000,12,0,10000,9606.36611866721,4381.254997999349,13921.111729003314,1474.4166666666667
1781522000,20,,Aggregated,0.600000,0.000000,10000,11000,12000,12000,14000,14000,14000,14000,14000,14000,14000,12,0,10000,9606.36611866721,4381.254997999349,13921.111729003314,1474.4166666666667
1781522001,20,,Aggregated,0.600000,0.000000,10000,11000,12000,12000,14000,14000,14000,14000,14000,14000,14000,12,0,10000,9606.36611866721,4381.254997999349,13921.111729003314,1474.4166666666667
1781522002,20,,Aggregated,0.600000,0.000000,10000,11000,12000,12000,14000,14000,14000,14000,14000,14000,14000,12,0,10000,9606.36611866721,4381.254997999349,13921.111729003314,1474.4166666666667
1781522003,20,,Aggregated,0.600000,0.000000,10000,11000,12000,12000,14000,14000,14000,14000,14000,14000,14000,12,0,10000,9606.36611866721,4381.254997999349,13921.111729003314,1474.4166666666667
1781522004,20,,Aggregated,0.600000,0.000000,10000,11000,12000,12000,14000,14000,14000,14000,14000,14000,14000,12,0,10000,9606.36611866721,4381.254997999349,13921.111729003314,1474.4166666666667
1781522005,20,,Aggregated,0.600000,0.000000,10000,11000,12000,12000,14000,14000,14000,14000,14000,14000,14000,12,0,10000,9606.36611866721,4381.254997999349,13921.111729003314,1474.4166666666667
1781522006,20,,Aggregated,0.600000,0.000000,10000,11000,12000,12000,14000,14000,14000,14000,14000,14000,14000,12,0,10000,9606.36611866721,4381.254997999349,13921.111729003314,1474.4166666666667
1781522007,20,,Aggregated,0.600000,0.000000,10000,11000,12000,12000,14000,14000,14000,14000,14000,14000,14000,12,0,10000,9606.36611866721,4381.254997999349,13921.111729003314,1474.4166666666667
1781522008,20,,Aggregated,0.000000,0.000000,10000,11000,12000,14000,14000,18000,18000,18000,18000,18000,18000,13,0,10000,10234.326081616298,4381.254997999349,17769.845637005346,1556.6153846153845
1781522009,20,,Aggregated,0.000000,0.000000,10000,11000,12000,14000,14000,18000,18000,18000,18000,18000,18000,13,0,10000,10234.326081616298,4381.254997999349,17769.845637005346,1556.6153846153845
1781522010,20,,Aggregated,0.000000,0.000000,10000,11000,12000,14000,14000,18000,18000,18000,18000,18000,18000,13,0,10000,10234.326081616298,4381.254997999349,17769.845637005346,1556.6153846153845
1781522011,20,,Aggregated,0.000000,0.000000,10000,11000,12000,14000,14000,18000,18000,18000,18000,18000,18000,13,0,10000,10234.326081616298,4381.254997999349,17769.845637005346,1556.6153846153845
1781522012,20,,Aggregated,0.000000,0.000000,10000,11000,12000,14000,14000,18000,18000,18000,18000,18000,18000,13,0,10000,10234.326081616298,4381.254997999349,17769.845637005346,1556.6153846153845
1781522013,20,,Aggregated,0.000000,0.000000,10000,11000,12000,14000,14000,18000,18000,18000,18000,18000,18000,13,0,10000,10234.326081616298,4381.254997999349,17769.845637005346,1556.6153846153845
1781522014,20,,Aggregated,0.000000,0.000000,10000,11000,12000,14000,14000,18000,18000,18000,18000,18000,18000,13,0,10000,10234.326081616298,4381.254997999349,17769.845637005346,1556.6153846153845
1781522015,20,,Aggregated,0.000000,0.000000,10000,11000,12000,14000,14000,18000,18000,18000,18000,18000,18000,13,0,10000,10234.326081616298,4381.254997999349,17769.845637005346,1556.6153846153845
1781522016,20,,Aggregated,0.000000,0.000000,10000,11000,12000,14000,14000,18000,18000,18000,18000,18000,18000,13,0,10000,10234.326081616298,4381.254997999349,17769.845637005346,1556.6153846153845
1781522017,20,,Aggregated,0.000000,0.000000,10000,11000,12000,14000,14000,18000,18000,18000,18000,18000,18000,13,0,10000,10234.326081616298,4381.254997999349,17769.845637005346,1556.6153846153845
1781522018,20,,Aggregated,0.100000,0.000000,11000,12000,14000,14000,18000,50000,50000,50000,50000,50000,50000,14,0,10000,13082.762034357855,4381.254997999349,50112.42941999808,1519.7142857142858
1781522019,20,,Aggregated,0.100000,0.000000,11000,12000,14000,14000,18000,50000,50000,50000,50000,50000,50000,14,0,10000,13082.762034357855,4381.254997999349,50112.42941999808,1519.7142857142858
1781522020,20,,Aggregated,0.100000,0.000000,11000,12000,14000,14000,18000,50000,50000,50000,50000,50000,50000,14,0,10000,13082.762034357855,4381.254997999349,50112.42941999808,1519.7142857142858
1781522021,20,,Aggregated,0.100000,0.000000,11000,12000,14000,14000,18000,50000,50000,50000,50000,50000,50000,14,0,10000,13082.762034357855,4381.254997999349,50112.42941999808,1519.7142857142858
1781522022,20,,Aggregated,0.100000,0.000000,11000,12000,14000,14000,18000,50000,50000,50000,50000,50000,50000,14,0,10000,13082.762034357855,4381.254997999349,50112.42941999808,1519.7142857142858
1781522023,20,,Aggregated,0.100000,0.000000,11000,12000,14000,14000,18000,50000,50000,50000,50000,50000,50000,14,0,10000,13082.762034357855,4381.254997999349,50112.42941999808,1519.7142857142858
1781522024,20,,Aggregated,0.100000,0.000000,11000,12000,14000,14000,18000,50000,50000,50000,50000,50000,50000,14,0,10000,13082.762034357855,4381.254997999349,50112.42941999808,1519.7142857142858
1781522025,20,,Aggregated,0.100000,0.000000,11000,12000,14000,14000,18000,50000,50000,50000,50000,50000,50000,14,0,10000,13082.762034357855,4381.254997999349,50112.42941999808,1519.7142857142858
1781522026,20,,Aggregated,0.100000,0.000000,11000,12000,14000,14000,18000,50000,50000,50000,50000,50000,50000,14,0,10000,13082.762034357855,4381.254997999349,50112.42941999808,1519.7142857142858
1781522027,20,,Aggregated,0.100000,0.000000,11000,12000,14000,14000,18000,50000,50000,50000,50000,50000,50000,14,0,10000,13082.762034357855,4381.254997999349,50112.42941999808,1519.7142857142858
1781522028,20,,Aggregated,0.100000,0.000000,11000,12000,14000,14000,18000,50000,50000,50000,50000,50000,50000,14,0,10000,13082.762034357855,4381.254997999349,50112.42941999808,1519.7142857142858
1781522029,20,,Aggregated,0.100000,0.000000,11000,12000,14000,14000,18000,50000,50000,50000,50000,50000,50000,14,0,10000,13082.762034357855,4381.254997999349,50112.42941999808,1519.7142857142858
1781522030,20,,Aggregated,0.100000,0.000000,11000,12000,14000,18000,21000,50000,50000,50000,50000,50000,50000,15,0,11000,13625.698550867188,4381.254997999349,50112.42941999808,1640.2666666666667
1781522031,20,,Aggregated,0.100000,0.000000,11000,12000,14000,18000,21000,50000,50000,50000,50000,50000,50000,15,0,11000,13625.698550867188,4381.254997999349,50112.42941999808,1640.2666666666667
1781522032,20,,Aggregated,0.100000,0.000000,11000,12000,14000,18000,21000,50000,50000,50000,50000,50000,50000,15,0,11000,13625.698550867188,4381.254997999349,50112.42941999808,1640.2666666666667
1781522033,20,,Aggregated,0.100000,0.000000,11000,14000,18000,18000,50000,58000,58000,58000,58000,58000,58000,16,0,11000,16393.325193062992,4381.254997999349,57907.72482600005,1636.6875
1781522034,20,,Aggregated,0.100000,0.000000,11000,14000,18000,21000,58000,65000,65000,65000,65000,65000,65000,17,0,11000,19243.229199235535,4381.254997999349,64841.693297996244,1602.0
1781522035,20,,Aggregated,0.100000,0.000000,11000,14000,18000,21000,58000,65000,65000,65000,65000,65000,65000,17,0,11000,19243.229199235535,4381.254997999349,64841.693297996244,1602.0
1781522036,20,,Aggregated,0.100000,0.000000,11000,14000,18000,21000,58000,65000,65000,65000,65000,65000,65000,17,0,11000,19243.229199235535,4381.254997999349,64841.693297996244,1602.0
1781522037,20,,Aggregated,0.100000,0.000000,11000,14000,18000,21000,58000,65000,65000,65000,65000,65000,65000,17,0,11000,19243.229199235535,4381.254997999349,64841.693297996244,1602.0
1781522038,20,,Aggregated,0.100000,0.000000,11000,14000,18000,21000,58000,65000,65000,65000,65000,65000,65000,17,0,11000,19243.229199235535,4381.254997999349,64841.693297996244,1602.0
1781522039,20,,Aggregated,0.100000,0.000000,11000,14000,18000,21000,58000,65000,65000,65000,65000,65000,65000,17,0,11000,19243.229199235535,4381.254997999349,64841.693297996244,1602.0
1781522040,20,,Aggregated,0.100000,0.000000,11000,14000,18000,21000,58000,65000,65000,65000,65000,65000,65000,17,0,11000,19243.229199235535,4381.254997999349,64841.693297996244,1602.0
1781522041,20,,Aggregated,0.100000,0.000000,11000,14000,18000,21000,58000,65000,65000,65000,65000,65000,65000,17,0,11000,19243.229199235535,4381.254997999349,64841.693297996244,1602.0
1781522042,20,,Aggregated,0.100000,0.000000,11000,14000,18000,21000,58000,65000,65000,65000,65000,65000,65000,17,0,11000,19243.229199235535,4381.254997999349,64841.693297996244,1602.0
1781522043,20,,Aggregated,0.100000,0.000000,11000,14000,18000,21000,58000,65000,65000,65000,65000,65000,65000,17,0,11000,19243.229199235535,4381.254997999349,64841.693297996244,1602.0
1781522044,20,,Aggregated,0.100000,0.000000,11000,14000,18000,21000,58000,65000,65000,65000,65000,65000,65000,17,0,11000,19243.229199235535,4381.254997999349,64841.693297996244,1602.0
1781522045,20,,Aggregated,0.200000,0.000000,12000,14000,21000,50000,64000,65000,65000,65000,65000,65000,65000,18,0,11000,21722.845324444483,4381.254997999349,64841.693297996244,1566.111111111111
1781522046,20,,Aggregated,0.200000,0.000000,12000,14000,21000,50000,64000,65000,65000,65000,65000,65000,65000,18,0,11000,21722.845324444483,4381.254997999349,64841.693297996244,1566.111111111111
1781522047,20,,Aggregated,0.200000,0.000000,12000,14000,21000,50000,64000,65000,65000,65000,65000,65000,65000,18,0,11000,21722.845324444483,4381.254997999349,64841.693297996244,1566.111111111111
1781522048,20,,Aggregated,0.200000,0.000000,12000,14000,21000,50000,64000,65000,65000,65000,65000,65000,65000,18,0,11000,21722.845324444483,4381.254997999349,64841.693297996244,1566.111111111111
1781522049,20,,Aggregated,0.100000,0.000000,12000,14000,21000,50000,64000,65000,65000,65000,65000,65000,65000,19,0,12000,21326.458979947154,4381.254997999349,64841.693297996244,1575.2105263157894
1781522050,20,,Aggregated,0.100000,0.000000,12000,14000,21000,50000,64000,65000,65000,65000,65000,65000,65000,19,0,12000,21326.458979947154,4381.254997999349,64841.693297996244,1575.2105263157894
1781522051,20,,Aggregated,0.100000,0.000000,12000,14000,21000,50000,64000,65000,65000,65000,65000,65000,65000,19,0,12000,21326.458979947154,4381.254997999349,64841.693297996244,1575.2105263157894
1781522052,20,,Aggregated,0.100000,0.000000,12000,14000,21000,50000,64000,65000,65000,65000,65000,65000,65000,19,0,12000,21326.458979947154,4381.254997999349,64841.693297996244,1575.2105263157894
1781522053,20,,Aggregated,0.100000,0.000000,12000,14000,21000,50000,64000,65000,65000,65000,65000,65000,65000,19,0,12000,21326.458979947154,4381.254997999349,64841.693297996244,1575.2105263157894
1781522054,20,,Aggregated,0.200000,0.000000,14000,18000,21000,50000,64000,65000,65000,65000,65000,65000,65000,20,0,12000,21153.907663599966,4381.254997999349,64841.693297996244,1635.85
1781522055,20,,Aggregated,0.200000,0.000000,14000,18000,21000,50000,64000,65000,65000,65000,65000,65000,65000,20,0,12000,21153.907663599966,4381.254997999349,64841.693297996244,1635.85
1781522056,20,,Aggregated,0.200000,0.000000,14000,18000,21000,50000,64000,65000,65000,65000,65000,65000,65000,20,0,12000,21153.907663599966,4381.254997999349,64841.693297996244,1635.85
1781522057,20,,Aggregated,0.300000,0.000000,14000,18000,21000,25000,58000,64000,65000,65000,65000,65000,65000,21,0,14000,21325.961065523665,4381.254997999349,64841.693297996244,1797.857142857143
1781522058,20,,Aggregated,0.300000,0.000000,14000,18000,21000,25000,58000,64000,65000,65000,65000,65000,65000,21,0,14000,21325.961065523665,4381.254997999349,64841.693297996244,1797.857142857143
1781522059,20,,Aggregated,0.300000,0.000000,14000,18000,21000,25000,58000,64000,65000,65000,65000,65000,65000,21,0,14000,21325.961065523665,4381.254997999349,64841.693297996244,1797.857142857143
1781522060,20,,Aggregated,0.300000,0.000000,14000,18000,21000,25000,58000,64000,65000,65000,65000,65000,65000,21,0,14000,21325.961065523665,4381.254997999349,64841.693297996244,1797.857142857143
1781522061,20,,Aggregated,0.300000,0.000000,14000,18000,21000,25000,58000,64000,65000,65000,65000,65000,65000,21,0,14000,21325.961065523665,4381.254997999349,64841.693297996244,1797.857142857143
1781522062,20,,Aggregated,0.200000,0.000000,14000,18000,25000,50000,64000,65000,82000,82000,82000,82000,82000,22,0,14000,24102.275144454325,4381.254997999349,82404.87080199819,1759.590909090909
1781522063,20,,Aggregated,0.200000,0.000000,14000,18000,25000,50000,64000,65000,82000,82000,82000,82000,82000,22,0,14000,24102.275144454325,4381.254997999349,82404.87080199819,1759.590909090909
1781522064,20,,Aggregated,0.200000,0.000000,14000,18000,25000,50000,64000,65000,82000,82000,82000,82000,82000,22,0,14000,24102.275144454325,4381.254997999349,82404.87080199819,1759.590909090909
1781522065,20,,Aggregated,0.200000,0.000000,14000,18000,25000,50000,64000,65000,82000,82000,82000,82000,82000,22,0,14000,24102.275144454325,4381.254997999349,82404.87080199819,1759.590909090909
1781522066,20,,Aggregated,0.200000,0.000000,14000,18000,25000,50000,64000,65000,82000,82000,82000,82000,82000,22,0,14000,24102.275144454325,4381.254997999349,82404.87080199819,1759.590909090909
1781522067,20,,Aggregated,0.200000,0.000000,14000,18000,25000,50000,64000,65000,82000,82000,82000,82000,82000,23,0,14000,23432.655609782552,4381.254997999349,82404.87080199819,1740.7391304347825
1781522068,20,,Aggregated,0.200000,0.000000,14000,18000,25000,50000,64000,65000,82000,82000,82000,82000,82000,23,0,14000,23432.655609782552,4381.254997999349,82404.87080199819,1740.7391304347825
1781522070,20,,Aggregated,0.200000,0.000000,14000,18000,25000,50000,64000,65000,82000,82000,82000,82000,82000,24,0,14000,23217.678103541402,4381.254997999349,82404.87080199819,1804.6666666666667
1781522071,20,,Aggregated,0.200000,0.000000,14000,18000,24000,50000,64000,65000,82000,82000,82000,82000,82000,25,0,14000,23235.134467719767,4381.254997999349,82404.87080199819,1866.44
1781522072,20,,Aggregated,0.200000,0.000000,14000,18000,24000,50000,64000,65000,82000,82000,82000,82000,82000,25,0,14000,23235.134467719767,4381.254997999349,82404.87080199819,1866.44
1781522073,20,,Aggregated,0.200000,0.000000,14000,18000,24000,50000,64000,65000,82000,82000,82000,82000,82000,25,0,14000,23235.134467719767,4381.254997999349,82404.87080199819,1866.44
1781522074,20,,Aggregated,0.200000,0.000000,14000,18000,24000,50000,64000,65000,82000,82000,82000,82000,82000,25,0,14000,23235.134467719767,4381.254997999349,82404.87080199819,1866.44
1781522075,20,,Aggregated,0.400000,0.000000,14000,18000,24000,25000,64000,65000,82000,82000,82000,82000,82000,27,0,14000,22356.464793629402,4182.2851370016,82404.87080199819,1897.0740740740741
1781522076,20,,Aggregated,0.400000,0.000000,14000,18000,24000,25000,64000,65000,82000,82000,82000,82000,82000,27,0,14000,22356.464793629402,4182.2851370016,82404.87080199819,1897.0740740740741
1781522077,20,,Aggregated,0.300000,0.000000,14000,19000,25000,50000,65000,82000,100000,100000,100000,100000,100000,28,0,14000,25120.875453571247,4182.2851370016,99759.96327200119,1874.4642857142858
1781522078,20,,Aggregated,0.300000,0.000000,14000,19000,25000,50000,65000,82000,100000,100000,100000,100000,100000,28,0,14000,25120.875453571247,4182.2851370016,99759.96327200119,1874.4642857142858
1781522079,20,,Aggregated,0.500000,0.000000,14000,18000,24000,50000,65000,82000,100000,100000,100000,100000,100000,30,0,14000,24038.833522633162,3143.9033249989734,99759.96327200119,1869.0333333333333
1781522080,20,,Aggregated,0.500000,0.000000,14000,18000,24000,50000,65000,82000,100000,100000,100000,100000,100000,30,0,14000,24038.833522633162,3143.9033249989734,99759.96327200119,1869.0333333333333
1781522081,20,,Aggregated,0.500000,0.000000,14000,18000,24000,50000,65000,82000,100000,100000,100000,100000,100000,30,0,14000,24038.833522633162,3143.9033249989734,99759.96327200119,1869.0333333333333
1781522082,20,,Aggregated,0.500000,0.000000,14000,18000,24000,50000,65000,82000,100000,100000,100000,100000,100000,30,0,14000,24038.833522633162,3143.9033249989734,99759.96327200119,1869.0333333333333
1781522083,20,,Aggregated,0.500000,0.000000,14000,18000,24000,50000,65000,82000,100000,100000,100000,100000,100000,30,0,14000,24038.833522633162,3143.9033249989734,99759.96327200119,1869.0333333333333
1781522084,20,,Aggregated,0.500000,0.000000,14000,18000,24000,50000,65000,82000,100000,100000,100000,100000,100000,30,0,14000,24038.833522633162,3143.9033249989734,99759.96327200119,1869.0333333333333
1781522085,20,,Aggregated,0.500000,0.000000,14000,18000,24000,50000,65000,82000,100000,100000,100000,100000,100000,30,0,14000,24038.833522633162,3143.9033249989734,99759.96327200119,1869.0333333333333
1781522086,20,,Aggregated,0.500000,0.000000,14000,18000,24000,50000,65000,82000,100000,100000,100000,100000,100000,30,0,14000,24038.833522633162,3143.9033249989734,99759.96327200119,1869.0333333333333
1781522087,20,,Aggregated,0.500000,0.000000,14000,18000,24000,50000,65000,82000,100000,100000,100000,100000,100000,30,0,14000,24038.833522633162,3143.9033249989734,99759.96327200119,1869.0333333333333
1781522088,20,,Aggregated,0.500000,0.000000,14000,18000,24000,50000,65000,82000,100000,100000,100000,100000,100000,30,0,14000,24038.833522633162,3143.9033249989734,99759.96327200119,1869.0333333333333
1781522089,20,,Aggregated,0.500000,0.000000,14000,18000,24000,50000,65000,82000,100000,100000,100000,100000,100000,30,0,14000,24038.833522633162,3143.9033249989734,99759.96327200119,1869.0333333333333
1781522090,20,,Aggregated,0.500000,0.000000,14000,18000,24000,50000,65000,82000,100000,100000,100000,100000,100000,30,0,14000,24038.833522633162,3143.9033249989734,99759.96327200119,1869.0333333333333
1781522091,20,,Aggregated,0.500000,0.000000,14000,18000,24000,50000,65000,82000,100000,100000,100000,100000,100000,30,0,14000,24038.833522633162,3143.9033249989734,99759.96327200119,1869.0333333333333
1781522092,20,,Aggregated,0.500000,0.000000,14000,18000,24000,50000,65000,82000,100000,100000,100000,100000,100000,30,0,14000,24038.833522633162,3143.9033249989734,99759.96327200119,1869.0333333333333
1781522093,20,,Aggregated,0.000000,0.000000,14000,19000,24000,25000,64000,82000,100000,100000,100000,100000,100000,31,0,14000,23883.60935180624,3143.9033249989734,99759.96327200119,1904.5806451612902
1781522094,20,,Aggregated,0.000000,0.000000,15000,19000,24000,25000,64000,82000,100000,100000,100000,100000,100000,32,0,14000,23857.598061437326,3143.9033249989734,99759.96327200119,1954.03125
1781522095,20,,Aggregated,0.000000,0.000000,15000,19000,24000,25000,64000,82000,100000,100000,100000,100000,100000,32,0,14000,23857.598061437326,3143.9033249989734,99759.96327200119,1954.03125
1781522096,20,,Aggregated,0.000000,0.000000,15000,19000,24000,25000,64000,82000,100000,100000,100000,100000,100000,32,0,14000,23857.598061437326,3143.9033249989734,99759.96327200119,1954.03125
1781522097,20,,Aggregated,0.000000,0.000000,15000,19000,24000,25000,64000,82000,100000,100000,100000,100000,100000,32,0,14000,23857.598061437326,3143.9033249989734,99759.96327200119,1954.03125
1781522098,20,,Aggregated,0.200000,0.000000,15000,19000,24000,50000,65000,100000,129000,129000,129000,129000,129000,33,0,15000,27047.848567212037,3143.9033249989734,129135.86475200282,1923.6969696969697
1781522099,20,,Aggregated,0.200000,0.000000,15000,19000,24000,50000,65000,100000,129000,129000,129000,129000,129000,33,0,15000,27047.848567212037,3143.9033249989734,129135.86475200282,1923.6969696969697
1781522100,20,,Aggregated,0.200000,0.000000,15000,19000,24000,50000,65000,100000,129000,129000,129000,129000,129000,33,0,15000,27047.848567212037,3143.9033249989734,129135.86475200282,1923.6969696969697
1781522101,20,,Aggregated,0.200000,0.000000,15000,19000,24000,50000,65000,100000,129000,129000,129000,129000,129000,33,0,15000,27047.848567212037,3143.9033249989734,129135.86475200282,1923.6969696969697
1781522102,20,,Aggregated,0.200000,0.000000,15000,19000,24000,50000,65000,100000,129000,129000,129000,129000,129000,33,0,15000,27047.848567212037,3143.9033249989734,129135.86475200282,1923.6969696969697
1781522103,20,,Aggregated,0.200000,0.000000,15000,19000,24000,50000,65000,100000,129000,129000,129000,129000,129000,33,0,15000,27047.848567212037,3143.9033249989734,129135.86475200282,1923.6969696969697
1781522104,20,,Aggregated,0.300000,0.000000,15000,19000,24000,50000,65000,100000,129000,129000,129000,129000,129000,34,0,14000,26480.403062294066,3143.9033249989734,129135.86475200282,1904.235294117647
1781522105,20,,Aggregated,0.300000,0.000000,15000,21000,25000,50000,65000,100000,129000,129000,129000,129000,129000,35,0,15000,26426.357553457114,3143.9033249989734,129135.86475200282,1930.5714285714287
1781522106,20,,Aggregated,0.300000,0.000000,15000,21000,25000,50000,65000,100000,129000,129000,129000,129000,129000,35,0,15000,26426.357553457114,3143.9033249989734,129135.86475200282,1930.5714285714287
1781522107,20,,Aggregated,0.300000,0.000000,15000,21000,25000,50000,65000,100000,129000,129000,129000,129000,129000,35,0,15000,26426.357553457114,3143.9033249989734,129135.86475200282,1930.5714285714287
1781522108,20,,Aggregated,0.300000,0.000000,15000,21000,25000,50000,65000,100000,129000,129000,129000,129000,129000,35,0,15000,26426.357553457114,3143.9033249989734,129135.86475200282,1930.5714285714287
1781522109,20,,Aggregated,0.300000,0.000000,15000,19000,25000,25000,65000,100000,129000,129000,129000,129000,129000,36,0,14000,25926.083473611165,3143.9033249989734,129135.86475200282,1905.8055555555557
1781522110,20,,Aggregated,0.300000,0.000000,15000,19000,25000,25000,65000,100000,129000,129000,129000,129000,129000,36,0,14000,25926.083473611165,3143.9033249989734,129135.86475200282,1905.8055555555557
1781522111,20,,Aggregated,0.300000,0.000000,15000,21000,25000,34000,65000,100000,129000,129000,129000,129000,129000,37,0,15000,26148.33833229735,3143.9033249989734,129135.86475200282,2004.6486486486488
1781522112,20,,Aggregated,0.300000,0.000000,15000,21000,25000,34000,65000,100000,129000,129000,129000,129000,129000,37,0,15000,26148.33833229735,3143.9033249989734,129135.86475200282,2004.6486486486488
1781522113,20,,Aggregated,0.300000,0.000000,15000,21000,25000,34000,65000,100000,129000,129000,129000,129000,129000,37,0,15000,26148.33833229735,3143.9033249989734,129135.86475200282,2004.6486486486488
1781522114,20,,Aggregated,0.300000,0.000000,18000,21000,25000,34000,65000,100000,129000,129000,129000,129000,129000,38,0,15000,25965.10702597382,3143.9033249989734,129135.86475200282,2041.842105263158
1781522115,20,,Aggregated,0.300000,0.000000,18000,21000,25000,34000,65000,100000,129000,129000,129000,129000,129000,38,0,15000,25965.10702597382,3143.9033249989734,129135.86475200282,2041.842105263158
1781522116,20,,Aggregated,0.300000,0.000000,18000,21000,25000,34000,65000,100000,129000,129000,129000,129000,129000,38,0,15000,25965.10702597382,3143.9033249989734,129135.86475200282,2041.842105263158
1781522117,20,,Aggregated,0.300000,0.000000,18000,21000,25000,34000,65000,100000,129000,129000,129000,129000,129000,38,0,15000,25965.10702597382,3143.9033249989734,129135.86475200282,2041.842105263158
1781522118,20,,Aggregated,0.300000,0.000000,15000,19000,25000,34000,65000,100000,129000,129000,129000,129000,129000,39,0,15000,25589.734053538657,3143.9033249989734,129135.86475200282,2013.5128205128206
1781522119,20,,Aggregated,0.300000,0.000000,15000,19000,25000,34000,65000,100000,129000,129000,129000,129000,129000,39,0,15000,25589.734053538657,3143.9033249989734,129135.86475200282,2013.5128205128206
1781522120,20,,Aggregated,0.300000,0.000000,15000,19000,25000,34000,65000,100000,129000,129000,129000,129000,129000,39,0,15000,25589.734053538657,3143.9033249989734,129135.86475200282,2013.5128205128206
1781522121,20,,Aggregated,0.300000,0.000000,18000,21000,25000,50000,82000,100000,129000,129000,129000,129000,129000,40,0,15000,27454.89744025017,3143.9033249989734,129135.86475200282,1987.125
1781522122,20,,Aggregated,0.300000,0.000000,18000,21000,25000,50000,82000,100000,129000,129000,129000,129000,129000,40,0,15000,27454.89744025017,3143.9033249989734,129135.86475200282,1987.125
1781522123,20,,Aggregated,0.300000,0.000000,18000,21000,25000,50000,82000,100000,129000,129000,129000,129000,129000,40,0,15000,27454.89744025017,3143.9033249989734,129135.86475200282,1987.125
1781522124,20,,Aggregated,0.300000,0.000000,18000,21000,25000,50000,82000,100000,129000,129000,129000,129000,129000,40,0,15000,27454.89744025017,3143.9033249989734,129135.86475200282,1987.125
1781522125,20,,Aggregated,0.300000,0.000000,18000,21000,25000,50000,82000,100000,129000,129000,129000,129000,129000,40,0,15000,27454.89744025017,3143.9033249989734,129135.86475200282,1987.125
1781522126,20,,Aggregated,0.300000,0.000000,15000,21000,25000,34000,65000,100000,129000,129000,129000,129000,129000,41,0,15000,27038.61784195139,3143.9033249989734,129135.86475200282,1968.8536585365853
1781522127,20,,Aggregated,0.300000,0.000000,15000,21000,25000,34000,65000,100000,129000,129000,129000,129000,129000,41,0,15000,27038.61784195139,3143.9033249989734,129135.86475200282,1968.8536585365853
1781522128,20,,Aggregated,0.300000,0.000000,15000,21000,25000,34000,65000,100000,129000,129000,129000,129000,129000,41,0,15000,27038.61784195139,3143.9033249989734,129135.86475200282,1968.8536585365853
1781522129,20,,Aggregated,0.300000,0.000000,15000,21000,25000,34000,65000,100000,129000,129000,129000,129000,129000,41,0,15000,27038.61784195139,3143.9033249989734,129135.86475200282,1968.8536585365853
1781522130,20,,Aggregated,0.200000,0.000000,18000,21000,25000,50000,82000,100000,147000,147000,147000,147000,147000,42,0,15000,29894.986456214352,3143.9033249989734,147006.09964099567,1961.0714285714287
1781522131,20,,Aggregated,0.200000,0.000000,18000,21000,25000,50000,82000,100000,147000,147000,147000,147000,147000,42,0,15000,29894.986456214352,3143.9033249989734,147006.09964099567,1961.0714285714287
1781522132,20,,Aggregated,0.200000,0.000000,18000,23000,26000,50000,82000,100000,147000,147000,147000,147000,147000,43,0,18000,29793.61675965121,3143.9033249989734,147006.09964099567,2015.7674418604652
1781522133,20,,Aggregated,0.200000,0.000000,18000,23000,26000,50000,82000,100000,147000,147000,147000,147000,147000,43,0,18000,29793.61675965121,3143.9033249989734,147006.09964099567,2015.7674418604652
1781522134,20,,Aggregated,0.200000,0.000000,18000,23000,26000,50000,82000,100000,147000,147000,147000,147000,147000,43,0,18000,29793.61675965121,3143.9033249989734,147006.09964099567,2015.7674418604652
1781522135,20,,Aggregated,0.200000,0.000000,18000,23000,26000,50000,82000,100000,147000,147000,147000,147000,147000,43,0,18000,29793.61675965121,3143.9033249989734,147006.09964099567,2015.7674418604652
1781522136,20,,Aggregated,0.200000,0.000000,18000,23000,26000,50000,82000,100000,147000,147000,147000,147000,147000,43,0,18000,29793.61675965121,3143.9033249989734,147006.09964099567,2015.7674418604652
1781522137,20,,Aggregated,0.300000,0.000000,18000,24000,26000,50000,82000,100000,147000,147000,147000,147000,147000,44,0,18000,29666.79585188649,3143.9033249989734,147006.09964099567,2052.4545454545455
1781522138,20,,Aggregated,0.300000,0.000000,18000,23000,25000,50000,82000,100000,147000,147000,147000,147000,147000,45,0,18000,29109.060613666792,3143.9033249989734,147006.09964099567,2027.911111111111
1781522139,20,,Aggregated,0.300000,0.000000,18000,23000,25000,50000,82000,100000,147000,147000,147000,147000,147000,45,0,18000,29109.060613666792,3143.9033249989734,147006.09964099567,2027.911111111111
1781522140,20,,Aggregated,0.300000,0.000000,18000,23000,25000,50000,82000,100000,147000,147000,147000,147000,147000,45,0,18000,29109.060613666792,3143.9033249989734,147006.09964099567,2027.911111111111
1781522141,20,,Aggregated,0.400000,0.000000,18000,24000,26000,50000,82000,100000,147000,147000,147000,147000,147000,46,0,18000,29810.483653500105,3143.9033249989734,147006.09964099567,2011.5434782608695
1781522142,20,,Aggregated,0.400000,0.000000,18000,24000,26000,50000,82000,100000,147000,147000,147000,147000,147000,46,0,18000,29810.483653500105,3143.9033249989734,147006.09964099567,2011.5434782608695
1781522143,20,,Aggregated,0.400000,0.000000,18000,24000,26000,50000,82000,100000,147000,147000,147000,147000,147000,46,0,18000,29810.483653500105,3143.9033249989734,147006.09964099567,2011.5434782608695
1781522144,20,,Aggregated,0.300000,0.000000,18000,24000,34000,58000,100000,129000,176000,176000,176000,176000,176000,47,0,18000,32914.2660290214,3143.9033249989734,175688.25530300091,1991.9787234042553
1781522145,20,,Aggregated,0.300000,0.000000,18000,24000,34000,58000,100000,129000,176000,176000,176000,176000,176000,48,0,18000,32666.509160354355,3143.9033249989734,175688.25530300091,2011.0833333333333
1781522146,20,,Aggregated,0.300000,0.000000,18000,24000,34000,61000,100000,129000,176000,176000,176000,176000,176000,49,0,18000,33358.436563102274,3143.9033249989734,175688.25530300091,2051.408163265306
1781522147,20,,Aggregated,0.300000,0.000000,18000,24000,34000,61000,100000,129000,176000,176000,176000,176000,176000,49,0,18000,33358.436563102274,3143.9033249989734,175688.25530300091,2051.408163265306
1781522148,20,,Aggregated,0.300000,0.000000,18000,24000,34000,61000,100000,129000,176000,176000,176000,176000,176000,49,0,18000,33358.436563102274,3143.9033249989734,175688.25530300091,2051.408163265306
1781522149,20,,Aggregated,0.600000,0.000000,18000,24000,34000,58000,82000,129000,147000,176000,176000,176000,176000,51,0,18000,32528.271069823946,3143.9033249989734,175688.25530300091,2033.4705882352941
1781522150,20,,Aggregated,0.600000,0.000000,18000,24000,34000,58000,82000,129000,147000,176000,176000,176000,176000,51,0,18000,32528.271069823946,3143.9033249989734,175688.25530300091,2033.4705882352941
1781522151,20,,Aggregated,0.600000,0.000000,18000,24000,34000,58000,82000,129000,147000,176000,176000,176000,176000,51,0,18000,32528.271069823946,3143.9033249989734,175688.25530300091,2033.4705882352941
1781522152,20,,Aggregated,0.600000,0.000000,18000,24000,34000,58000,82000,129000,147000,176000,176000,176000,176000,51,0,18000,32528.271069823946,3143.9033249989734,175688.25530300091,2033.4705882352941
1781522153,20,,Aggregated,0.600000,0.000000,18000,24000,34000,58000,82000,129000,147000,176000,176000,176000,176000,51,0,18000,32528.271069823946,3143.9033249989734,175688.25530300091,2033.4705882352941
1781522154,20,,Aggregated,0.600000,0.000000,18000,24000,34000,58000,82000,129000,147000,176000,176000,176000,176000,51,0,18000,32528.271069823946,3143.9033249989734,175688.25530300091,2033.4705882352941
1781522155,20,,Aggregated,0.600000,0.000000,18000,24000,34000,58000,82000,129000,147000,176000,176000,176000,176000,51,0,18000,32528.271069823946,3143.9033249989734,175688.25530300091,2033.4705882352941
1781522156,20,,Aggregated,0.500000,0.000000,18000,24000,34000,58000,82000,129000,147000,176000,176000,176000,176000,52,0,18000,32131.239349346568,3143.9033249989734,175688.25530300091,2021.0961538461538
1781522157,20,,Aggregated,0.500000,0.000000,18000,24000,34000,58000,82000,129000,147000,176000,176000,176000,176000,52,0,18000,32131.239349346568,3143.9033249989734,175688.25530300091,2021.0961538461538
1781522158,20,,Aggregated,0.300000,0.000000,18000,24000,34000,61000,100000,147000,176000,190000,190000,190000,190000,54,0,18000,34585.692794852315,3143.9033249989734,189775.12170500268,1981.2222222222222
1781522159,20,,Aggregated,0.300000,0.000000,18000,24000,40000,61000,100000,147000,176000,190000,190000,190000,190000,55,0,18000,34691.93229523688,3143.9033249989734,189775.12170500268,1962.4727272727273
1781522160,20,,Aggregated,0.300000,0.000000,18000,24000,40000,61000,100000,147000,176000,190000,190000,190000,190000,55,0,18000,34691.93229523688,3143.9033249989734,189775.12170500268,1962.4727272727273
1781522161,20,,Aggregated,0.300000,0.000000,18000,24000,40000,61000,100000,147000,176000,190000,190000,190000,190000,55,0,18000,34691.93229523688,3143.9033249989734,189775.12170500268,1962.4727272727273
1781522162,20,,Aggregated,0.300000,0.000000,18000,24000,40000,61000,100000,147000,176000,190000,190000,190000,190000,55,0,18000,34691.93229523688,3143.9033249989734,189775.12170500268,1962.4727272727273
1781522163,20,,Aggregated,0.300000,0.000000,18000,24000,40000,61000,100000,147000,176000,190000,190000,190000,190000,55,0,18000,34691.93229523688,3143.9033249989734,189775.12170500268,1962.4727272727273
1781522164,20,,Aggregated,0.400000,0.000000,18000,24000,40000,58000,100000,147000,176000,190000,190000,190000,190000,56,0,18000,34716.87518300041,3143.9033249989734,189775.12170500268,1949.3392857142858
1781522165,20,,Aggregated,0.400000,0.000000,18000,24000,40000,58000,100000,147000,176000,190000,190000,190000,190000,56,0,18000,34716.87518300041,3143.9033249989734,189775.12170500268,1949.3392857142858
1781522166,20,,Aggregated,0.400000,0.000000,18000,24000,40000,58000,100000,147000,176000,190000,190000,190000,190000,56,0,18000,34716.87518300041,3143.9033249989734,189775.12170500268,1949.3392857142858
1781522167,20,,Aggregated,0.400000,0.000000,18000,24000,40000,58000,100000,147000,176000,190000,190000,190000,190000,56,0,18000,34716.87518300041,3143.9033249989734,189775.12170500268,1949.3392857142858
1781522168,20,,Aggregated,0.400000,0.000000,18000,24000,40000,58000,100000,147000,176000,190000,190000,190000,190000,56,0,18000,34716.87518300041,3143.9033249989734,189775.12170500268,1949.3392857142858
1781522169,20,,Aggregated,0.400000,0.000000,18000,24000,40000,58000,100000,147000,176000,190000,190000,190000,190000,56,0,18000,34716.87518300041,3143.9033249989734,189775.12170500268,1949.3392857142858
1781522170,20,,Aggregated,0.400000,0.000000,18000,24000,40000,58000,100000,147000,176000,190000,190000,190000,190000,56,0,18000,34716.87518300041,3143.9033249989734,189775.12170500268,1949.3392857142858
1781522171,20,,Aggregated,0.400000,0.000000,18000,24000,40000,58000,100000,147000,176000,190000,190000,190000,190000,56,0,18000,34716.87518300041,3143.9033249989734,189775.12170500268,1949.3392857142858
1781522172,20,,Aggregated,0.400000,0.000000,18000,24000,40000,58000,100000,147000,176000,190000,190000,190000,190000,56,0,18000,34716.87518300041,3143.9033249989734,189775.12170500268,1949.3392857142858
1781522173,20,,Aggregated,0.400000,0.000000,18000,24000,40000,58000,100000,147000,176000,190000,190000,190000,190000,56,0,18000,34716.87518300041,3143.9033249989734,189775.12170500268,1949.3392857142858
1781522174,20,,Aggregated,0.400000,0.000000,18000,24000,40000,58000,100000,147000,176000,190000,190000,190000,190000,56,0,18000,34716.87518300041,3143.9033249989734,189775.12170500268,1949.3392857142858
1781522175,20,,Aggregated,0.400000,0.000000,18000,24000,40000,58000,100000,147000,176000,190000,190000,190000,190000,56,0,18000,34716.87518300041,3143.9033249989734,189775.12170500268,1949.3392857142858
1781522176,20,,Aggregated,0.400000,0.000000,18000,24000,40000,58000,100000,147000,176000,190000,190000,190000,190000,56,0,18000,34716.87518300041,3143.9033249989734,189775.12170500268,1949.3392857142858
1781522177,20,,Aggregated,0.400000,0.000000,18000,24000,40000,58000,100000,147000,176000,190000,190000,190000,190000,56,0,18000,34716.87518300041,3143.9033249989734,189775.12170500268,1949.3392857142858
1781522178,20,,Aggregated,0.400000,0.000000,18000,24000,40000,58000,100000,147000,176000,190000,190000,190000,190000,56,0,18000,34716.87518300041,3143.9033249989734,189775.12170500268,1949.3392857142858
1781522179,20,,Aggregated,0.400000,0.000000,18000,24000,40000,58000,100000,147000,176000,190000,190000,190000,190000,56,0,18000,34716.87518300041,3143.9033249989734,189775.12170500268,1949.3392857142858
1781522180,20,,Aggregated,0.400000,0.000000,18000,24000,40000,58000,100000,147000,176000,190000,190000,190000,190000,56,0,18000,34716.87518300041,3143.9033249989734,189775.12170500268,1949.3392857142858
1781522181,20,,Aggregated,0.400000,0.000000,18000,24000,40000,58000,100000,147000,176000,190000,190000,190000,190000,56,0,18000,34716.87518300041,3143.9033249989734,189775.12170500268,1949.3392857142858
1781522182,20,,Aggregated,0.400000,0.000000,18000,24000,40000,58000,100000,147000,176000,190000,190000,190000,190000,56,0,18000,34716.87518300041,3143.9033249989734,189775.12170500268,1949.3392857142858
1781522183,20,,Aggregated,0.400000,0.000000,18000,24000,40000,58000,100000,147000,176000,190000,190000,190000,190000,56,0,18000,34716.87518300041,3143.9033249989734,189775.12170500268,1949.3392857142858
1781522184,20,,Aggregated,0.400000,0.000000,18000,24000,40000,58000,100000,147000,176000,190000,190000,190000,190000,56,0,18000,34716.87518300041,3143.9033249989734,189775.12170500268,1949.3392857142858
1781522185,20,,Aggregated,0.400000,0.000000,18000,24000,40000,58000,100000,147000,176000,190000,190000,190000,190000,56,0,18000,34716.87518300041,3143.9033249989734,189775.12170500268,1949.3392857142858
1781522186,20,,Aggregated,0.400000,0.000000,18000,24000,40000,58000,100000,147000,176000,190000,190000,190000,190000,56,0,18000,34716.87518300041,3143.9033249989734,189775.12170500268,1949.3392857142858
1781522187,20,,Aggregated,0.400000,0.000000,18000,24000,40000,58000,100000,147000,176000,190000,190000,190000,190000,56,0,18000,34716.87518300041,3143.9033249989734,189775.12170500268,1949.3392857142858
1781522188,20,,Aggregated,0.400000,0.000000,18000,24000,40000,58000,100000,147000,176000,190000,190000,190000,190000,56,0,18000,34716.87518300041,3143.9033249989734,189775.12170500268,1949.3392857142858
1781522189,20,,Aggregated,0.400000,0.000000,18000,24000,40000,58000,100000,147000,176000,190000,190000,190000,190000,56,0,18000,34716.87518300041,3143.9033249989734,189775.12170500268,1949.3392857142858
1781522190,20,,Aggregated,0.400000,0.000000,18000,24000,40000,58000,100000,147000,176000,190000,190000,190000,190000,56,0,18000,34716.87518300041,3143.9033249989734,189775.12170500268,1949.3392857142858
1781522191,20,,Aggregated,0.000000,0.000000,19000,25000,36000,58000,100000,147000,176000,190000,190000,190000,190000,58,0,18000,34506.963114069265,3143.9033249989734,189775.12170500268,2066.948275862069
1781522192,20,,Aggregated,0.000000,0.000000,19000,25000,36000,58000,100000,147000,176000,190000,190000,190000,190000,58,0,18000,34506.963114069265,3143.9033249989734,189775.12170500268,2066.948275862069
1781522193,20,,Aggregated,0.000000,0.000000,19000,25000,36000,58000,100000,147000,176000,190000,190000,190000,190000,58,0,18000,34506.963114069265,3143.9033249989734,189775.12170500268,2066.948275862069
1781522194,20,,Aggregated,0.000000,0.000000,19000,25000,36000,58000,100000,147000,176000,190000,190000,190000,190000,58,0,18000,34506.963114069265,3143.9033249989734,189775.12170500268,2066.948275862069
1781522195,20,,Aggregated,0.200000,0.000000,19000,25000,40000,61000,100000,176000,190000,217000,217000,217000,217000,59,0,19000,37595.42462137324,3143.9033249989734,216726.1920450037,2058.7457627118642
1781522196,20,,Aggregated,0.200000,0.000000,19000,25000,40000,61000,100000,176000,190000,217000,217000,217000,217000,59,0,19000,37595.42462137324,3143.9033249989734,216726.1920450037,2058.7457627118642
1781522197,20,,Aggregated,0.200000,0.000000,19000,25000,40000,61000,100000,176000,190000,217000,217000,217000,217000,59,0,19000,37595.42462137324,3143.9033249989734,216726.1920450037,2058.7457627118642
1781522198,20,,Aggregated,0.200000,0.000000,19000,25000,40000,61000,100000,176000,190000,217000,217000,217000,217000,59,0,19000,37595.42462137324,3143.9033249989734,216726.1920450037,2058.7457627118642
1781522199,20,,Aggregated,0.200000,0.000000,19000,25000,40000,61000,100000,176000,190000,217000,217000,217000,217000,59,0,19000,37595.42462137324,3143.9033249989734,216726.1920450037,2058.7457627118642
1781522200,20,,Aggregated,0.300000,0.000000,19000,25000,40000,61000,100000,176000,190000,217000,217000,217000,217000,60,0,18000,37081.85509628371,3143.9033249989734,216726.1920450037,2040.2333333333333
1781522201,20,,Aggregated,0.300000,0.000000,19000,25000,40000,61000,100000,176000,190000,217000,217000,217000,217000,60,0,18000,37081.85509628371,3143.9033249989734,216726.1920450037,2040.2333333333333
1781522202,20,,Aggregated,0.400000,0.000000,18000,25000,36000,58000,100000,147000,190000,217000,217000,217000,217000,61,0,18000,36631.2593870495,3143.9033249989734,216726.1920450037,2036.4918032786886
1781522203,20,,Aggregated,0.400000,0.000000,18000,25000,36000,58000,100000,147000,190000,217000,217000,217000,217000,61,0,18000,36631.2593870495,3143.9033249989734,216726.1920450037,2036.4918032786886
1781522204,20,,Aggregated,0.200000,0.000000,19000,25000,40000,61000,100000,176000,217000,228000,228000,228000,228000,62,0,18000,39724.564822226144,3143.9033249989734,228416.1963680017,2041.4354838709678
1781522205,20,,Aggregated,0.200000,0.000000,19000,25000,40000,61000,100000,176000,217000,228000,228000,228000,228000,62,0,18000,39724.564822226144,3143.9033249989734,228416.1963680017,2041.4354838709678
1781522206,20,,Aggregated,0.200000,0.000000,19000,25000,40000,61000,100000,176000,217000,228000,228000,228000,228000,62,0,18000,39724.564822226144,3143.9033249989734,228416.1963680017,2041.4354838709678
1781522207,20,,Aggregated,0.200000,0.000000,19000,25000,40000,61000,100000,176000,217000,228000,228000,228000,228000,62,0,18000,39724.564822226144,3143.9033249989734,228416.1963680017,2041.4354838709678
1781522208,20,,Aggregated,0.200000,0.000000,19000,25000,40000,61000,100000,176000,217000,228000,228000,228000,228000,62,0,18000,39724.564822226144,3143.9033249989734,228416.1963680017,2041.4354838709678
1781522209,20,,Aggregated,0.300000,0.000000,18000,25000,40000,61000,100000,176000,217000,228000,228000,228000,228000,63,0,18000,39277.011293063835,3143.9033249989734,228416.1963680017,2024.2063492063492
1781522210,20,,Aggregated,0.300000,0.000000,18000,25000,40000,61000,100000,176000,217000,228000,228000,228000,228000,63,0,18000,39277.011293063835,3143.9033249989734,228416.1963680017,2024.2063492063492
1781522211,20,,Aggregated,0.300000,0.000000,18000,25000,40000,61000,100000,176000,217000,228000,228000,228000,228000,63,0,18000,39277.011293063835,3143.9033249989734,228416.1963680017,2024.2063492063492
1781522212,20,,Aggregated,0.300000,0.000000,18000,25000,40000,61000,100000,176000,217000,228000,228000,228000,228000,63,0,18000,39277.011293063835,3143.9033249989734,228416.1963680017,2024.2063492063492
1781522213,20,,Aggregated,0.300000,0.000000,18000,25000,40000,61000,100000,176000,217000,228000,228000,228000,228000,63,0,18000,39277.011293063835,3143.9033249989734,228416.1963680017,2024.2063492063492
1781522214,20,,Aggregated,0.300000,0.000000,18000,25000,40000,61000,100000,176000,217000,228000,228000,228000,228000,64,0,18000,38847.20381428167,3143.9033249989734,228416.1963680017,2015.75
1781522215,20,,Aggregated,0.300000,0.000000,18000,25000,40000,61000,100000,176000,217000,228000,228000,228000,228000,64,0,18000,38847.20381428167,3143.9033249989734,228416.1963680017,2015.75
1781522216,20,,Aggregated,0.200000,0.000000,18000,25000,40000,64000,129000,190000,228000,247000,247000,247000,247000,65,0,18000,42043.8801749081,3143.9033249989734,246631.16725500004,2002.4153846153847
1781522217,20,,Aggregated,0.200000,0.000000,19000,25000,50000,64000,129000,190000,228000,247000,247000,247000,247000,66,0,18000,42466.1141277277,3143.9033249989734,246631.16725500004,2048.0757575757575
1781522218,20,,Aggregated,0.200000,0.000000,19000,26000,58000,65000,147000,217000,247000,250000,250000,250000,250000,67,0,19000,45565.169327672025,3143.9033249989734,250102.81252399727,2045.2238805970148
1781522219,20,,Aggregated,0.300000,0.000000,19000,26000,58000,67000,176000,228000,250000,250000,250000,250000,250000,69,0,19000,47905.98735973944,2751.1313180002617,250102.81252399727,2013.5652173913043
1781522220,20,,Aggregated,0.400000,0.000000,19000,26000,61000,67000,147000,228000,250000,250000,250000,250000,250000,71,0,19000,48342.713115859406,2751.1313180002617,250102.81252399727,2008.6338028169014
1781522221,20,,Aggregated,0.400000,0.000000,19000,26000,61000,67000,147000,228000,250000,250000,250000,250000,250000,71,0,19000,48342.713115859406,2751.1313180002617,250102.81252399727,2008.6338028169014
1781522222,20,,Aggregated,0.400000,0.000000,19000,26000,61000,67000,147000,228000,250000,250000,250000,250000,250000,71,0,19000,48342.713115859406,2751.1313180002617,250102.81252399727,2008.6338028169014
1781522223,20,,Aggregated,0.400000,0.000000,19000,26000,61000,67000,147000,228000,250000,250000,250000,250000,250000,71,0,19000,48342.713115859406,2751.1313180002617,250102.81252399727,2008.6338028169014
1781522224,20,,Aggregated,0.800000,0.000000,19000,32000,64000,70000,176000,243000,250000,250000,250000,250000,250000,72,0,19000,51050.67693998636,2751.1313180002617,250102.81252399727,2002.6944444444443
1781522225,20,,Aggregated,0.800000,0.000000,19000,32000,64000,70000,176000,243000,250000,250000,250000,250000,250000,72,0,19000,51050.67693998636,2751.1313180002617,250102.81252399727,2002.6944444444443
1781522226,20,,Aggregated,0.800000,0.000000,19000,32000,64000,70000,176000,243000,250000,250000,250000,250000,250000,72,0,19000,51050.67693998636,2751.1313180002617,250102.81252399727,2002.6944444444443
1781522227,20,,Aggregated,0.800000,0.000000,19000,32000,61000,70000,176000,243000,250000,250000,250000,250000,250000,73,0,19000,50464.17552594547,2751.1313180002617,250102.81252399727,1996.6986301369864
1781522228,20,,Aggregated,0.800000,0.000000,19000,26000,61000,70000,176000,243000,250000,250000,250000,250000,250000,74,0,18000,49892.179184716464,2751.1313180002617,250102.81252399727,1982.6081081081081
1781522229,20,,Aggregated,0.800000,0.000000,19000,26000,61000,70000,176000,243000,250000,250000,250000,250000,250000,74,0,18000,49892.179184716464,2751.1313180002617,250102.81252399727,1982.6081081081081
1781522230,20,,Aggregated,0.800000,0.000000,19000,26000,61000,70000,176000,243000,250000,250000,250000,250000,250000,74,0,18000,49892.179184716464,2751.1313180002617,250102.81252399727,1982.6081081081081
1781522231,20,,Aggregated,0.800000,0.000000,19000,26000,61000,70000,176000,243000,250000,250000,250000,250000,250000,74,0,18000,49892.179184716464,2751.1313180002617,250102.81252399727,1982.6081081081081
1781522232,20,,Aggregated,0.800000,0.000000,19000,26000,61000,70000,176000,243000,250000,250000,250000,250000,250000,74,0,18000,49892.179184716464,2751.1313180002617,250102.81252399727,1982.6081081081081
1781522233,20,,Aggregated,0.500000,0.000000,18000,26000,61000,70000,176000,243000,250000,250000,250000,250000,250000,75,0,18000,49394.53573512021,2751.1313180002617,250102.81252399727,1981.2
1781522234,20,,Aggregated,0.500000,0.000000,18000,26000,61000,70000,176000,243000,250000,250000,250000,250000,250000,75,0,18000,49394.53573512021,2751.1313180002617,250102.81252399727,1981.2
1781522235,20,,Aggregated,0.500000,0.000000,18000,26000,61000,70000,176000,243000,250000,250000,250000,250000,250000,75,0,18000,49394.53573512021,2751.1313180002617,250102.81252399727,1981.2
1781522236,20,,Aggregated,0.500000,0.000000,18000,26000,61000,70000,176000,243000,250000,250000,250000,250000,250000,75,0,18000,49394.53573512021,2751.1313180002617,250102.81252399727,1981.2
1781522237,20,,Aggregated,0.300000,0.000000,19000,32000,61000,67000,176000,243000,250000,250000,250000,250000,250000,76,0,18000,49166.57308006603,2751.1313180002617,250102.81252399727,2028.171052631579
1781522238,20,,Aggregated,0.300000,0.000000,19000,32000,61000,67000,176000,243000,250000,250000,250000,250000,250000,76,0,18000,49166.57308006603,2751.1313180002617,250102.81252399727,2028.171052631579
1781522239,20,,Aggregated,0.300000,0.000000,19000,32000,61000,67000,176000,243000,250000,250000,250000,250000,250000,76,0,18000,49166.57308006603,2751.1313180002617,250102.81252399727,2028.171052631579
1781522240,20,,Aggregated,0.300000,0.000000,18000,26000,58000,67000,176000,243000,250000,250000,250000,250000,250000,77,0,18000,48700.253586935316,2751.1313180002617,250102.81252399727,2033.6233766233765
1781522241,20,,Aggregated,0.300000,0.000000,19000,29000,58000,67000,176000,243000,250000,250000,250000,250000,250000,78,0,18000,48445.65460741051,2751.1313180002617,250102.81252399727,2072.551282051282
1781522242,20,,Aggregated,0.300000,0.000000,19000,29000,58000,67000,176000,243000,250000,250000,250000,250000,250000,78,0,18000,48445.65460741051,2751.1313180002617,250102.81252399727,2072.551282051282
1781522243,20,,Aggregated,0.300000,0.000000,19000,29000,58000,67000,176000,243000,250000,250000,250000,250000,250000,78,0,18000,48445.65460741051,2751.1313180002617,250102.81252399727,2072.551282051282
1781522244,20,,Aggregated,0.300000,0.000000,19000,29000,58000,67000,176000,243000,250000,250000,250000,250000,250000,78,0,18000,48445.65460741051,2751.1313180002617,250102.81252399727,2072.551282051282
1781522245,20,,Aggregated,0.300000,0.000000,19000,29000,58000,67000,176000,243000,250000,250000,250000,250000,250000,78,0,18000,48445.65460741051,2751.1313180002617,250102.81252399727,2072.551282051282
1781522246,20,,Aggregated,0.300000,0.000000,19000,29000,58000,67000,176000,243000,250000,250000,250000,250000,250000,78,0,18000,48445.65460741051,2751.1313180002617,250102.81252399727,2072.551282051282
1781522247,20,,Aggregated,0.300000,0.000000,19000,29000,58000,67000,176000,243000,250000,250000,250000,250000,250000,78,0,18000,48445.65460741051,2751.1313180002617,250102.81252399727,2072.551282051282
1781522248,20,,Aggregated,0.300000,0.000000,19000,29000,58000,67000,176000,243000,250000,250000,250000,250000,250000,78,0,18000,48445.65460741051,2751.1313180002617,250102.81252399727,2072.551282051282
1781522249,20,,Aggregated,0.300000,0.000000,19000,29000,58000,67000,176000,243000,250000,250000,250000,250000,250000,78,0,18000,48445.65460741051,2751.1313180002617,250102.81252399727,2072.551282051282
1781522250,20,,Aggregated,0.300000,0.000000,19000,29000,58000,67000,176000,243000,250000,250000,250000,250000,250000,78,0,18000,48445.65460741051,2751.1313180002617,250102.81252399727,2072.551282051282
1781522251,20,,Aggregated,0.300000,0.000000,19000,29000,58000,67000,176000,243000,250000,250000,250000,250000,250000,78,0,18000,48445.65460741051,2751.1313180002617,250102.81252399727,2072.551282051282
1781522252,20,,Aggregated,0.300000,0.000000,19000,29000,58000,67000,176000,243000,250000,250000,250000,250000,250000,78,0,18000,48445.65460741051,2751.1313180002617,250102.81252399727,2072.551282051282
1781522253,20,,Aggregated,0.000000,0.000000,18000,29000,58000,67000,176000,243000,250000,250000,250000,250000,250000,79,0,18000,47969.20177353191,2751.1313180002617,250102.81252399727,2058.5696202531644
1781522254,20,,Aggregated,0.000000,0.000000,18000,29000,58000,67000,176000,243000,250000,250000,250000,250000,250000,79,0,18000,47969.20177353191,2751.1313180002617,250102.81252399727,2058.5696202531644
1781522255,20,,Aggregated,0.000000,0.000000,18000,29000,58000,67000,176000,243000,250000,250000,250000,250000,250000,79,0,18000,47969.20177353191,2751.1313180002617,250102.81252399727,2058.5696202531644
1781522256,20,,Aggregated,0.000000,0.000000,18000,29000,58000,67000,176000,243000,250000,250000,250000,250000,250000,79,0,18000,47969.20177353191,2751.1313180002617,250102.81252399727,2058.5696202531644
1781522258,20,,Aggregated,0.000000,0.000000,18000,29000,58000,67000,176000,243000,250000,250000,250000,250000,250000,79,0,18000,47969.20177353191,2751.1313180002617,250102.81252399727,2058.5696202531644
1781522259,20,,Aggregated,0.000000,0.000000,18000,29000,58000,67000,176000,243000,250000,250000,250000,250000,250000,79,0,18000,47969.20177353191,2751.1313180002617,250102.81252399727,2058.5696202531644
1781522260,20,,Aggregated,0.100000,0.000000,19000,32000,61000,70000,190000,247000,290000,291000,291000,291000,291000,81,0,19000,53950.43861801269,2751.1313180002617,290521.1901790026,2034.20987654321
1781522261,20,,Aggregated,0.100000,0.000000,19000,32000,61000,70000,190000,247000,290000,291000,291000,291000,291000,81,0,19000,53950.43861801269,2751.1313180002617,290521.1901790026,2034.20987654321
1781522262,20,,Aggregated,0.100000,0.000000,19000,32000,61000,70000,190000,247000,290000,291000,291000,291000,291000,81,0,19000,53950.43861801269,2751.1313180002617,290521.1901790026,2034.20987654321
1781522263,20,,Aggregated,0.100000,0.000000,19000,32000,61000,70000,190000,247000,290000,291000,291000,291000,291000,81,0,19000,53950.43861801269,2751.1313180002617,290521.1901790026,2034.20987654321
1781522264,20,,Aggregated,0.100000,0.000000,19000,32000,61000,70000,190000,247000,290000,291000,291000,291000,291000,81,0,19000,53950.43861801269,2751.1313180002617,290521.1901790026,2034.20987654321
1781522265,20,,Aggregated,0.100000,0.000000,19000,32000,61000,70000,190000,247000,290000,291000,291000,291000,291000,81,0,19000,53950.43861801269,2751.1313180002617,290521.1901790026,2034.20987654321
1781522266,20,,Aggregated,0.100000,0.000000,19000,32000,61000,70000,190000,247000,290000,291000,291000,291000,291000,81,0,19000,53950.43861801269,2751.1313180002617,290521.1901790026,2034.20987654321
1781522267,20,,Aggregated,0.100000,0.000000,19000,32000,61000,70000,190000,247000,290000,291000,291000,291000,291000,81,0,19000,53950.43861801269,2751.1313180002617,290521.1901790026,2034.20987654321
1781522268,20,,Aggregated,0.200000,0.000000,19000,32000,61000,70000,190000,247000,290000,291000,291000,291000,291000,82,0,18000,53423.71421413448,2751.1313180002617,290521.1901790026,2030.8658536585365
1781522269,20,,Aggregated,0.200000,0.000000,19000,32000,61000,70000,190000,247000,290000,291000,291000,291000,291000,82,0,18000,53423.71421413448,2751.1313180002617,290521.1901790026,2030.8658536585365
1781522270,20,,Aggregated,0.200000,0.000000,19000,32000,61000,70000,190000,247000,290000,291000,291000,291000,291000,82,0,18000,53423.71421413448,2751.1313180002617,290521.1901790026,2030.8658536585365
1781522271,20,,Aggregated,0.300000,0.000000,19000,32000,64000,82000,190000,247000,290000,291000,291000,291000,291000,83,0,19000,54106.494635229246,2751.1313180002617,290521.1901790026,2019.4698795180723
1781522272,20,,Aggregated,0.300000,0.000000,19000,32000,64000,82000,190000,247000,290000,291000,291000,291000,291000,84,0,18000,53567.81013121457,2751.1313180002617,290521.1901790026,2008.5833333333333
1781522273,20,,Aggregated,0.300000,0.000000,19000,32000,64000,82000,190000,247000,290000,291000,291000,291000,291000,84,0,18000,53567.81013121457,2751.1313180002617,290521.1901790026,2008.5833333333333
1781522274,20,,Aggregated,0.300000,0.000000,19000,32000,64000,82000,190000,247000,290000,291000,291000,291000,291000,84,0,18000,53567.81013121457,2751.1313180002617,290521.1901790026,2008.5833333333333
1781522275,20,,Aggregated,0.300000,0.000000,19000,32000,64000,82000,190000,247000,290000,291000,291000,291000,291000,84,0,18000,53567.81013121457,2751.1313180002617,290521.1901790026,2008.5833333333333
1781522276,20,,Aggregated,0.300000,0.000000,19000,32000,64000,82000,190000,247000,290000,291000,291000,291000,291000,84,0,18000,53567.81013121457,2751.1313180002617,290521.1901790026,2008.5833333333333
1781522277,20,,Aggregated,0.300000,0.000000,19000,32000,61000,82000,190000,247000,290000,291000,291000,291000,291000,85,0,19000,53496.59980625909,2751.1313180002617,290521.1901790026,1998.0470588235294
1781522278,20,,Aggregated,0.300000,0.000000,19000,32000,61000,70000,190000,247000,290000,291000,291000,291000,291000,86,0,19000,53514.31926781422,2751.1313180002617,290521.1901790026,1995.9418604651162
1781522279,20,,Aggregated,0.300000,0.000000,19000,32000,61000,70000,190000,247000,290000,291000,291000,291000,291000,86,0,19000,53514.31926781422,2751.1313180002617,290521.1901790026,1995.9418604651162
1781522280,20,,Aggregated,0.300000,0.000000,19000,32000,61000,70000,190000,247000,290000,291000,291000,291000,291000,86,0,19000,53514.31926781422,2751.1313180002617,290521.1901790026,1995.9418604651162
1781522281,20,,Aggregated,0.300000,0.000000,19000,32000,61000,70000,190000,247000,290000,291000,291000,291000,291000,86,0,19000,53514.31926781422,2751.1313180002617,290521.1901790026,1995.9418604651162
1781522282,20,,Aggregated,0.300000,0.000000,19000,32000,61000,70000,190000,247000,290000,291000,291000,291000,291000,86,0,19000,53514.31926781422,2751.1313180002617,290521.1901790026,1995.9418604651162
1781522283,20,,Aggregated,0.400000,0.000000,19000,32000,61000,70000,190000,247000,290000,291000,291000,291000,291000,87,0,19000,53014.57324701178,2751.1313180002617,290521.1901790026,1985.4942528735633
1781522284,20,,Aggregated,0.200000,0.000000,19000,36000,65000,100000,190000,250000,291000,297000,297000,297000,297000,91,0,19000,57025.69997118713,2751.1313180002617,296938.0054709982,2025.8461538461538
1781522285,20,,Aggregated,0.200000,0.000000,19000,36000,65000,100000,190000,250000,291000,297000,297000,297000,297000,91,0,19000,57025.69997118713,2751.1313180002617,296938.0054709982,2025.8461538461538
1781522286,20,,Aggregated,0.200000,0.000000,19000,36000,65000,100000,190000,250000,291000,297000,297000,297000,297000,91,0,19000,57025.69997118713,2751.1313180002617,296938.0054709982,2025.8461538461538
1781522287,20,,Aggregated,0.200000,0.000000,19000,36000,65000,100000,190000,250000,291000,297000,297000,297000,297000,91,0,19000,57025.69997118713,2751.1313180002617,296938.0054709982,2025.8461538461538
1781522288,20,,Aggregated,0.700000,0.000000,19000,34000,65000,100000,190000,250000,291000,297000,297000,297000,297000,92,0,19000,56566.62388717427,2751.1313180002617,296938.0054709982,2029.7826086956522
1781522289,20,,Aggregated,0.700000,0.000000,19000,36000,64000,100000,190000,250000,291000,297000,297000,297000,297000,93,0,19000,56483.618026559474,2751.1313180002617,296938.0054709982,2024.3763440860216
1781522290,20,,Aggregated,0.700000,0.000000,19000,36000,64000,100000,190000,250000,291000,297000,297000,297000,297000,93,0,19000,56483.618026559474,2751.1313180002617,296938.0054709982,2024.3763440860216
1781522291,20,,Aggregated,0.700000,0.000000,19000,36000,64000,100000,190000,250000,291000,297000,297000,297000,297000,93,0,19000,56483.618026559474,2751.1313180002617,296938.0054709982,2024.3763440860216
1781522292,20,,Aggregated,0.700000,0.000000,19000,36000,64000,100000,190000,250000,291000,297000,297000,297000,297000,93,0,19000,56483.618026559474,2751.1313180002617,296938.0054709982,2024.3763440860216
1781522293,20,,Aggregated,0.700000,0.000000,19000,36000,64000,100000,190000,250000,291000,297000,297000,297000,297000,93,0,19000,56483.618026559474,2751.1313180002617,296938.0054709982,2024.3763440860216
1781522294,20,,Aggregated,0.700000,0.000000,19000,34000,64000,100000,190000,250000,291000,297000,297000,297000,297000,95,0,19000,55492.19836669502,2751.1313180002617,296938.0054709982,2012.6
1781522295,20,,Aggregated,0.700000,0.000000,19000,34000,64000,100000,190000,250000,291000,297000,297000,297000,297000,95,0,19000,55492.19836669502,2751.1313180002617,296938.0054709982,2012.6
1781522296,20,,Aggregated,0.700000,0.000000,19000,34000,64000,100000,190000,250000,291000,297000,297000,297000,297000,95,0,19000,55492.19836669502,2751.1313180002617,296938.0054709982,2012.6
1781522297,20,,Aggregated,0.600000,0.000000,19000,34000,64000,82000,190000,250000,291000,297000,297000,297000,297000,96,0,18000,55096.98195879196,2751.1313180002617,296938.0054709982,2019.5208333333333
1781522298,20,,Aggregated,0.600000,0.000000,19000,34000,64000,82000,190000,250000,291000,297000,297000,297000,297000,96,0,18000,55096.98195879196,2751.1313180002617,296938.0054709982,2019.5208333333333
1781522299,20,,Aggregated,0.400000,0.000000,19000,34000,61000,82000,190000,250000,291000,297000,297000,297000,297000,97,0,19000,54725.9531063405,2751.1313180002617,296938.0054709982,2029.5463917525774
1781522300,20,,Aggregated,0.400000,0.000000,19000,34000,61000,82000,190000,250000,291000,297000,297000,297000,297000,97,0,19000,54725.9531063405,2751.1313180002617,296938.0054709982,2029.5463917525774
1781522301,20,,Aggregated,0.400000,0.000000,19000,34000,61000,82000,190000,250000,291000,297000,297000,297000,297000,97,0,19000,54725.9531063405,2751.1313180002617,296938.0054709982,2029.5463917525774
1781522302,20,,Aggregated,0.400000,0.000000,19000,34000,61000,82000,190000,250000,291000,297000,297000,297000,297000,97,0,19000,54725.9531063405,2751.1313180002617,296938.0054709982,2029.5463917525774
1781522303,20,,Aggregated,0.400000,0.000000,19000,34000,61000,82000,190000,250000,291000,297000,297000,297000,297000,97,0,19000,54725.9531063405,2751.1313180002617,296938.0054709982,2029.5463917525774
1781522304,20,,Aggregated,0.400000,0.000000,19000,34000,61000,82000,190000,250000,291000,297000,297000,297000,297000,97,0,19000,54725.9531063405,2751.1313180002617,296938.0054709982,2029.5463917525774
1781522305,20,,Aggregated,0.400000,0.000000,19000,34000,61000,82000,190000,250000,291000,297000,297000,297000,297000,97,0,19000,54725.9531063405,2751.1313180002617,296938.0054709982,2029.5463917525774
1781522306,20,,Aggregated,0.400000,0.000000,19000,34000,61000,82000,190000,250000,291000,297000,297000,297000,297000,97,0,19000,54725.9531063405,2751.1313180002617,296938.0054709982,2029.5463917525774
1781522307,20,,Aggregated,0.400000,0.000000,19000,34000,61000,82000,190000,250000,291000,297000,297000,297000,297000,97,0,19000,54725.9531063405,2751.1313180002617,296938.0054709982,2029.5463917525774
1781522308,20,,Aggregated,0.400000,0.000000,19000,34000,61000,82000,190000,250000,291000,297000,297000,297000,297000,97,0,19000,54725.9531063405,2751.1313180002617,296938.0054709982,2029.5463917525774
1781522309,20,,Aggregated,0.200000,0.000000,19000,32000,61000,82000,190000,250000,291000,297000,297000,297000,297000,98,0,19000,54394.23590024516,2751.1313180002617,296938.0054709982,2044.4795918367347
1781522310,20,,Aggregated,0.200000,0.000000,19000,32000,61000,82000,190000,250000,291000,297000,297000,297000,297000,98,0,19000,54394.23590024516,2751.1313180002617,296938.0054709982,2044.4795918367347
1781522311,20,,Aggregated,0.200000,0.000000,19000,32000,61000,82000,190000,250000,291000,297000,297000,297000,297000,98,0,19000,54394.23590024516,2751.1313180002617,296938.0054709982,2044.4795918367347
1781522312,20,,Aggregated,0.200000,0.000000,19000,32000,61000,82000,190000,250000,291000,297000,297000,297000,297000,98,0,19000,54394.23590024516,2751.1313180002617,296938.0054709982,2044.4795918367347
1781522313,20,,Aggregated,0.200000,0.000000,19000,32000,61000,82000,190000,250000,291000,297000,297000,297000,297000,98,0,19000,54394.23590024516,2751.1313180002617,296938.0054709982,2044.4795918367347
1781522314,20,,Aggregated,0.200000,0.000000,19000,32000,61000,82000,190000,250000,291000,297000,297000,297000,297000,98,0,19000,54394.23590024516,2751.1313180002617,296938.0054709982,2044.4795918367347
1781522315,20,,Aggregated,0.200000,0.000000,19000,32000,61000,82000,190000,250000,291000,297000,297000,297000,297000,98,0,19000,54394.23590024516,2751.1313180002617,296938.0054709982,2044.4795918367347
1781522316,20,,Aggregated,0.200000,0.000000,19000,32000,61000,82000,190000,250000,291000,297000,297000,297000,297000,98,0,19000,54394.23590024516,2751.1313180002617,296938.0054709982,2044.4795918367347
1781522317,20,,Aggregated,0.200000,0.000000,19000,32000,61000,82000,190000,250000,291000,297000,297000,297000,297000,98,0,19000,54394.23590024516,2751.1313180002617,296938.0054709982,2044.4795918367347
1781522318,20,,Aggregated,0.200000,0.000000,19000,32000,61000,82000,190000,250000,291000,297000,297000,297000,297000,98,0,19000,54394.23590024516,2751.1313180002617,296938.0054709982,2044.4795918367347
1781522319,20,,Aggregated,0.200000,0.000000,19000,32000,61000,82000,190000,250000,291000,297000,297000,297000,297000,98,0,19000,54394.23590024516,2751.1313180002617,296938.0054709982,2044.4795918367347
1781522320,20,,Aggregated,0.200000,0.000000,19000,32000,61000,82000,190000,250000,291000,297000,297000,297000,297000,98,0,19000,54394.23590024516,2751.1313180002617,296938.0054709982,2044.4795918367347
1781522321,20,,Aggregated,0.200000,0.000000,19000,32000,61000,82000,190000,250000,291000,297000,297000,297000,297000,98,0,19000,54394.23590024516,2751.1313180002617,296938.0054709982,2044.4795918367347
1781522322,20,,Aggregated,0.200000,0.000000,19000,32000,61000,82000,190000,250000,291000,297000,297000,297000,297000,98,0,19000,54394.23590024516,2751.1313180002617,296938.0054709982,2044.4795918367347
1781522323,20,,Aggregated,0.200000,0.000000,19000,32000,61000,82000,190000,250000,291000,297000,297000,297000,297000,98,0,19000,54394.23590024516,2751.1313180002617,296938.0054709982,2044.4795918367347
1781522324,20,,Aggregated,0.200000,0.000000,19000,32000,61000,82000,190000,250000,291000,297000,297000,297000,297000,98,0,19000,54394.23590024516,2751.1313180002617,296938.0054709982,2044.4795918367347
1781522325,20,,Aggregated,0.200000,0.000000,19000,32000,61000,82000,190000,250000,291000,297000,297000,297000,297000,98,0,19000,54394.23590024516,2751.1313180002617,296938.0054709982,2044.4795918367347
1781522326,20,,Aggregated,0.200000,0.000000,19000,32000,61000,82000,190000,250000,291000,297000,297000,297000,297000,98,0,19000,54394.23590024516,2751.1313180002617,296938.0054709982,2044.4795918367347
1781522327,20,,Aggregated,0.200000,0.000000,19000,32000,61000,82000,190000,250000,291000,297000,297000,297000,297000,98,0,19000,54394.23590024516,2751.1313180002617,296938.0054709982,2044.4795918367347
1781522328,20,,Aggregated,0.200000,0.000000,19000,32000,61000,82000,190000,250000,291000,297000,297000,297000,297000,98,0,19000,54394.23590024516,2751.1313180002617,296938.0054709982,2044.4795918367347
1781522329,20,,Aggregated,0.000000,0.000000,19000,32000,61000,82000,190000,250000,291000,297000,297000,297000,297000,99,0,19000,54037.82027602045,2751.1313180002617,296938.0054709982,2051.5050505050503
1781522330,20,,Aggregated,0.000000,0.000000,19000,32000,61000,82000,190000,250000,291000,297000,297000,297000,297000,99,0,19000,54037.82027602045,2751.1313180002617,296938.0054709982,2051.5050505050503
1781522331,20,,Aggregated,0.000000,0.000000,19000,32000,61000,82000,190000,250000,291000,297000,297000,297000,297000,99,0,19000,54037.82027602045,2751.1313180002617,296938.0054709982,2051.5050505050503
1781522332,20,,Aggregated,0.000000,0.000000,19000,32000,61000,82000,190000,250000,291000,297000,297000,297000,297000,99,0,19000,54037.82027602045,2751.1313180002617,296938.0054709982,2051.5050505050503
1781522333,20,,Aggregated,0.000000,0.000000,19000,32000,61000,82000,190000,250000,291000,297000,297000,297000,297000,99,0,19000,54037.82027602045,2751.1313180002617,296938.0054709982,2051.5050505050503
1781522334,20,,Aggregated,0.000000,0.000000,19000,32000,61000,82000,190000,250000,291000,297000,297000,297000,297000,99,0,19000,54037.82027602045,2751.1313180002617,296938.0054709982,2051.5050505050503
1781522335,20,,Aggregated,0.100000,0.000000,19000,34000,61000,82000,190000,250000,291000,297000,297000,297000,297000,100,0,19000,53988.686191250235,2751.1313180002617,296938.0054709982,2067.36
1781522336,20,,Aggregated,0.100000,0.000000,19000,34000,61000,82000,190000,250000,291000,297000,297000,297000,297000,100,0,19000,53988.686191250235,2751.1313180002617,296938.0054709982,2067.36
1781522337,20,,Aggregated,0.100000,0.000000,19000,32000,58000,70000,176000,247000,290000,291000,297000,297000,297000,101,0,19000,53517.33674831708,2751.1313180002617,296938.0054709982,2056.207920792079
1781522338,20,,Aggregated,0.100000,0.000000,19000,32000,58000,70000,176000,247000,290000,291000,297000,297000,297000,101,0,19000,53517.33674831708,2751.1313180002617,296938.0054709982,2056.207920792079
1781522339,20,,Aggregated,0.100000,0.000000,19000,32000,58000,70000,176000,247000,290000,291000,297000,297000,297000,101,0,19000,53517.33674831708,2751.1313180002617,296938.0054709982,2056.207920792079
1781522340,20,,Aggregated,0.300000,0.000000,19000,34000,61000,82000,176000,247000,290000,291000,297000,297000,297000,102,0,19000,54018.7907123434,2751.1313180002617,296938.0054709982,2046.5098039215686
1781522341,20,,Aggregated,0.300000,0.000000,19000,34000,61000,82000,176000,247000,290000,291000,297000,297000,297000,102,0,19000,54018.7907123434,2751.1313180002617,296938.0054709982,2046.5098039215686
1781522342,20,,Aggregated,0.300000,0.000000,19000,34000,61000,82000,176000,247000,290000,291000,297000,297000,297000,102,0,19000,54018.7907123434,2751.1313180002617,296938.0054709982,2046.5098039215686
1781522343,20,,Aggregated,0.200000,0.000000,19000,32000,61000,82000,176000,247000,290000,291000,297000,297000,297000,103,0,19000,53557.369753767256,2751.1313180002617,296938.0054709982,2037.6407766990292
1781522344,20,,Aggregated,0.300000,0.000000,19000,34000,61000,100000,190000,247000,290000,291000,297000,297000,297000,105,0,19000,54478.32598927641,2751.1313180002617,296938.0054709982,2039.009523809524
1781522345,20,,Aggregated,0.300000,0.000000,19000,34000,61000,100000,190000,247000,290000,291000,297000,297000,297000,105,0,19000,54478.32598927641,2751.1313180002617,296938.0054709982,2039.009523809524
1781522346,20,,Aggregated,0.500000,0.000000,19000,32000,61000,82000,190000,247000,290000,291000,297000,297000,297000,106,0,19000,54009.49673624549,2751.1313180002617,296938.0054709982,2028.5943396226414
1781522347,20,,Aggregated,0.500000,0.000000,19000,32000,61000,82000,190000,247000,290000,291000,297000,297000,297000,106,0,19000,54009.49673624549,2751.1313180002617,296938.0054709982,2028.5943396226414
1781522348,20,,Aggregated,0.500000,0.000000,19000,32000,61000,82000,190000,247000,290000,291000,297000,297000,297000,106,0,19000,54009.49673624549,2751.1313180002617,296938.0054709982,2028.5943396226414
1781522349,20,,Aggregated,0.500000,0.000000,19000,32000,61000,82000,190000,247000,290000,291000,297000,297000,297000,106,0,19000,54009.49673624549,2751.1313180002617,296938.0054709982,2028.5943396226414
1781522350,20,,Aggregated,0.500000,0.000000,19000,32000,61000,82000,190000,247000,290000,291000,297000,297000,297000,106,0,19000,54009.49673624549,2751.1313180002617,296938.0054709982,2028.5943396226414
1781522351,20,,Aggregated,0.500000,0.000000,19000,32000,61000,82000,190000,247000,290000,291000,297000,297000,297000,106,0,19000,54009.49673624549,2751.1313180002617,296938.0054709982,2028.5943396226414
1781522352,20,,Aggregated,0.500000,0.000000,19000,32000,61000,82000,190000,247000,290000,291000,297000,297000,297000,106,0,19000,54009.49673624549,2751.1313180002617,296938.0054709982,2028.5943396226414
1781522353,20,,Aggregated,0.500000,0.000000,19000,32000,61000,82000,190000,247000,290000,291000,297000,297000,297000,106,0,19000,54009.49673624549,2751.1313180002617,296938.0054709982,2028.5943396226414
1781522354,20,,Aggregated,0.500000,0.000000,19000,32000,61000,82000,190000,247000,290000,291000,297000,297000,297000,106,0,19000,54009.49673624549,2751.1313180002617,296938.0054709982,2028.5943396226414
1781522355,20,,Aggregated,0.500000,0.000000,19000,32000,61000,82000,190000,247000,290000,291000,297000,297000,297000,106,0,19000,54009.49673624549,2751.1313180002617,296938.0054709982,2028.5943396226414
1781522356,20,,Aggregated,0.500000,0.000000,19000,32000,61000,82000,190000,247000,290000,291000,297000,297000,297000,106,0,19000,54009.49673624549,2751.1313180002617,296938.0054709982,2028.5943396226414
1781522357,20,,Aggregated,0.500000,0.000000,19000,32000,61000,82000,190000,247000,290000,291000,297000,297000,297000,106,0,19000,54009.49673624549,2751.1313180002617,296938.0054709982,2028.5943396226414
1781522358,20,,Aggregated,0.500000,0.000000,19000,32000,61000,82000,190000,247000,290000,291000,297000,297000,297000,106,0,19000,54009.49673624549,2751.1313180002617,296938.0054709982,2028.5943396226414
1781522359,20,,Aggregated,0.100000,0.000000,19000,32000,61000,82000,190000,247000,290000,291000,297000,297000,297000,107,0,19000,53614.17675843009,2751.1313180002617,296938.0054709982,2025.196261682243
1781522360,20,,Aggregated,0.100000,0.000000,19000,32000,61000,82000,190000,247000,290000,291000,297000,297000,297000,107,0,19000,53614.17675843009,2751.1313180002617,296938.0054709982,2025.196261682243
1781522361,20,,Aggregated,0.000000,0.000000,19000,32000,61000,82000,190000,247000,290000,291000,297000,297000,297000,108,0,18000,53269.685231972384,2751.1313180002617,296938.0054709982,2027.4537037037037
1781522362,20,,Aggregated,0.000000,0.000000,19000,32000,61000,82000,190000,247000,290000,291000,297000,297000,297000,108,0,18000,53269.685231972384,2751.1313180002617,296938.0054709982,2027.4537037037037
1781522363,20,,Aggregated,0.000000,0.000000,19000,32000,61000,82000,190000,247000,290000,291000,297000,297000,297000,108,0,18000,53269.685231972384,2751.1313180002617,296938.0054709982,2027.4537037037037
1781522364,20,,Aggregated,0.000000,0.000000,19000,32000,61000,82000,190000,247000,290000,291000,297000,297000,297000,108,0,18000,53269.685231972384,2751.1313180002617,296938.0054709982,2027.4537037037037
1781522365,20,,Aggregated,0.000000,0.000000,19000,32000,61000,82000,190000,247000,290000,291000,297000,297000,297000,108,0,18000,53269.685231972384,2751.1313180002617,296938.0054709982,2027.4537037037037
1781522366,20,,Aggregated,0.200000,0.000000,19000,32000,61000,100000,190000,247000,290000,291000,297000,297000,297000,109,0,19000,54105.223080376294,2751.1313180002617,296938.0054709982,2047.7798165137615
1781522367,20,,Aggregated,0.200000,0.000000,19000,32000,61000,100000,190000,247000,290000,291000,297000,297000,297000,110,0,18000,53665.61312526378,2751.1313180002617,296938.0054709982,2041.0727272727272
1781522368,20,,Aggregated,0.200000,0.000000,19000,32000,61000,100000,190000,247000,290000,291000,297000,297000,297000,110,0,18000,53665.61312526378,2751.1313180002617,296938.0054709982,2041.0727272727272
1781522369,20,,Aggregated,0.400000,0.000000,19000,32000,61000,82000,176000,247000,290000,291000,297000,297000,297000,111,0,19000,53360.38864366685,2751.1313180002617,296938.0054709982,2050.711711711712
1781522370,20,,Aggregated,0.400000,0.000000,19000,32000,61000,82000,176000,247000,290000,291000,297000,297000,297000,111,0,19000,53360.38864366685,2751.1313180002617,296938.0054709982,2050.711711711712
1781522371,20,,Aggregated,0.300000,0.000000,19000,32000,61000,82000,176000,247000,290000,291000,297000,297000,297000,112,0,19000,53116.87442961621,2751.1313180002617,296938.0054709982,2075.5714285714284
1781522372,20,,Aggregated,0.300000,0.000000,19000,32000,61000,82000,176000,247000,290000,291000,297000,297000,297000,112,0,19000,53116.87442961621,2751.1313180002617,296938.0054709982,2075.5714285714284
1781522373,20,,Aggregated,0.300000,0.000000,19000,32000,61000,82000,176000,247000,290000,291000,297000,297000,297000,112,0,19000,53116.87442961621,2751.1313180002617,296938.0054709982,2075.5714285714284
1781522374,20,,Aggregated,0.300000,0.000000,19000,32000,61000,82000,176000,247000,290000,291000,297000,297000,297000,112,0,19000,53116.87442961621,2751.1313180002617,296938.0054709982,2075.5714285714284
1781522375,20,,Aggregated,0.400000,0.000000,19000,32000,58000,82000,176000,247000,290000,291000,297000,297000,297000,113,0,19000,52683.46412562842,2751.1313180002617,296938.0054709982,2065.5398230088495
1781522376,20,,Aggregated,0.400000,0.000000,19000,32000,58000,82000,176000,247000,290000,291000,297000,297000,297000,113,0,19000,52683.46412562842,2751.1313180002617,296938.0054709982,2065.5398230088495
1781522377,20,,Aggregated,0.400000,0.000000,19000,32000,58000,82000,176000,247000,290000,291000,297000,297000,297000,113,0,19000,52683.46412562842,2751.1313180002617,296938.0054709982,2065.5398230088495
1781522378,20,,Aggregated,0.400000,0.000000,19000,32000,58000,82000,176000,247000,290000,291000,297000,297000,297000,113,0,19000,52683.46412562842,2751.1313180002617,296938.0054709982,2065.5398230088495
1781522379,20,,Aggregated,0.400000,0.000000,19000,32000,58000,82000,176000,247000,290000,291000,297000,297000,297000,113,0,19000,52683.46412562842,2751.1313180002617,296938.0054709982,2065.5398230088495
1781522380,20,,Aggregated,0.400000,0.000000,19000,32000,58000,82000,176000,247000,290000,291000,297000,297000,297000,113,0,19000,52683.46412562842,2751.1313180002617,296938.0054709982,2065.5398230088495
1781522381,20,,Aggregated,0.300000,0.000000,19000,32000,58000,82000,176000,247000,290000,291000,297000,297000,297000,114,0,19000,52384.91432163165,2751.1313180002617,296938.0054709982,2075.964912280702
1781522382,20,,Aggregated,0.300000,0.000000,19000,32000,58000,82000,176000,247000,290000,291000,297000,297000,297000,114,0,19000,52384.91432163165,2751.1313180002617,296938.0054709982,2075.964912280702
1781522383,20,,Aggregated,0.200000,0.000000,19000,29000,58000,82000,176000,247000,290000,291000,297000,297000,297000,115,0,19000,52010.16302179139,2751.1313180002617,296938.0054709982,2069.6434782608694
1781522384,20,,Aggregated,0.200000,0.000000,19000,29000,58000,82000,176000,247000,290000,291000,297000,297000,297000,115,0,19000,52010.16302179139,2751.1313180002617,296938.0054709982,2069.6434782608694
1781522385,20,,Aggregated,0.200000,0.000000,19000,29000,58000,82000,176000,247000,290000,291000,297000,297000,297000,115,0,19000,52010.16302179139,2751.1313180002617,296938.0054709982,2069.6434782608694
1781522386,20,,Aggregated,0.300000,0.000000,18000,29000,55000,70000,176000,247000,290000,291000,297000,297000,297000,117,0,18000,51407.04661674371,2751.1313180002617,296938.0054709982,2082.940170940171
1781522387,20,,Aggregated,0.300000,0.000000,18000,29000,55000,70000,176000,247000,290000,291000,297000,297000,297000,117,0,18000,51407.04661674371,2751.1313180002617,296938.0054709982,2082.940170940171
1781522388,20,,Aggregated,0.300000,0.000000,18000,29000,55000,70000,176000,247000,290000,291000,297000,297000,297000,117,0,18000,51407.04661674371,2751.1313180002617,296938.0054709982,2082.940170940171
1781522389,20,,Aggregated,0.400000,0.000000,19000,29000,58000,82000,176000,247000,290000,291000,297000,297000,297000,118,0,18000,52057.48863547472,2751.1313180002617,296938.0054709982,2087.35593220339
1781522390,20,,Aggregated,0.400000,0.000000,18000,29000,58000,82000,176000,247000,290000,291000,297000,297000,297000,119,0,18000,51664.620140823674,2751.1313180002617,296938.0054709982,2078.840336134454
1781522391,20,,Aggregated,0.400000,0.000000,18000,29000,58000,82000,176000,247000,290000,291000,297000,297000,297000,119,0,18000,51664.620140823674,2751.1313180002617,296938.0054709982,2078.840336134454
1781522392,20,,Aggregated,0.400000,0.000000,18000,29000,58000,82000,176000,247000,290000,291000,297000,297000,297000,119,0,18000,51664.620140823674,2751.1313180002617,296938.0054709982,2078.840336134454
1781522393,20,,Aggregated,0.400000,0.000000,18000,29000,58000,82000,176000,247000,290000,291000,297000,297000,297000,119,0,18000,51664.620140823674,2751.1313180002617,296938.0054709982,2078.840336134454
1781522394,20,,Aggregated,0.400000,0.000000,18000,29000,58000,82000,176000,247000,290000,291000,297000,297000,297000,119,0,18000,51664.620140823674,2751.1313180002617,296938.0054709982,2078.840336134454
1781522395,20,,Aggregated,0.400000,0.000000,18000,29000,58000,82000,176000,247000,290000,291000,297000,297000,297000,120,0,18000,51336.61870289179,2751.1313180002617,296938.0054709982,2069.483333333333
1781522396,20,,Aggregated,0.400000,0.000000,18000,29000,58000,82000,176000,247000,290000,291000,297000,297000,297000,120,0,18000,51336.61870289179,2751.1313180002617,296938.0054709982,2069.483333333333
1781522397,20,,Aggregated,0.400000,0.000000,18000,29000,58000,82000,176000,247000,290000,291000,297000,297000,297000,120,0,18000,51336.61870289179,2751.1313180002617,296938.0054709982,2069.483333333333
1781522398,20,,Aggregated,0.400000,0.000000,18000,29000,58000,82000,176000,247000,290000,291000,297000,297000,297000,120,0,18000,51336.61870289179,2751.1313180002617,296938.0054709982,2069.483333333333
1781522399,20,,Aggregated,0.400000,0.000000,18000,29000,58000,82000,176000,247000,290000,291000,297000,297000,297000,120,0,18000,51336.61870289179,2751.1313180002617,296938.0054709982,2069.483333333333
1781522400,20,,Aggregated,0.400000,0.000000,18000,29000,58000,82000,176000,247000,290000,291000,297000,297000,297000,120,0,18000,51336.61870289179,2751.1313180002617,296938.0054709982,2069.483333333333
1781522401,20,,Aggregated,0.300000,0.000000,18000,26000,55000,70000,147000,243000,290000,291000,297000,297000,297000,121,0,18000,51099.57583152079,2751.1313180002617,296938.0054709982,2085.7685950413224
1781522402,20,,Aggregated,0.300000,0.000000,18000,26000,55000,70000,147000,243000,290000,291000,297000,297000,297000,121,0,18000,51099.57583152079,2751.1313180002617,296938.0054709982,2085.7685950413224
1781522403,20,,Aggregated,0.300000,0.000000,18000,26000,55000,70000,147000,243000,290000,291000,297000,297000,297000,121,0,18000,51099.57583152079,2751.1313180002617,296938.0054709982,2085.7685950413224
1781522404,20,,Aggregated,0.300000,0.000000,18000,26000,55000,70000,147000,243000,290000,291000,297000,297000,297000,121,0,18000,51099.57583152079,2751.1313180002617,296938.0054709982,2085.7685950413224
1781522405,20,,Aggregated,0.300000,0.000000,18000,26000,55000,70000,147000,243000,290000,291000,297000,297000,297000,121,0,18000,51099.57583152079,2751.1313180002617,296938.0054709982,2085.7685950413224
1781522406,20,,Aggregated,0.300000,0.000000,18000,26000,55000,70000,147000,243000,290000,291000,297000,297000,297000,121,0,18000,51099.57583152079,2751.1313180002617,296938.0054709982,2085.7685950413224
1781522407,20,,Aggregated,0.300000,0.000000,18000,26000,55000,70000,147000,243000,290000,291000,297000,297000,297000,121,0,18000,51099.57583152079,2751.1313180002617,296938.0054709982,2085.7685950413224
1781522408,20,,Aggregated,0.300000,0.000000,18000,26000,55000,70000,147000,243000,290000,291000,297000,297000,297000,121,0,18000,51099.57583152079,2751.1313180002617,296938.0054709982,2085.7685950413224
1781522409,20,,Aggregated,0.300000,0.000000,18000,26000,55000,70000,147000,243000,290000,291000,297000,297000,297000,121,0,18000,51099.57583152079,2751.1313180002617,296938.0054709982,2085.7685950413224
1781522410,20,,Aggregated,0.300000,0.000000,18000,26000,55000,70000,147000,243000,290000,291000,297000,297000,297000,121,0,18000,51099.57583152079,2751.1313180002617,296938.0054709982,2085.7685950413224
1781522411,20,,Aggregated,0.100000,0.000000,19000,26000,55000,70000,147000,243000,290000,291000,297000,297000,297000,122,0,18000,50853.30973047554,2751.1313180002617,296938.0054709982,2103.032786885246
1781522412,20,,Aggregated,0.100000,0.000000,19000,26000,55000,70000,147000,243000,290000,291000,297000,297000,297000,122,0,18000,50853.30973047554,2751.1313180002617,296938.0054709982,2103.032786885246
1781522413,20,,Aggregated,0.100000,0.000000,19000,26000,55000,70000,147000,243000,290000,291000,297000,297000,297000,122,0,18000,50853.30973047554,2751.1313180002617,296938.0054709982,2103.032786885246
1781522414,20,,Aggregated,0.100000,0.000000,19000,26000,55000,70000,147000,243000,290000,291000,297000,297000,297000,122,0,18000,50853.30973047554,2751.1313180002617,296938.0054709982,2103.032786885246
1781522415,20,,Aggregated,0.100000,0.000000,19000,26000,55000,70000,147000,243000,290000,291000,297000,297000,297000,122,0,18000,50853.30973047554,2751.1313180002617,296938.0054709982,2103.032786885246
1781522416,20,,Aggregated,0.100000,0.000000,18000,26000,55000,70000,147000,243000,290000,291000,297000,297000,297000,123,0,18000,50550.45339430092,2751.1313180002617,296938.0054709982,2106.0650406504064
1781522417,20,,Aggregated,0.100000,0.000000,19000,26000,55000,70000,147000,243000,290000,291000,297000,297000,297000,124,0,18000,50348.17233478239,2751.1313180002617,296938.0054709982,2114.9193548387098
1781522418,20,,Aggregated,0.100000,0.000000,19000,26000,55000,70000,147000,243000,290000,291000,297000,297000,297000,124,0,18000,50348.17233478239,2751.1313180002617,296938.0054709982,2114.9193548387098
1781522419,20,,Aggregated,0.100000,0.000000,19000,26000,55000,70000,147000,243000,290000,291000,297000,297000,297000,124,0,18000,50348.17233478239,2751.1313180002617,296938.0054709982,2114.9193548387098
1781522420,20,,Aggregated,0.100000,0.000000,19000,26000,55000,70000,147000,243000,290000,291000,297000,297000,297000,124,0,18000,50348.17233478239,2751.1313180002617,296938.0054709982,2114.9193548387098
1781522421,20,,Aggregated,0.300000,0.000000,19000,26000,50000,70000,147000,243000,290000,291000,297000,297000,297000,125,0,19000,50136.443716000125,2751.1313180002617,296938.0054709982,2136.072
1781522422,20,,Aggregated,0.300000,0.000000,19000,26000,55000,70000,176000,247000,290000,291000,297000,297000,297000,126,0,19000,51931.67988523027,2751.1313180002617,296938.0054709982,2128.1507936507937
1781522423,20,,Aggregated,0.300000,0.000000,19000,26000,55000,70000,176000,247000,290000,291000,297000,297000,297000,126,0,19000,51931.67988523027,2751.1313180002617,296938.0054709982,2128.1507936507937
1781522424,20,,Aggregated,0.300000,0.000000,19000,26000,55000,70000,176000,247000,290000,291000,297000,297000,297000,126,0,19000,51931.67988523027,2751.1313180002617,296938.0054709982,2128.1507936507937
1781522425,20,,Aggregated,0.400000,0.000000,19000,26000,58000,82000,176000,247000,290000,291000,297000,297000,297000,128,0,19000,52223.592505945424,2751.1313180002617,296938.0054709982,2114.890625
1781522426,20,,Aggregated,0.400000,0.000000,19000,26000,58000,82000,176000,247000,290000,291000,297000,297000,297000,128,0,19000,52223.592505945424,2751.1313180002617,296938.0054709982,2114.890625
1781522427,20,,Aggregated,0.400000,0.000000,19000,26000,55000,82000,176000,247000,290000,291000,297000,297000,297000,130,0,18000,51482.20163393087,2751.1313180002617,296938.0054709982,2096.9384615384615
1781522428,20,,Aggregated,0.400000,0.000000,19000,26000,55000,82000,176000,247000,290000,291000,297000,297000,297000,130,0,18000,51482.20163393087,2751.1313180002617,296938.0054709982,2096.9384615384615
1781522429,20,,Aggregated,0.400000,0.000000,19000,26000,55000,82000,176000,247000,290000,291000,297000,297000,297000,130,0,18000,51482.20163393087,2751.1313180002617,296938.0054709982,2096.9384615384615
1781522430,20,,Aggregated,0.600000,0.000000,18000,26000,55000,70000,147000,247000,290000,291000,297000,297000,297000,131,0,18000,51225.8352400383,2751.1313180002617,296938.0054709982,2102.992366412214
1781522431,20,,Aggregated,0.600000,0.000000,18000,26000,55000,70000,147000,247000,290000,291000,297000,297000,297000,131,0,18000,51225.8352400383,2751.1313180002617,296938.0054709982,2102.992366412214
1781522432,20,,Aggregated,0.600000,0.000000,18000,26000,55000,70000,147000,247000,290000,291000,297000,297000,297000,131,0,18000,51225.8352400383,2751.1313180002617,296938.0054709982,2102.992366412214
1781522433,20,,Aggregated,0.600000,0.000000,18000,26000,55000,70000,147000,247000,290000,291000,297000,297000,297000,131,0,18000,51225.8352400383,2751.1313180002617,296938.0054709982,2102.992366412214
1781522434,20,,Aggregated,0.600000,0.000000,18000,26000,55000,70000,147000,247000,290000,291000,297000,297000,297000,131,0,18000,51225.8352400383,2751.1313180002617,296938.0054709982,2102.992366412214
1781522435,20,,Aggregated,0.600000,0.000000,18000,26000,55000,70000,147000,247000,290000,291000,297000,297000,297000,131,0,18000,51225.8352400383,2751.1313180002617,296938.0054709982,2102.992366412214
1781522436,20,,Aggregated,0.600000,0.000000,18000,26000,55000,70000,147000,247000,290000,291000,297000,297000,297000,131,0,18000,51225.8352400383,2751.1313180002617,296938.0054709982,2102.992366412214
1781522437,20,,Aggregated,0.500000,0.000000,18000,26000,55000,70000,147000,247000,290000,291000,297000,297000,297000,132,0,18000,50912.585074378956,2751.1313180002617,296938.0054709982,2095.6136363636365
1781522438,20,,Aggregated,0.500000,0.000000,18000,26000,55000,70000,147000,247000,290000,291000,297000,297000,297000,132,0,18000,50912.585074378956,2751.1313180002617,296938.0054709982,2095.6136363636365
1781522439,20,,Aggregated,0.500000,0.000000,18000,26000,55000,70000,147000,247000,290000,291000,297000,297000,297000,132,0,18000,50912.585074378956,2751.1313180002617,296938.0054709982,2095.6136363636365
1781522440,20,,Aggregated,0.500000,0.000000,18000,26000,55000,70000,147000,247000,290000,291000,297000,297000,297000,132,0,18000,50912.585074378956,2751.1313180002617,296938.0054709982,2095.6136363636365
1781522441,20,,Aggregated,0.500000,0.000000,18000,26000,55000,70000,147000,247000,290000,291000,297000,297000,297000,132,0,18000,50912.585074378956,2751.1313180002617,296938.0054709982,2095.6136363636365
1781522442,20,,Aggregated,0.200000,0.000000,18000,26000,50000,70000,147000,247000,290000,291000,297000,297000,297000,133,0,18000,50723.05016730842,2751.1313180002617,296938.0054709982,2106.9774436090224
1781522443,20,,Aggregated,0.200000,0.000000,18000,26000,50000,70000,147000,247000,290000,291000,297000,297000,297000,133,0,18000,50723.05016730842,2751.1313180002617,296938.0054709982,2106.9774436090224
1781522444,20,,Aggregated,0.200000,0.000000,18000,26000,50000,70000,147000,247000,290000,291000,297000,297000,297000,133,0,18000,50723.05016730842,2751.1313180002617,296938.0054709982,2106.9774436090224
1781522445,20,,Aggregated,0.200000,0.000000,18000,26000,50000,70000,147000,247000,290000,291000,297000,297000,297000,134,0,18000,50478.31241140315,2751.1313180002617,296938.0054709982,2114.634328358209
1781522446,20,,Aggregated,0.200000,0.000000,18000,26000,50000,70000,147000,247000,290000,291000,297000,297000,297000,134,0,18000,50478.31241140315,2751.1313180002617,296938.0054709982,2114.634328358209
1781522447,20,,Aggregated,0.200000,0.000000,18000,26000,50000,70000,147000,247000,290000,291000,297000,297000,297000,134,0,18000,50478.31241140315,2751.1313180002617,296938.0054709982,2114.634328358209
1781522448,20,,Aggregated,0.200000,0.000000,18000,26000,50000,70000,147000,247000,290000,291000,297000,297000,297000,134,0,18000,50478.31241140315,2751.1313180002617,296938.0054709982,2114.634328358209
1781522449,20,,Aggregated,0.200000,0.000000,18000,26000,50000,70000,147000,247000,290000,291000,297000,297000,297000,134,0,18000,50478.31241140315,2751.1313180002617,296938.0054709982,2114.634328358209
1781522450,20,,Aggregated,0.200000,0.000000,18000,26000,55000,70000,176000,250000,291000,297000,301000,301000,301000,136,0,18000,52084.53566938982,2751.1313180002617,301048.30664299516,2114.845588235294
1781522452,20,,Aggregated,0.200000,0.000000,18000,26000,55000,82000,190000,250000,291000,297000,301000,301000,301000,138,0,18000,53080.09215963776,2751.1313180002617,301048.30664299516,2121.210144927536
1781522453,20,,Aggregated,0.200000,0.000000,18000,26000,55000,82000,190000,250000,291000,297000,301000,301000,301000,138,0,18000,53080.09215963776,2751.1313180002617,301048.30664299516,2121.210144927536
1781522454,20,,Aggregated,0.200000,0.000000,18000,26000,55000,82000,190000,250000,291000,297000,301000,301000,301000,138,0,18000,53080.09215963776,2751.1313180002617,301048.30664299516,2121.210144927536
1781522455,20,,Aggregated,0.200000,0.000000,18000,26000,55000,82000,190000,250000,291000,297000,301000,301000,301000,138,0,18000,53080.09215963776,2751.1313180002617,301048.30664299516,2121.210144927536
1781522456,20,,Aggregated,0.500000,0.000000,18000,26000,55000,82000,190000,250000,291000,297000,301000,301000,301000,139,0,18000,52755.60585433821,2751.1313180002617,301048.30664299516,2113.8489208633096
1781522457,20,,Aggregated,0.500000,0.000000,18000,26000,55000,82000,190000,250000,291000,297000,301000,301000,301000,139,0,18000,52755.60585433821,2751.1313180002617,301048.30664299516,2113.8489208633096
1781522458,20,,Aggregated,0.500000,0.000000,18000,26000,55000,82000,190000,250000,291000,297000,301000,301000,301000,139,0,18000,52755.60585433821,2751.1313180002617,301048.30664299516,2113.8489208633096
1781522459,20,,Aggregated,0.500000,0.000000,18000,26000,55000,82000,190000,250000,291000,297000,301000,301000,301000,140,0,18000,52582.7411315001,2751.1313180002617,301048.30664299516,2129.192857142857
1781522460,20,,Aggregated,0.500000,0.000000,18000,26000,55000,82000,190000,250000,291000,297000,301000,301000,301000,140,0,18000,52582.7411315001,2751.1313180002617,301048.30664299516,2129.192857142857
1781522461,20,,Aggregated,0.500000,0.000000,18000,26000,55000,82000,190000,250000,291000,297000,301000,301000,301000,140,0,18000,52582.7411315001,2751.1313180002617,301048.30664299516,2129.192857142857
1781522462,20,,Aggregated,0.500000,0.000000,18000,26000,55000,82000,190000,250000,291000,297000,301000,301000,301000,140,0,18000,52582.7411315001,2751.1313180002617,301048.30664299516,2129.192857142857
1781522463,20,,Aggregated,0.500000,0.000000,18000,26000,55000,82000,190000,250000,291000,297000,301000,301000,301000,140,0,18000,52582.7411315001,2751.1313180002617,301048.30664299516,2129.192857142857
1781522464,20,,Aggregated,0.500000,0.000000,18000,26000,55000,82000,190000,250000,291000,297000,301000,301000,301000,140,0,18000,52582.7411315001,2751.1313180002617,301048.30664299516,2129.192857142857
1781522465,20,,Aggregated,0.500000,0.000000,18000,26000,55000,82000,190000,250000,291000,297000,301000,301000,301000,140,0,18000,52582.7411315001,2751.1313180002617,301048.30664299516,2129.192857142857
1781522466,20,,Aggregated,0.500000,0.000000,18000,26000,55000,82000,190000,250000,291000,297000,301000,301000,301000,140,0,18000,52582.7411315001,2751.1313180002617,301048.30664299516,2129.192857142857
1781522467,20,,Aggregated,0.200000,0.000000,18000,26000,50000,70000,176000,247000,291000,297000,301000,301000,301000,141,0,18000,52314.740108645485,2751.1313180002617,301048.30664299516,2126.0141843971633
1781522468,20,,Aggregated,0.200000,0.000000,18000,26000,50000,70000,176000,247000,291000,297000,301000,301000,301000,141,0,18000,52314.740108645485,2751.1313180002617,301048.30664299516,2126.0141843971633
1781522469,20,,Aggregated,0.200000,0.000000,18000,26000,50000,70000,176000,247000,291000,297000,301000,301000,301000,142,0,18000,52114.98483560573,2751.1313180002617,301048.30664299516,2132.6830985915494
1781522470,20,,Aggregated,0.200000,0.000000,18000,26000,50000,70000,176000,247000,291000,297000,301000,301000,301000,142,0,18000,52114.98483560573,2751.1313180002617,301048.30664299516,2132.6830985915494
1781522471,20,,Aggregated,0.200000,0.000000,18000,26000,50000,70000,176000,247000,291000,297000,301000,301000,301000,142,0,18000,52114.98483560573,2751.1313180002617,301048.30664299516,2132.6830985915494
1781522472,20,,Aggregated,0.200000,0.000000,18000,26000,50000,70000,176000,247000,291000,297000,301000,301000,301000,142,0,18000,52114.98483560573,2751.1313180002617,301048.30664299516,2132.6830985915494
1781522473,20,,Aggregated,0.200000,0.000000,18000,26000,50000,70000,176000,247000,291000,297000,301000,301000,301000,143,0,18000,51866.51178976232,2751.1313180002617,301048.30664299516,2133.7762237762236
1781522474,20,,Aggregated,0.200000,0.000000,18000,26000,50000,70000,176000,247000,291000,297000,301000,301000,301000,143,0,18000,51866.51178976232,2751.1313180002617,301048.30664299516,2133.7762237762236
1781522475,20,,Aggregated,0.200000,0.000000,18000,26000,50000,70000,176000,247000,291000,297000,301000,301000,301000,144,0,18000,51663.106210888945,2751.1313180002617,301048.30664299516,2147.4583333333335
1781522476,20,,Aggregated,0.300000,0.000000,18000,25000,49000,70000,176000,247000,291000,297000,301000,301000,301000,145,0,18000,51347.21615088281,2751.1313180002617,301048.30664299516,2139.1103448275862
1781522477,20,,Aggregated,0.300000,0.000000,18000,25000,49000,70000,176000,247000,291000,297000,301000,301000,301000,145,0,18000,51347.21615088281,2751.1313180002617,301048.30664299516,2139.1103448275862
1781522478,20,,Aggregated,0.300000,0.000000,18000,25000,49000,70000,176000,247000,291000,297000,301000,301000,301000,145,0,18000,51347.21615088281,2751.1313180002617,301048.30664299516,2139.1103448275862
1781522479,20,,Aggregated,0.300000,0.000000,18000,25000,49000,70000,176000,247000,291000,297000,301000,301000,301000,145,0,18000,51347.21615088281,2751.1313180002617,301048.30664299516,2139.1103448275862
1781522480,20,,Aggregated,0.300000,0.000000,18000,25000,49000,70000,176000,247000,291000,297000,301000,301000,301000,145,0,18000,51347.21615088281,2751.1313180002617,301048.30664299516,2139.1103448275862
1781522481,20,,Aggregated,0.300000,0.000000,18000,25000,49000,70000,176000,247000,291000,297000,301000,301000,301000,145,0,18000,51347.21615088281,2751.1313180002617,301048.30664299516,2139.1103448275862
1781522482,20,,Aggregated,0.300000,0.000000,18000,25000,49000,70000,176000,247000,291000,297000,301000,301000,301000,145,0,18000,51347.21615088281,2751.1313180002617,301048.30664299516,2139.1103448275862
1781522483,20,,Aggregated,0.300000,0.000000,18000,25000,49000,70000,176000,247000,291000,297000,301000,301000,301000,145,0,18000,51347.21615088281,2751.1313180002617,301048.30664299516,2139.1103448275862
1781522484,20,,Aggregated,0.300000,0.000000,18000,25000,49000,70000,176000,247000,291000,297000,301000,301000,301000,145,0,18000,51347.21615088281,2751.1313180002617,301048.30664299516,2139.1103448275862
1781522485,20,,Aggregated,0.300000,0.000000,18000,25000,49000,70000,176000,247000,291000,297000,301000,301000,301000,145,0,18000,51347.21615088281,2751.1313180002617,301048.30664299516,2139.1103448275862
1781522486,20,,Aggregated,0.300000,0.000000,18000,25000,49000,70000,176000,247000,291000,297000,301000,301000,301000,145,0,18000,51347.21615088281,2751.1313180002617,301048.30664299516,2139.1103448275862
1781522487,20,,Aggregated,0.300000,0.000000,18000,25000,49000,70000,176000,247000,291000,297000,301000,301000,301000,145,0,18000,51347.21615088281,2751.1313180002617,301048.30664299516,2139.1103448275862
1781522488,20,,Aggregated,0.100000,0.000000,18000,25000,49000,67000,176000,247000,291000,297000,301000,301000,301000,146,0,18000,51110.90743463705,2751.1313180002617,301048.30664299516,2134.6917808219177
1781522489,20,,Aggregated,0.100000,0.000000,18000,25000,49000,67000,176000,247000,291000,297000,301000,301000,301000,146,0,18000,51110.90743463705,2751.1313180002617,301048.30664299516,2134.6917808219177
1781522490,20,,Aggregated,0.000000,0.000000,18000,25000,49000,67000,176000,247000,291000,297000,301000,301000,301000,147,0,18000,50864.27072304769,2751.1313180002617,301048.30664299516,2134.517006802721
1781522491,20,,Aggregated,0.000000,0.000000,18000,25000,49000,67000,176000,247000,291000,297000,301000,301000,301000,147,0,18000,50864.27072304769,2751.1313180002617,301048.30664299516,2134.517006802721
1781522492,20,,Aggregated,0.000000,0.000000,18000,25000,49000,67000,176000,247000,291000,297000,301000,301000,301000,147,0,18000,50864.27072304769,2751.1313180002617,301048.30664299516,2134.517006802721
1781522493,20,,Aggregated,0.000000,0.000000,18000,25000,49000,67000,176000,247000,291000,297000,301000,301000,301000,147,0,18000,50864.27072304769,2751.1313180002617,301048.30664299516,2134.517006802721
1781522494,20,,Aggregated,0.000000,0.000000,18000,25000,49000,67000,176000,247000,291000,297000,301000,301000,301000,147,0,18000,50864.27072304769,2751.1313180002617,301048.30664299516,2134.517006802721
1781522495,20,,Aggregated,0.000000,0.000000,18000,25000,49000,67000,176000,247000,291000,297000,301000,301000,301000,147,0,18000,50864.27072304769,2751.1313180002617,301048.30664299516,2134.517006802721
1781522496,20,,Aggregated,0.000000,0.000000,18000,25000,49000,67000,176000,247000,291000,297000,301000,301000,301000,147,0,18000,50864.27072304769,2751.1313180002617,301048.30664299516,2134.517006802721
1781522497,20,,Aggregated,0.200000,0.000000,18000,25000,49000,67000,176000,247000,291000,297000,301000,301000,301000,148,0,18000,50575.30048860816,2751.1313180002617,301048.30664299516,2128.2905405405404
1781522498,20,,Aggregated,0.200000,0.000000,18000,25000,49000,69000,176000,247000,291000,297000,301000,301000,301000,149,0,18000,50700.05784351008,2751.1313180002617,301048.30664299516,2131.9664429530203
1781522499,20,,Aggregated,0.200000,0.000000,18000,25000,49000,69000,176000,247000,291000,297000,301000,301000,301000,149,0,18000,50700.05784351008,2751.1313180002617,301048.30664299516,2131.9664429530203
1781522500,20,,Aggregated,0.200000,0.000000,18000,25000,49000,69000,176000,247000,291000,297000,301000,301000,301000,149,0,18000,50700.05784351008,2751.1313180002617,301048.30664299516,2131.9664429530203
1781522501,20,,Aggregated,0.200000,0.000000,18000,25000,49000,69000,176000,247000,291000,297000,301000,301000,301000,149,0,18000,50700.05784351008,2751.1313180002617,301048.30664299516,2131.9664429530203
1781522502,20,,Aggregated,0.200000,0.000000,18000,25000,49000,69000,176000,247000,291000,297000,301000,301000,301000,150,0,18000,50431.6786503134,2751.1313180002617,301048.30664299516,2126.52
1781522503,20,,Aggregated,0.200000,0.000000,18000,26000,50000,69000,176000,250000,290000,297000,301000,301000,301000,152,0,18000,51786.37410938167,2751.1313180002617,301048.30664299516,2132.842105263158
1781522504,20,,Aggregated,0.200000,0.000000,18000,26000,50000,69000,176000,250000,290000,297000,301000,301000,301000,152,0,18000,51786.37410938167,2751.1313180002617,301048.30664299516,2132.842105263158
1781522505,20,,Aggregated,0.200000,0.000000,18000,26000,50000,69000,176000,250000,290000,297000,301000,301000,301000,152,0,18000,51786.37410938167,2751.1313180002617,301048.30664299516,2132.842105263158
1781522506,20,,Aggregated,0.200000,0.000000,18000,26000,50000,69000,176000,250000,290000,297000,301000,301000,301000,152,0,18000,51786.37410938167,2751.1313180002617,301048.30664299516,2132.842105263158
1781522507,20,,Aggregated,0.200000,0.000000,18000,26000,50000,69000,176000,250000,290000,297000,301000,301000,301000,152,0,18000,51786.37410938167,2751.1313180002617,301048.30664299516,2132.842105263158
1781522508,20,,Aggregated,0.200000,0.000000,18000,26000,50000,69000,176000,250000,290000,297000,301000,301000,301000,152,0,18000,51786.37410938167,2751.1313180002617,301048.30664299516,2132.842105263158
1781522509,20,,Aggregated,0.200000,0.000000,18000,26000,50000,69000,176000,250000,290000,297000,301000,301000,301000,152,0,18000,51786.37410938167,2751.1313180002617,301048.30664299516,2132.842105263158
1781522510,20,,Aggregated,0.200000,0.000000,18000,26000,50000,69000,176000,250000,290000,297000,301000,301000,301000,152,0,18000,51786.37410938167,2751.1313180002617,301048.30664299516,2132.842105263158
1781522511,20,,Aggregated,0.200000,0.000000,18000,26000,50000,69000,176000,250000,290000,297000,301000,301000,301000,152,0,18000,51786.37410938167,2751.1313180002617,301048.30664299516,2132.842105263158
1781522512,20,,Aggregated,0.300000,0.000000,18000,25000,49000,69000,176000,250000,290000,297000,301000,301000,301000,153,0,18000,51497.20447884973,2751.1313180002617,301048.30664299516,2132.40522875817
1781522513,20,,Aggregated,0.300000,0.000000,18000,25000,49000,69000,176000,250000,290000,297000,301000,301000,301000,153,0,18000,51497.20447884973,2751.1313180002617,301048.30664299516,2132.40522875817
1781522514,20,,Aggregated,0.300000,0.000000,18000,25000,49000,69000,176000,250000,290000,297000,301000,301000,301000,154,0,18000,51218.89395198055,2751.1313180002617,301048.30664299516,2126.948051948052
1781522515,20,,Aggregated,0.300000,0.000000,18000,25000,49000,69000,176000,250000,290000,297000,301000,301000,301000,154,0,18000,51218.89395198055,2751.1313180002617,301048.30664299516,2126.948051948052
1781522516,20,,Aggregated,0.300000,0.000000,18000,25000,49000,69000,176000,250000,290000,297000,301000,301000,301000,154,0,18000,51218.89395198055,2751.1313180002617,301048.30664299516,2126.948051948052
1781522517,20,,Aggregated,0.200000,0.000000,18000,25000,49000,69000,176000,250000,290000,297000,301000,301000,301000,155,0,18000,51001.43298137422,2751.1313180002617,301048.30664299516,2128.122580645161
1781522518,20,,Aggregated,0.200000,0.000000,18000,25000,49000,67000,176000,250000,290000,297000,301000,301000,301000,156,0,18000,50787.14725101286,2751.1313180002617,301048.30664299516,2132.5576923076924
1781522519,20,,Aggregated,0.300000,0.000000,18000,25000,49000,67000,176000,250000,290000,297000,301000,301000,301000,157,0,18000,50545.38284385354,2751.1313180002617,301048.30664299516,2127.9426751592355
1781522520,20,,Aggregated,0.300000,0.000000,18000,25000,49000,67000,176000,250000,290000,297000,301000,301000,301000,157,0,18000,50545.38284385354,2751.1313180002617,301048.30664299516,2127.9426751592355
1781522521,20,,Aggregated,0.300000,0.000000,18000,25000,49000,67000,176000,250000,290000,297000,301000,301000,301000,157,0,18000,50545.38284385354,2751.1313180002617,301048.30664299516,2127.9426751592355
1781522522,20,,Aggregated,0.300000,0.000000,18000,25000,49000,67000,176000,250000,290000,297000,301000,301000,301000,157,0,18000,50545.38284385354,2751.1313180002617,301048.30664299516,2127.9426751592355
1781522523,20,,Aggregated,0.300000,0.000000,18000,25000,49000,67000,176000,250000,290000,297000,301000,301000,301000,157,0,18000,50545.38284385354,2751.1313180002617,301048.30664299516,2127.9426751592355
1781522524,20,,Aggregated,0.300000,0.000000,18000,25000,49000,67000,176000,250000,290000,297000,301000,301000,301000,157,0,18000,50545.38284385354,2751.1313180002617,301048.30664299516,2127.9426751592355
1781522525,20,,Aggregated,0.400000,0.000000,18000,25000,49000,67000,176000,250000,290000,297000,301000,301000,301000,158,0,18000,50271.70729347475,2751.1313180002617,301048.30664299516,2121.0506329113923
1781522526,20,,Aggregated,0.400000,0.000000,18000,25000,49000,67000,176000,250000,290000,297000,301000,301000,301000,160,0,18000,49737.02505912501,2751.1313180002617,301048.30664299516,2107.70625
1781522527,20,,Aggregated,0.400000,0.000000,18000,25000,49000,67000,176000,250000,290000,297000,301000,301000,301000,160,0,18000,49737.02505912501,2751.1313180002617,301048.30664299516,2107.70625
1781522528,20,,Aggregated,0.400000,0.000000,18000,25000,49000,67000,176000,250000,290000,297000,301000,301000,301000,160,0,18000,49737.02505912501,2751.1313180002617,301048.30664299516,2107.70625
1781522529,20,,Aggregated,0.400000,0.000000,18000,25000,49000,67000,176000,250000,290000,297000,301000,301000,301000,160,0,18000,49737.02505912501,2751.1313180002617,301048.30664299516,2107.70625
1781522530,20,,Aggregated,0.400000,0.000000,18000,25000,49000,67000,176000,250000,290000,297000,301000,301000,301000,160,0,18000,49737.02505912501,2751.1313180002617,301048.30664299516,2107.70625
1781522531,20,,Aggregated,0.400000,0.000000,18000,25000,49000,67000,176000,250000,290000,297000,301000,301000,301000,160,0,18000,49737.02505912501,2751.1313180002617,301048.30664299516,2107.70625
1781522532,20,,Aggregated,0.400000,0.000000,18000,25000,49000,67000,176000,250000,290000,297000,301000,301000,301000,160,0,18000,49737.02505912501,2751.1313180002617,301048.30664299516,2107.70625
1781522533,20,,Aggregated,0.400000,0.000000,18000,25000,49000,67000,176000,250000,290000,297000,301000,301000,301000,160,0,18000,49737.02505912501,2751.1313180002617,301048.30664299516,2107.70625
1781522534,20,,Aggregated,0.400000,0.000000,18000,25000,49000,67000,176000,250000,290000,297000,301000,301000,301000,160,0,18000,49737.02505912501,2751.1313180002617,301048.30664299516,2107.70625
1781522535,20,,Aggregated,0.400000,0.000000,18000,25000,49000,67000,176000,250000,290000,297000,301000,301000,301000,160,0,18000,49737.02505912501,2751.1313180002617,301048.30664299516,2107.70625
1781522536,20,,Aggregated,0.400000,0.000000,18000,25000,49000,67000,176000,250000,290000,297000,301000,301000,301000,160,0,18000,49737.02505912501,2751.1313180002617,301048.30664299516,2107.70625
1781522537,20,,Aggregated,0.400000,0.000000,18000,25000,49000,67000,176000,250000,290000,297000,301000,301000,301000,160,0,18000,49737.02505912501,2751.1313180002617,301048.30664299516,2107.70625
1781522538,20,,Aggregated,0.400000,0.000000,18000,25000,49000,67000,176000,250000,290000,297000,301000,301000,301000,160,0,18000,49737.02505912501,2751.1313180002617,301048.30664299516,2107.70625
1781522539,20,,Aggregated,0.400000,0.000000,18000,25000,49000,67000,176000,250000,290000,297000,301000,301000,301000,160,0,18000,49737.02505912501,2751.1313180002617,301048.30664299516,2107.70625
1781522540,20,,Aggregated,0.400000,0.000000,18000,25000,49000,67000,176000,250000,290000,297000,301000,301000,301000,160,0,18000,49737.02505912501,2751.1313180002617,301048.30664299516,2107.70625
1781522541,20,,Aggregated,0.400000,0.000000,18000,25000,49000,67000,176000,250000,290000,297000,301000,301000,301000,160,0,18000,49737.02505912501,2751.1313180002617,301048.30664299516,2107.70625
1781522542,20,,Aggregated,0.400000,0.000000,18000,25000,49000,67000,176000,250000,290000,297000,301000,301000,301000,160,0,18000,49737.02505912501,2751.1313180002617,301048.30664299516,2107.70625
1781522543,20,,Aggregated,0.400000,0.000000,18000,25000,49000,67000,176000,250000,290000,297000,301000,301000,301000,160,0,18000,49737.02505912501,2751.1313180002617,301048.30664299516,2107.70625
1781522544,20,,Aggregated,0.400000,0.000000,18000,25000,49000,67000,176000,250000,290000,297000,301000,301000,301000,160,0,18000,49737.02505912501,2751.1313180002617,301048.30664299516,2107.70625
1781522545,20,,Aggregated,0.400000,0.000000,18000,25000,49000,67000,176000,250000,290000,297000,301000,301000,301000,160,0,18000,49737.02505912501,2751.1313180002617,301048.30664299516,2107.70625
1781522546,20,,Aggregated,0.400000,0.000000,18000,25000,49000,67000,176000,250000,290000,297000,301000,301000,301000,160,0,18000,49737.02505912501,2751.1313180002617,301048.30664299516,2107.70625
1781522547,20,,Aggregated,0.400000,0.000000,18000,25000,49000,67000,176000,250000,290000,297000,301000,301000,301000,160,0,18000,49737.02505912501,2751.1313180002617,301048.30664299516,2107.70625
1781522548,20,,Aggregated,0.400000,0.000000,18000,25000,49000,67000,176000,250000,290000,297000,301000,301000,301000,160,0,18000,49737.02505912501,2751.1313180002617,301048.30664299516,2107.70625
1781522549,20,,Aggregated,0.400000,0.000000,18000,25000,49000,67000,176000,250000,290000,297000,301000,301000,301000,160,0,18000,49737.02505912501,2751.1313180002617,301048.30664299516,2107.70625
1781522550,20,,Aggregated,0.400000,0.000000,18000,25000,49000,67000,176000,250000,290000,297000,301000,301000,301000,160,0,18000,49737.02505912501,2751.1313180002617,301048.30664299516,2107.70625
1781522551,20,,Aggregated,0.400000,0.000000,18000,25000,49000,67000,176000,250000,290000,297000,301000,301000,301000,160,0,18000,49737.02505912501,2751.1313180002617,301048.30664299516,2107.70625
1781522552,20,,Aggregated,0.400000,0.000000,18000,25000,49000,67000,176000,250000,290000,297000,301000,301000,301000,160,0,18000,49737.02505912501,2751.1313180002617,301048.30664299516,2107.70625
1781522553,20,,Aggregated,0.400000,0.000000,18000,25000,49000,67000,176000,250000,290000,297000,301000,301000,301000,160,0,18000,49737.02505912501,2751.1313180002617,301048.30664299516,2107.70625
1781522554,20,,Aggregated,0.400000,0.000000,18000,25000,49000,67000,176000,250000,290000,297000,301000,301000,301000,160,0,18000,49737.02505912501,2751.1313180002617,301048.30664299516,2107.70625
1781522555,20,,Aggregated,0.400000,0.000000,18000,25000,49000,67000,176000,250000,290000,297000,301000,301000,301000,160,0,18000,49737.02505912501,2751.1313180002617,301048.30664299516,2107.70625
1781522556,20,,Aggregated,0.400000,0.000000,18000,25000,49000,67000,176000,250000,290000,297000,301000,301000,301000,160,0,18000,49737.02505912501,2751.1313180002617,301048.30664299516,2107.70625
1781522557,20,,Aggregated,0.400000,0.000000,18000,25000,49000,67000,176000,250000,290000,297000,301000,301000,301000,160,0,18000,49737.02505912501,2751.1313180002617,301048.30664299516,2107.70625
1781522558,20,,Aggregated,0.400000,0.000000,18000,25000,49000,67000,176000,250000,290000,297000,301000,301000,301000,160,0,18000,49737.02505912501,2751.1313180002617,301048.30664299516,2107.70625
1781522559,20,,Aggregated,0.400000,0.000000,18000,25000,49000,67000,176000,250000,290000,297000,301000,301000,301000,160,0,18000,49737.02505912501,2751.1313180002617,301048.30664299516,2107.70625
1781522560,20,,Aggregated,0.400000,0.000000,18000,25000,49000,67000,176000,250000,290000,297000,301000,301000,301000,160,0,18000,49737.02505912501,2751.1313180002617,301048.30664299516,2107.70625
1781522561,20,,Aggregated,0.400000,0.000000,18000,25000,49000,67000,176000,250000,290000,297000,301000,301000,301000,160,0,18000,49737.02505912501,2751.1313180002617,301048.30664299516,2107.70625
1781522562,20,,Aggregated,0.400000,0.000000,18000,25000,49000,67000,176000,250000,290000,297000,301000,301000,301000,160,0,18000,49737.02505912501,2751.1313180002617,301048.30664299516,2107.70625
1781522563,20,,Aggregated,0.400000,0.000000,18000,25000,49000,67000,176000,250000,290000,297000,301000,301000,301000,160,0,18000,49737.02505912501,2751.1313180002617,301048.30664299516,2107.70625
1781522564,20,,Aggregated,0.400000,0.000000,18000,25000,49000,67000,176000,250000,290000,297000,301000,301000,301000,160,0,18000,49737.02505912501,2751.1313180002617,301048.30664299516,2107.70625
