Timestamp,User Count,Type,Name,Requests/s,Failures/s,50%,66%,75%,80%,90%,95%,98%,99%,99.9%,99.99%,100%,Total Request Count,Total Failure Count,Total Median Response Time,Total Average Response Time,Total Min Response Time,Total Max Response Time,Total Average Content Size
1781522635,0,,Aggregated,0.000000,0.000000,N/A,N/A,N/A,N/A,N/A,N/A,N/A,N/A,N/A,N/A,N/A,0,0,0,0.0,0,0,0
1781522636,5,,Aggregated,0.000000,0.000000,N/A,N/A,N/A,N/A,N/A,N/A,N/A,N/A,N/A,N/A,N/A,0,0,0,0.0,0,0,0
1781522637,10,,Aggregated,0.000000,0.000000,N/A,N/A,N/A,N/A,N/A,N/A,N/A,N/A,N/A,N/A,N/A,0,0,0,0.0,0,0,0
1781522638,15,,Aggregated,0.000000,0.000000,N/A,N/A,N/A,N/A,N/A,N/A,N/A,N/A,N/A,N/A,N/A,0,0,0,0.0,0,0,0
1781522639,20,,Aggregated,0.000000,0.000000,N/A,N/A,N/A,N/A,N/A,N/A,N/A,N/A,N/A,N/A,N/A,0,0,0,0.0,0,0,0
1781522640,20,,Aggregated,0.000000,0.000000,N/A,N/A,N/A,N/A,N/A,N/A,N/A,N/A,N/A,N/A,N/A,0,0,0,0.0,0,0,0
1781522641,20,,Aggregated,0.000000,0.000000,5000,5000,5000,5000,5000,5000,5000,5000,5000,5000,5000,2,0,4400,4671.210839500418,4369.888155000808,4972.533524000028,1075.5
1781522642,20,,Aggregated,0.000000,0.000000,5000,5000,5500,5500,5500,5500,5500,5500,5500,5500,5500,4,0,4400,4667.0677242491365,3793.6682759973337,5532.1809419983765,1072.25
1781522643,20,,Aggregated,0.000000,0.000000,5500,5600,6600,6600,6600,6600,6600,6600,6600,6600,6600,7,0,5500,5350.744665141974,3793.6682759973337,6610.139183998399,1112.0
1781522644,20,,Aggregated,0.285714,0.000000,6600,6600,6600,8400,8500,8500,8500,8500,8500,8500,8500,10,0,5600,6099.161040098988,3793.6682759973337,8528.154080995591,1106.4
1781522645,20,,Aggregated,0.285714,0.000000,6600,6600,6600,8400,8500,8500,8500,8500,8500,8500,8500,10,0,5600,6099.161040098988,3793.6682759973337,8528.154080995591,1106.4
1781522646,20,,Aggregated,0.777778,0.000000,6600,8400,8700,8900,11000,11000,11000,11000,11000,11000,11000,15,0,6600,7226.812635065774,3793.6682759973337,11015.422618998855,1157.0
1781522647,20,,Aggregated,1.000000,0.000000,7900,8700,8900,8900,11000,11000,11000,11000,11000,11000,11000,17,0,7900,7482.851419058159,3793.6682759973337,11015.422618998855,1172.5882352941176
1781522648,20,,Aggregated,1.000000,0.000000,7900,8700,8900,8900,11000,11000,11000,11000,11000,11000,11000,17,0,7900,7482.851419058159,3793.6682759973337,11015.422618998855,1172.5882352941176
1781522649,20,,Aggregated,1.000000,0.000000,7900,8700,8900,8900,11000,11000,11000,11000,11000,11000,11000,17,0,7900,7482.851419058159,3793.6682759973337,11015.422618998855,1172.5882352941176
1781522650,20,,Aggregated,1.500000,0.000000,8400,8700,8900,9900,11000,14000,14000,14000,14000,14000,14000,18,0,7900,7852.908219277096,3793.6682759973337,14143.873822999012,1160.1666666666667
1781522651,20,,Aggregated,1.500000,0.000000,8400,8700,8900,9900,11000,14000,14000,14000,14000,14000,14000,18,0,7900,7852.908219277096,3793.6682759973337,14143.873822999012,1160.1666666666667
1781522652,20,,Aggregated,1.500000,0.000000,8400,8700,8900,9900,11000,14000,14000,14000,14000,14000,14000,18,0,7900,7852.908219277096,3793.6682759973337,14143.873822999012,1160.1666666666667
1781522653,20,,Aggregated,1.500000,0.000000,8400,8700,8900,9900,11000,14000,14000,14000,14000,14000,14000,18,0,7900,7852.908219277096,3793.6682759973337,14143.873822999012,1160.1666666666667
1781522654,20,,Aggregated,1.500000,0.000000,8400,8700,8900,9900,11000,14000,14000,14000,14000,14000,14000,18,0,7900,7852.908219277096,3793.6682759973337,14143.873822999012,1160.1666666666667
1781522655,20,,Aggregated,1.500000,0.000000,8400,8700,8900,9900,11000,14000,14000,14000,14000,14000,14000,18,0,7900,7852.908219277096,3793.6682759973337,14143.873822999012,1160.1666666666667
1781522656,20,,Aggregated,1.100000,0.000000,8400,8900,9900,11000,12000,14000,14000,14000,14000,14000,14000,19,0,8400,8060.157003262582,3793.6682759973337,14143.873822999012,1181.8947368421052
1781522657,20,,Aggregated,1.100000,0.000000,8400,8900,9900,11000,12000,14000,14000,14000,14000,14000,14000,19,0,8400,8060.157003262582,3793.6682759973337,14143.873822999012,1181.8947368421052
1781522658,20,,Aggregated,1.100000,0.000000,8400,8900,9900,11000,12000,14000,14000,14000,14000,14000,14000,19,0,8400,8060.157003262582,3793.6682759973337,14143.873822999012,1181.8947368421052
1781522659,20,,Aggregated,1.100000,0.000000,8400,8900,9900,11000,12000,14000,14000,14000,14000,14000,14000,19,0,8400,8060.157003262582,3793.6682759973337,14143.873822999012,1181.8947368421052
1781522660,20,,Aggregated,1.100000,0.000000,8400,8900,9900,11000,12000,14000,14000,14000,14000,14000,14000,19,0,8400,8060.157003262582,3793.6682759973337,14143.873822999012,1181.8947368421052
1781522661,20,,Aggregated,1.100000,0.000000,8400,8900,9900,11000,12000,14000,14000,14000,14000,14000,14000,19,0,8400,8060.157003262582,3793.6682759973337,14143.873822999012,1181.8947368421052
1781522662,20,,Aggregated,1.100000,0.000000,8400,8900,9900,11000,12000,14000,14000,14000,14000,14000,14000,19,0,8400,8060.157003262582,3793.6682759973337,14143.873822999012,1181.8947368421052
1781522663,20,,Aggregated,1.100000,0.000000,8400,8900,9900,11000,12000,14000,14000,14000,14000,14000,14000,19,0,8400,8060.157003262582,3793.6682759973337,14143.873822999012,1181.8947368421052
1781522664,20,,Aggregated,1.100000,0.000000,8400,8900,9900,11000,12000,14000,14000,14000,14000,14000,14000,19,0,8400,8060.157003262582,3793.6682759973337,14143.873822999012,1181.8947368421052
1781522665,20,,Aggregated,1.100000,0.000000,8400,8900,9900,11000,12000,14000,14000,14000,14000,14000,14000,19,0,8400,8060.157003262582,3793.6682759973337,14143.873822999012,1181.8947368421052
1781522666,20,,Aggregated,1.100000,0.000000,8400,8900,9900,11000,12000,14000,14000,14000,14000,14000,14000,19,0,8400,8060.157003262582,3793.6682759973337,14143.873822999012,1181.8947368421052
1781522667,20,,Aggregated,1.100000,0.000000,8400,8900,9900,11000,12000,14000,14000,14000,14000,14000,14000,19,0,8400,8060.157003262582,3793.6682759973337,14143.873822999012,1181.8947368421052
1781522668,20,,Aggregated,1.100000,0.000000,8400,8900,9900,11000,12000,14000,14000,14000,14000,14000,14000,19,0,8400,8060.157003262582,3793.6682759973337,14143.873822999012,1181.8947368421052
1781522669,20,,Aggregated,1.100000,0.000000,8400,8900,9900,11000,12000,14000,14000,14000,14000,14000,14000,19,0,8400,8060.157003262582,3793.6682759973337,14143.873822999012,1181.8947368421052
1781522670,20,,Aggregated,1.100000,0.000000,8400,8900,9900,11000,12000,14000,14000,14000,14000,14000,14000,19,0,8400,8060.157003262582,3793.6682759973337,14143.873822999012,1181.8947368421052
1781522671,20,,Aggregated,1.100000,0.000000,8400,8900,9900,11000,12000,14000,14000,14000,14000,14000,14000,19,0,8400,8060.157003262582,3793.6682759973337,14143.873822999012,1181.8947368421052
1781522672,20,,Aggregated,1.100000,0.000000,8400,8900,9900,11000,12000,14000,14000,14000,14000,14000,14000,19,0,8400,8060.157003262582,3793.6682759973337,14143.873822999012,1181.8947368421052
1781522673,20,,Aggregated,1.100000,0.000000,8400,8900,9900,11000,12000,14000,14000,14000,14000,14000,14000,19,0,8400,8060.157003262582,3793.6682759973337,14143.873822999012,1181.8947368421052
1781522674,20,,Aggregated,1.100000,0.000000,8400,8900,9900,11000,12000,14000,14000,14000,14000,14000,14000,19,0,8400,8060.157003262582,3793.6682759973337,14143.873822999012,1181.8947368421052
1781522675,20,,Aggregated,1.100000,0.000000,8400,8900,9900,11000,12000,14000,14000,14000,14000,14000,14000,19,0,8400,8060.157003262582,3793.6682759973337,14143.873822999012,1181.8947368421052
1781522676,20,,Aggregated,1.100000,0.000000,8400,8900,9900,11000,12000,14000,14000,14000,14000,14000,14000,19,0,8400,8060.157003262582,3793.6682759973337,14143.873822999012,1181.8947368421052
1781522677,20,,Aggregated,1.100000,0.000000,8400,8900,9900,11000,12000,14000,14000,14000,14000,14000,14000,19,0,8400,8060.157003262582,3793.6682759973337,14143.873822999012,1181.8947368421052
1781522678,20,,Aggregated,1.100000,0.000000,8400,8900,9900,11000,12000,14000,14000,14000,14000,14000,14000,19,0,8400,8060.157003262582,3793.6682759973337,14143.873822999012,1181.8947368421052
1781522680,20,,Aggregated,1.100000,0.000000,8400,8900,9900,11000,12000,14000,14000,14000,14000,14000,14000,19,0,8400,8060.157003262582,3793.6682759973337,14143.873822999012,1181.8947368421052
1781522681,20,,Aggregated,1.100000,0.000000,8400,8900,9900,11000,12000,14000,14000,14000,14000,14000,14000,19,0,8400,8060.157003262582,3793.6682759973337,14143.873822999012,1181.8947368421052
1781522682,20,,Aggregated,1.100000,0.000000,8400,8900,9900,11000,12000,14000,14000,14000,14000,14000,14000,19,0,8400,8060.157003262582,3793.6682759973337,14143.873822999012,1181.8947368421052
1781522683,20,,Aggregated,1.100000,0.000000,8400,8900,9900,11000,12000,14000,14000,14000,14000,14000,14000,19,0,8400,8060.157003262582,3793.6682759973337,14143.873822999012,1181.8947368421052
1781522684,20,,Aggregated,1.100000,0.000000,8400,8900,9900,11000,12000,14000,14000,14000,14000,14000,14000,19,0,8400,8060.157003262582,3793.6682759973337,14143.873822999012,1181.8947368421052
1781522685,20,,Aggregated,1.100000,0.000000,8400,8900,9900,11000,12000,14000,14000,14000,14000,14000,14000,19,0,8400,8060.157003262582,3793.6682759973337,14143.873822999012,1181.8947368421052
1781522686,20,,Aggregated,1.100000,0.000000,8400,8900,9900,11000,12000,14000,14000,14000,14000,14000,14000,19,0,8400,8060.157003262582,3793.6682759973337,14143.873822999012,1181.8947368421052
1781522687,20,,Aggregated,1.100000,0.000000,8400,8900,9900,11000,12000,14000,14000,14000,14000,14000,14000,19,0,8400,8060.157003262582,3793.6682759973337,14143.873822999012,1181.8947368421052
1781522688,20,,Aggregated,1.100000,0.000000,8400,8900,9900,11000,12000,14000,14000,14000,14000,14000,14000,19,0,8400,8060.157003262582,3793.6682759973337,14143.873822999012,1181.8947368421052
1781522689,20,,Aggregated,1.100000,0.000000,8400,8900,9900,11000,12000,14000,14000,14000,14000,14000,14000,19,0,8400,8060.157003262582,3793.6682759973337,14143.873822999012,1181.8947368421052
1781522690,20,,Aggregated,1.100000,0.000000,8400,8900,9900,11000,12000,14000,14000,14000,14000,14000,14000,19,0,8400,8060.157003262582,3793.6682759973337,14143.873822999012,1181.8947368421052
1781522691,20,,Aggregated,1.100000,0.000000,8400,8900,9900,11000,12000,14000,14000,14000,14000,14000,14000,19,0,8400,8060.157003262582,3793.6682759973337,14143.873822999012,1181.8947368421052
1781522692,20,,Aggregated,1.100000,0.000000,8400,8900,9900,11000,12000,14000,14000,14000,14000,14000,14000,19,0,8400,8060.157003262582,3793.6682759973337,14143.873822999012,1181.8947368421052
1781522693,20,,Aggregated,0.000000,0.000000,8500,8900,11000,11000,14000,51000,51000,51000,51000,51000,51000,20,0,8400,10196.988033449452,3793.6682759973337,50796.77760699997,1170.6
1781522694,20,,Aggregated,0.000000,0.000000,8500,8900,11000,11000,14000,51000,51000,51000,51000,51000,51000,20,0,8400,10196.988033449452,3793.6682759973337,50796.77760699997,1170.6
1781522695,20,,Aggregated,0.000000,0.000000,8500,8900,11000,11000,14000,51000,51000,51000,51000,51000,51000,20,0,8400,10196.988033449452,3793.6682759973337,50796.77760699997,1170.6
1781522696,20,,Aggregated,0.000000,0.000000,8500,8900,11000,11000,14000,51000,51000,51000,51000,51000,51000,20,0,8400,10196.988033449452,3793.6682759973337,50796.77760699997,1170.6
1781522697,20,,Aggregated,0.000000,0.000000,8500,8900,11000,11000,14000,51000,51000,51000,51000,51000,51000,20,0,8400,10196.988033449452,3793.6682759973337,50796.77760699997,1170.6
1781522698,20,,Aggregated,0.000000,0.000000,8500,8900,11000,11000,14000,51000,51000,51000,51000,51000,51000,20,0,8400,10196.988033449452,3793.6682759973337,50796.77760699997,1170.6
1781522699,20,,Aggregated,0.000000,0.000000,8500,8900,11000,11000,14000,51000,51000,51000,51000,51000,51000,20,0,8400,10196.988033449452,3793.6682759973337,50796.77760699997,1170.6
1781522700,20,,Aggregated,0.000000,0.000000,8500,8900,11000,11000,14000,51000,51000,51000,51000,51000,51000,20,0,8400,10196.988033449452,3793.6682759973337,50796.77760699997,1170.6
1781522701,20,,Aggregated,0.000000,0.000000,8500,8900,11000,11000,14000,51000,51000,51000,51000,51000,51000,20,0,8400,10196.988033449452,3793.6682759973337,50796.77760699997,1170.6
1781522702,20,,Aggregated,0.000000,0.000000,8500,8900,11000,11000,14000,51000,51000,51000,51000,51000,51000,20,0,8400,10196.988033449452,3793.6682759973337,50796.77760699997,1170.6
1781522703,20,,Aggregated,0.000000,0.000000,8500,8900,11000,11000,14000,51000,51000,51000,51000,51000,51000,20,0,8400,10196.988033449452,3793.6682759973337,50796.77760699997,1170.6
1781522704,20,,Aggregated,0.000000,0.000000,8500,8900,11000,11000,14000,51000,51000,51000,51000,51000,51000,20,0,8400,10196.988033449452,3793.6682759973337,50796.77760699997,1170.6
1781522705,20,,Aggregated,0.000000,0.000000,8500,8900,11000,11000,14000,51000,51000,51000,51000,51000,51000,20,0,8400,10196.988033449452,3793.6682759973337,50796.77760699997,1170.6
1781522706,20,,Aggregated,0.000000,0.000000,8500,8900,11000,11000,14000,51000,51000,51000,51000,51000,51000,20,0,8400,10196.988033449452,3793.6682759973337,50796.77760699997,1170.6
1781522707,20,,Aggregated,0.000000,0.000000,8500,8900,11000,11000,14000,51000,51000,51000,51000,51000,51000,20,0,8400,10196.988033449452,3793.6682759973337,50796.77760699997,1170.6
1781522708,20,,Aggregated,0.000000,0.000000,8500,8900,11000,11000,14000,51000,51000,51000,51000,51000,51000,20,0,8400,10196.988033449452,3793.6682759973337,50796.77760699997,1170.6
1781522709,20,,Aggregated,0.000000,0.000000,8500,8900,11000,11000,14000,51000,51000,51000,51000,51000,51000,20,0,8400,10196.988033449452,3793.6682759973337,50796.77760699997,1170.6
1781522710,20,,Aggregated,0.000000,0.000000,8500,8900,11000,11000,14000,51000,51000,51000,51000,51000,51000,20,0,8400,10196.988033449452,3793.6682759973337,50796.77760699997,1170.6
1781522711,20,,Aggregated,0.000000,0.000000,8500,8900,11000,11000,14000,51000,51000,51000,51000,51000,51000,20,0,8400,10196.988033449452,3793.6682759973337,50796.77760699997,1170.6
1781522712,20,,Aggregated,0.000000,0.000000,8500,8900,11000,11000,14000,51000,51000,51000,51000,51000,51000,20,0,8400,10196.988033449452,3793.6682759973337,50796.77760699997,1170.6
1781522713,20,,Aggregated,0.000000,0.000000,8500,8900,11000,11000,14000,51000,51000,51000,51000,51000,51000,20,0,8400,10196.988033449452,3793.6682759973337,50796.77760699997,1170.6
1781522714,20,,Aggregated,0.000000,0.000000,8500,8900,11000,11000,14000,19000,51000,51000,51000,51000,51000,21,0,8500,10634.048444856793,3793.6682759973337,50796.77760699997,1236.4761904761904
1781522715,20,,Aggregated,0.000000,0.000000,8500,8900,11000,11000,14000,19000,51000,51000,51000,51000,51000,21,0,8500,10634.048444856793,3793.6682759973337,50796.77760699997,1236.4761904761904
1781522716,20,,Aggregated,0.000000,0.000000,8500,8900,11000,11000,14000,19000,51000,51000,51000,51000,51000,21,0,8500,10634.048444856793,3793.6682759973337,50796.77760699997,1236.4761904761904
1781522717,20,,Aggregated,0.000000,0.000000,8500,8900,11000,11000,14000,19000,51000,51000,51000,51000,51000,21,0,8500,10634.048444856793,3793.6682759973337,50796.77760699997,1236.4761904761904
1781522718,20,,Aggregated,0.000000,0.000000,8500,8900,11000,11000,14000,19000,51000,51000,51000,51000,51000,21,0,8500,10634.048444856793,3793.6682759973337,50796.77760699997,1236.4761904761904
1781522719,20,,Aggregated,0.000000,0.000000,8500,8900,11000,11000,14000,19000,51000,51000,51000,51000,51000,21,0,8500,10634.048444856793,3793.6682759973337,50796.77760699997,1236.4761904761904
1781522720,20,,Aggregated,0.100000,0.000000,8700,9900,11000,12000,19000,51000,73000,73000,73000,73000,73000,22,0,8500,13467.415970454154,3793.6682759973337,72968.13400799874,1231.0454545454545
1781522721,20,,Aggregated,0.100000,0.000000,8700,9900,11000,12000,19000,51000,73000,73000,73000,73000,73000,22,0,8500,13467.415970454154,3793.6682759973337,72968.13400799874,1231.0454545454545
1781522722,20,,Aggregated,0.100000,0.000000,8700,9900,11000,12000,19000,51000,73000,73000,73000,73000,73000,22,0,8500,13467.415970454154,3793.6682759973337,72968.13400799874,1231.0454545454545
1781522723,20,,Aggregated,0.100000,0.000000,8700,9900,11000,12000,19000,51000,73000,73000,73000,73000,73000,22,0,8500,13467.415970454154,3793.6682759973337,72968.13400799874,1231.0454545454545
1781522724,20,,Aggregated,0.100000,0.000000,8700,9900,11000,12000,19000,51000,73000,73000,73000,73000,73000,22,0,8500,13467.415970454154,3793.6682759973337,72968.13400799874,1231.0454545454545
1781522725,20,,Aggregated,0.100000,0.000000,8700,9900,11000,12000,19000,51000,73000,73000,73000,73000,73000,22,0,8500,13467.415970454154,3793.6682759973337,72968.13400799874,1231.0454545454545
1781522726,20,,Aggregated,0.100000,0.000000,8700,9900,11000,12000,19000,51000,73000,73000,73000,73000,73000,22,0,8500,13467.415970454154,3793.6682759973337,72968.13400799874,1231.0454545454545
1781522727,20,,Aggregated,0.100000,0.000000,8700,11000,12000,14000,51000,73000,81000,81000,81000,81000,81000,23,0,8700,16383.555213347554,3793.6682759973337,80538.61855700234,1243.7826086956522
1781522728,20,,Aggregated,0.100000,0.000000,8700,11000,12000,14000,51000,73000,81000,81000,81000,81000,81000,23,0,8700,16383.555213347554,3793.6682759973337,80538.61855700234,1243.7826086956522
1781522729,20,,Aggregated,0.100000,0.000000,8700,11000,12000,14000,51000,73000,81000,81000,81000,81000,81000,23,0,8700,16383.555213347554,3793.6682759973337,80538.61855700234,1243.7826086956522
1781522730,20,,Aggregated,0.200000,0.000000,8900,11000,13000,14000,51000,73000,81000,81000,81000,81000,81000,24,0,8700,16251.175197416464,3793.6682759973337,80538.61855700234,1251.7083333333333
1781522731,20,,Aggregated,0.200000,0.000000,8900,11000,13000,14000,51000,73000,81000,81000,81000,81000,81000,24,0,8700,16251.175197416464,3793.6682759973337,80538.61855700234,1251.7083333333333
1781522732,20,,Aggregated,0.200000,0.000000,8900,11000,13000,14000,51000,73000,81000,81000,81000,81000,81000,24,0,8700,16251.175197416464,3793.6682759973337,80538.61855700234,1251.7083333333333
1781522733,20,,Aggregated,0.200000,0.000000,8900,11000,13000,14000,51000,73000,81000,81000,81000,81000,81000,24,0,8700,16251.175197416464,3793.6682759973337,80538.61855700234,1251.7083333333333
1781522734,20,,Aggregated,0.200000,0.000000,8900,11000,13000,14000,51000,73000,81000,81000,81000,81000,81000,24,0,8700,16251.175197416464,3793.6682759973337,80538.61855700234,1251.7083333333333
1781522735,20,,Aggregated,0.200000,0.000000,8900,11000,13000,14000,51000,73000,81000,81000,81000,81000,81000,24,0,8700,16251.175197416464,3793.6682759973337,80538.61855700234,1251.7083333333333
1781522736,20,,Aggregated,0.200000,0.000000,8900,11000,13000,14000,51000,73000,81000,81000,81000,81000,81000,24,0,8700,16251.175197416464,3793.6682759973337,80538.61855700234,1251.7083333333333
1781522737,20,,Aggregated,0.200000,0.000000,8900,11000,13000,14000,51000,73000,81000,81000,81000,81000,81000,24,0,8700,16251.175197416464,3793.6682759973337,80538.61855700234,1251.7083333333333
1781522738,20,,Aggregated,0.200000,0.000000,8900,11000,13000,14000,51000,73000,81000,81000,81000,81000,81000,24,0,8700,16251.175197416464,3793.6682759973337,80538.61855700234,1251.7083333333333
1781522739,20,,Aggregated,0.200000,0.000000,8900,11000,13000,14000,51000,73000,81000,81000,81000,81000,81000,24,0,8700,16251.175197416464,3793.6682759973337,80538.61855700234,1251.7083333333333
1781522740,20,,Aggregated,0.200000,0.000000,8900,11000,13000,14000,51000,73000,81000,81000,81000,81000,81000,24,0,8700,16251.175197416464,3793.6682759973337,80538.61855700234,1251.7083333333333
1781522741,20,,Aggregated,0.200000,0.000000,8900,11000,13000,14000,51000,73000,81000,81000,81000,81000,81000,24,0,8700,16251.175197416464,3793.6682759973337,80538.61855700234,1251.7083333333333
1781522742,20,,Aggregated,0.200000,0.000000,8900,11000,13000,14000,51000,73000,81000,81000,81000,81000,81000,24,0,8700,16251.175197416464,3793.6682759973337,80538.61855700234,1251.7083333333333
1781522743,20,,Aggregated,0.200000,0.000000,8900,11000,13000,14000,51000,73000,81000,81000,81000,81000,81000,24,0,8700,16251.175197416464,3793.6682759973337,80538.61855700234,1251.7083333333333
1781522744,20,,Aggregated,0.200000,0.000000,8900,11000,13000,14000,51000,73000,81000,81000,81000,81000,81000,24,0,8700,16251.175197416464,3793.6682759973337,80538.61855700234,1251.7083333333333
1781522745,20,,Aggregated,0.200000,0.000000,8900,11000,13000,14000,51000,73000,81000,81000,81000,81000,81000,24,0,8700,16251.175197416464,3793.6682759973337,80538.61855700234,1251.7083333333333
1781522746,20,,Aggregated,0.200000,0.000000,8900,11000,13000,14000,51000,73000,81000,81000,81000,81000,81000,24,0,8700,16251.175197416464,3793.6682759973337,80538.61855700234,1251.7083333333333
1781522747,20,,Aggregated,0.200000,0.000000,8900,11000,13000,14000,51000,73000,81000,81000,81000,81000,81000,24,0,8700,16251.175197416464,3793.6682759973337,80538.61855700234,1251.7083333333333
1781522748,20,,Aggregated,0.200000,0.000000,8900,11000,13000,14000,51000,73000,81000,81000,81000,81000,81000,24,0,8700,16251.175197416464,3793.6682759973337,80538.61855700234,1251.7083333333333
1781522749,20,,Aggregated,0.200000,0.000000,8900,11000,13000,14000,51000,73000,81000,81000,81000,81000,81000,24,0,8700,16251.175197416464,3793.6682759973337,80538.61855700234,1251.7083333333333
1781522750,20,,Aggregated,0.000000,0.000000,8900,11000,13000,19000,73000,81000,101000,101000,101000,101000,101000,25,0,8900,19643.77947931993,3793.6682759973337,101066.2822450031,1263.0
1781522751,20,,Aggregated,0.000000,0.000000,8900,11000,13000,19000,73000,81000,101000,101000,101000,101000,101000,25,0,8900,19643.77947931993,3793.6682759973337,101066.2822450031,1263.0
1781522752,20,,Aggregated,0.000000,0.000000,8900,11000,13000,19000,73000,81000,101000,101000,101000,101000,101000,25,0,8900,19643.77947931993,3793.6682759973337,101066.2822450031,1263.0
1781522753,20,,Aggregated,0.100000,0.000000,8900,12000,19000,22000,73000,81000,101000,101000,101000,101000,101000,27,0,8900,20097.618960703752,3793.6682759973337,101066.2822450031,1421.111111111111
1781522754,20,,Aggregated,0.100000,0.000000,9900,14000,20000,30000,81000,101000,110000,110000,110000,110000,110000,29,0,9900,23190.530539103656,3793.6682759973337,109773.0816129988,1472.8275862068965
1781522755,20,,Aggregated,0.100000,0.000000,9900,14000,20000,30000,81000,101000,110000,110000,110000,110000,110000,29,0,9900,23190.530539103656,3793.6682759973337,109773.0816129988,1472.8275862068965
1781522756,20,,Aggregated,0.200000,0.000000,11000,14000,22000,51000,101000,110000,110000,110000,110000,110000,110000,30,0,9900,26087.989943366847,3793.6682759973337,110114.31266699947,1460.4333333333334
1781522757,20,,Aggregated,0.200000,0.000000,11000,14000,22000,51000,101000,110000,110000,110000,110000,110000,110000,30,0,9900,26087.989943366847,3793.6682759973337,110114.31266699947,1460.4333333333334
1781522758,20,,Aggregated,0.600000,0.000000,11000,19000,30000,51000,101000,110000,119000,119000,119000,119000,119000,31,0,11000,29092.71444987122,3793.6682759973337,119234.44964500231,1458.225806451613
1781522759,20,,Aggregated,0.600000,0.000000,11000,19000,30000,51000,101000,110000,119000,119000,119000,119000,119000,31,0,11000,29092.71444987122,3793.6682759973337,119234.44964500231,1458.225806451613
1781522760,20,,Aggregated,0.600000,0.000000,11000,19000,30000,51000,101000,110000,119000,119000,119000,119000,119000,31,0,11000,29092.71444987122,3793.6682759973337,119234.44964500231,1458.225806451613
1781522761,20,,Aggregated,0.600000,0.000000,11000,19000,30000,51000,101000,110000,119000,119000,119000,119000,119000,32,0,9900,28351.25215475023,3793.6682759973337,119234.44964500231,1442.09375
1781522762,20,,Aggregated,0.700000,0.000000,9900,14000,22000,51000,101000,110000,119000,119000,119000,119000,119000,33,0,9900,27693.401075212354,3793.6682759973337,119234.44964500231,1432.7878787878788
1781522763,20,,Aggregated,0.700000,0.000000,9900,14000,22000,51000,101000,110000,119000,119000,119000,119000,119000,33,0,9900,27693.401075212354,3793.6682759973337,119234.44964500231,1432.7878787878788
1781522764,20,,Aggregated,0.700000,0.000000,9900,14000,22000,51000,101000,110000,119000,119000,119000,119000,119000,33,0,9900,27693.401075212354,3793.6682759973337,119234.44964500231,1432.7878787878788
1781522765,20,,Aggregated,0.700000,0.000000,9900,14000,22000,51000,101000,110000,119000,119000,119000,119000,119000,33,0,9900,27693.401075212354,3793.6682759973337,119234.44964500231,1432.7878787878788
1781522766,20,,Aggregated,0.700000,0.000000,9900,14000,22000,51000,101000,110000,119000,119000,119000,119000,119000,33,0,9900,27693.401075212354,3793.6682759973337,119234.44964500231,1432.7878787878788
1781522767,20,,Aggregated,0.700000,0.000000,9900,14000,22000,51000,101000,110000,119000,119000,119000,119000,119000,33,0,9900,27693.401075212354,3793.6682759973337,119234.44964500231,1432.7878787878788
1781522768,20,,Aggregated,0.400000,0.000000,11000,14000,22000,51000,101000,110000,119000,119000,119000,119000,119000,34,0,9900,27262.09176982358,3793.6682759973337,119234.44964500231,1427.7941176470588
1781522769,20,,Aggregated,0.400000,0.000000,11000,14000,22000,51000,101000,110000,119000,119000,119000,119000,119000,34,0,9900,27262.09176982358,3793.6682759973337,119234.44964500231,1427.7941176470588
1781522770,20,,Aggregated,0.400000,0.000000,11000,14000,22000,51000,101000,110000,119000,119000,119000,119000,119000,34,0,9900,27262.09176982358,3793.6682759973337,119234.44964500231,1427.7941176470588
1781522771,20,,Aggregated,0.400000,0.000000,9900,14000,22000,51000,101000,110000,119000,119000,119000,119000,119000,35,0,9900,26612.049009314385,3793.6682759973337,119234.44964500231,1413.7142857142858
1781522772,20,,Aggregated,0.300000,0.000000,9900,13000,22000,30000,101000,110000,119000,119000,119000,119000,119000,36,0,8900,26099.126666166645,3793.6682759973337,119234.44964500231,1411.2777777777778
1781522773,20,,Aggregated,0.300000,0.000000,9900,14000,20000,30000,101000,110000,119000,119000,119000,119000,119000,37,0,9900,25774.062863432508,3793.6682759973337,119234.44964500231,1410.1891891891892
1781522774,20,,Aggregated,0.300000,0.000000,9900,14000,20000,30000,101000,110000,119000,119000,119000,119000,119000,37,0,9900,25774.062863432508,3793.6682759973337,119234.44964500231,1410.1891891891892
1781522775,20,,Aggregated,0.400000,0.000000,11000,13000,20000,30000,101000,110000,119000,119000,119000,119000,119000,39,0,11000,25075.90060948711,3793.6682759973337,119234.44964500231,1402.7435897435898
1781522776,20,,Aggregated,0.400000,0.000000,11000,13000,20000,30000,101000,110000,119000,119000,119000,119000,119000,39,0,11000,25075.90060948711,3793.6682759973337,119234.44964500231,1402.7435897435898
1781522777,20,,Aggregated,0.400000,0.000000,11000,13000,20000,30000,101000,110000,119000,119000,119000,119000,119000,39,0,11000,25075.90060948711,3793.6682759973337,119234.44964500231,1402.7435897435898
1781522778,20,,Aggregated,0.400000,0.000000,11000,13000,20000,30000,101000,110000,119000,119000,119000,119000,119000,39,0,11000,25075.90060948711,3793.6682759973337,119234.44964500231,1402.7435897435898
1781522779,20,,Aggregated,0.400000,0.000000,11000,13000,20000,30000,101000,110000,119000,119000,119000,119000,119000,39,0,11000,25075.90060948711,3793.6682759973337,119234.44964500231,1402.7435897435898
1781522780,20,,Aggregated,0.400000,0.000000,11000,13000,20000,30000,101000,110000,119000,119000,119000,119000,119000,39,0,11000,25075.90060948711,3793.6682759973337,119234.44964500231,1402.7435897435898
1781522781,20,,Aggregated,0.400000,0.000000,11000,13000,20000,30000,101000,110000,119000,119000,119000,119000,119000,39,0,11000,25075.90060948711,3793.6682759973337,119234.44964500231,1402.7435897435898
1781522782,20,,Aggregated,0.400000,0.000000,11000,13000,20000,30000,101000,110000,119000,119000,119000,119000,119000,39,0,11000,25075.90060948711,3793.6682759973337,119234.44964500231,1402.7435897435898
1781522783,20,,Aggregated,0.400000,0.000000,11000,13000,20000,30000,101000,110000,119000,119000,119000,119000,119000,39,0,11000,25075.90060948711,3793.6682759973337,119234.44964500231,1402.7435897435898
1781522784,20,,Aggregated,0.400000,0.000000,11000,14000,19000,22000,81000,110000,119000,119000,119000,119000,119000,41,0,11000,24453.619459682828,3793.6682759973337,119234.44964500231,1426.9268292682927
1781522785,20,,Aggregated,0.400000,0.000000,11000,14000,19000,22000,81000,110000,119000,119000,119000,119000,119000,41,0,11000,24453.619459682828,3793.6682759973337,119234.44964500231,1426.9268292682927
1781522786,20,,Aggregated,0.400000,0.000000,11000,14000,19000,22000,81000,110000,119000,119000,119000,119000,119000,41,0,11000,24453.619459682828,3793.6682759973337,119234.44964500231,1426.9268292682927
1781522787,20,,Aggregated,0.400000,0.000000,11000,14000,19000,22000,81000,110000,119000,119000,119000,119000,119000,41,0,11000,24453.619459682828,3793.6682759973337,119234.44964500231,1426.9268292682927
1781522788,20,,Aggregated,0.400000,0.000000,11000,14000,19000,22000,81000,110000,119000,119000,119000,119000,119000,41,0,11000,24453.619459682828,3793.6682759973337,119234.44964500231,1426.9268292682927
1781522789,20,,Aggregated,0.400000,0.000000,11000,14000,19000,22000,81000,110000,119000,119000,119000,119000,119000,41,0,11000,24453.619459682828,3793.6682759973337,119234.44964500231,1426.9268292682927
1781522790,20,,Aggregated,0.200000,0.000000,11000,14000,20000,30000,101000,110000,140000,140000,140000,140000,140000,43,0,11000,26883.239134953248,3793.6682759973337,139728.93720799766,1493.9767441860465
1781522791,20,,Aggregated,0.200000,0.000000,11000,14000,20000,30000,101000,110000,140000,140000,140000,140000,140000,43,0,11000,26883.239134953248,3793.6682759973337,139728.93720799766,1493.9767441860465
1781522792,20,,Aggregated,0.200000,0.000000,11000,14000,20000,30000,101000,110000,140000,140000,140000,140000,140000,43,0,11000,26883.239134953248,3793.6682759973337,139728.93720799766,1493.9767441860465
1781522793,20,,Aggregated,0.200000,0.000000,11000,14000,20000,30000,101000,110000,140000,140000,140000,140000,140000,43,0,11000,26883.239134953248,3793.6682759973337,139728.93720799766,1493.9767441860465
1781522794,20,,Aggregated,0.200000,0.000000,11000,14000,20000,30000,101000,110000,140000,140000,140000,140000,140000,43,0,11000,26883.239134953248,3793.6682759973337,139728.93720799766,1493.9767441860465
1781522795,20,,Aggregated,0.200000,0.000000,11000,14000,20000,30000,101000,110000,140000,140000,140000,140000,140000,43,0,11000,26883.239134953248,3793.6682759973337,139728.93720799766,1493.9767441860465
1781522796,20,,Aggregated,0.200000,0.000000,11000,14000,20000,30000,101000,110000,140000,140000,140000,140000,140000,43,0,11000,26883.239134953248,3793.6682759973337,139728.93720799766,1493.9767441860465
1781522797,20,,Aggregated,0.400000,0.000000,12000,14000,22000,51000,110000,119000,147000,147000,147000,147000,147000,44,0,11000,29620.28232036342,3793.6682759973337,147313.13929300086,1600.7727272727273
1781522798,20,,Aggregated,0.400000,0.000000,12000,14000,22000,51000,110000,119000,147000,147000,147000,147000,147000,44,0,11000,29620.28232036342,3793.6682759973337,147313.13929300086,1600.7727272727273
1781522799,20,,Aggregated,0.400000,0.000000,12000,14000,22000,51000,110000,119000,147000,147000,147000,147000,147000,44,0,11000,29620.28232036342,3793.6682759973337,147313.13929300086,1600.7727272727273
1781522800,20,,Aggregated,0.400000,0.000000,12000,14000,22000,51000,110000,119000,147000,147000,147000,147000,147000,44,0,11000,29620.28232036342,3793.6682759973337,147313.13929300086,1600.7727272727273
1781522801,20,,Aggregated,0.400000,0.000000,12000,14000,22000,51000,110000,119000,147000,147000,147000,147000,147000,44,0,11000,29620.28232036342,3793.6682759973337,147313.13929300086,1600.7727272727273
1781522802,20,,Aggregated,0.400000,0.000000,12000,14000,22000,51000,110000,119000,147000,147000,147000,147000,147000,44,0,11000,29620.28232036342,3793.6682759973337,147313.13929300086,1600.7727272727273
1781522803,20,,Aggregated,0.400000,0.000000,12000,14000,22000,51000,110000,119000,147000,147000,147000,147000,147000,44,0,11000,29620.28232036342,3793.6682759973337,147313.13929300086,1600.7727272727273
1781522804,20,,Aggregated,0.400000,0.000000,12000,14000,22000,51000,110000,119000,147000,147000,147000,147000,147000,44,0,11000,29620.28232036342,3793.6682759973337,147313.13929300086,1600.7727272727273
1781522805,20,,Aggregated,0.400000,0.000000,12000,14000,22000,51000,110000,119000,147000,147000,147000,147000,147000,44,0,11000,29620.28232036342,3793.6682759973337,147313.13929300086,1600.7727272727273
1781522806,20,,Aggregated,0.400000,0.000000,12000,14000,22000,51000,110000,119000,147000,147000,147000,147000,147000,44,0,11000,29620.28232036342,3793.6682759973337,147313.13929300086,1600.7727272727273
1781522807,20,,Aggregated,0.400000,0.000000,12000,14000,22000,51000,110000,119000,147000,147000,147000,147000,147000,44,0,11000,29620.28232036342,3793.6682759973337,147313.13929300086,1600.7727272727273
1781522808,20,,Aggregated,0.400000,0.000000,12000,14000,22000,51000,110000,119000,147000,147000,147000,147000,147000,44,0,11000,29620.28232036342,3793.6682759973337,147313.13929300086,1600.7727272727273
1781522809,20,,Aggregated,0.400000,0.000000,12000,14000,22000,51000,110000,119000,147000,147000,147000,147000,147000,44,0,11000,29620.28232036342,3793.6682759973337,147313.13929300086,1600.7727272727273
1781522810,20,,Aggregated,0.400000,0.000000,12000,14000,22000,51000,110000,119000,147000,147000,147000,147000,147000,44,0,11000,29620.28232036342,3793.6682759973337,147313.13929300086,1600.7727272727273
1781522811,20,,Aggregated,0.400000,0.000000,12000,14000,22000,51000,110000,119000,147000,147000,147000,147000,147000,44,0,11000,29620.28232036342,3793.6682759973337,147313.13929300086,1600.7727272727273
1781522812,20,,Aggregated,0.000000,0.000000,12000,14000,22000,73000,110000,140000,169000,169000,169000,169000,169000,45,0,12000,32708.47367686656,3793.6682759973337,168588.8933630049,1624.6222222222223
1781522813,20,,Aggregated,0.000000,0.000000,12000,14000,22000,73000,110000,140000,169000,169000,169000,169000,169000,45,0,12000,32708.47367686656,3793.6682759973337,168588.8933630049,1624.6222222222223
1781522814,20,,Aggregated,0.000000,0.000000,12000,14000,22000,73000,110000,140000,169000,169000,169000,169000,169000,45,0,12000,32708.47367686656,3793.6682759973337,168588.8933630049,1624.6222222222223
1781522815,20,,Aggregated,0.000000,0.000000,12000,14000,22000,73000,110000,140000,169000,169000,169000,169000,169000,45,0,12000,32708.47367686656,3793.6682759973337,168588.8933630049,1624.6222222222223
1781522816,20,,Aggregated,0.000000,0.000000,12000,14000,22000,73000,110000,140000,169000,169000,169000,169000,169000,45,0,12000,32708.47367686656,3793.6682759973337,168588.8933630049,1624.6222222222223
1781522817,20,,Aggregated,0.000000,0.000000,12000,14000,22000,73000,110000,140000,169000,169000,169000,169000,169000,45,0,12000,32708.47367686656,3793.6682759973337,168588.8933630049,1624.6222222222223
1781522818,20,,Aggregated,0.000000,0.000000,12000,14000,22000,73000,110000,140000,169000,169000,169000,169000,169000,45,0,12000,32708.47367686656,3793.6682759973337,168588.8933630049,1624.6222222222223
1781522819,20,,Aggregated,0.000000,0.000000,12000,14000,22000,73000,110000,140000,169000,169000,169000,169000,169000,45,0,12000,32708.47367686656,3793.6682759973337,168588.8933630049,1624.6222222222223
1781522820,20,,Aggregated,0.000000,0.000000,12000,14000,22000,73000,110000,140000,169000,169000,169000,169000,169000,45,0,12000,32708.47367686656,3793.6682759973337,168588.8933630049,1624.6222222222223
1781522821,20,,Aggregated,0.000000,0.000000,12000,14000,22000,73000,110000,140000,169000,169000,169000,169000,169000,45,0,12000,32708.47367686656,3793.6682759973337,168588.8933630049,1624.6222222222223
1781522822,20,,Aggregated,0.000000,0.000000,12000,14000,22000,73000,110000,140000,169000,169000,169000,169000,169000,45,0,12000,32708.47367686656,3793.6682759973337,168588.8933630049,1624.6222222222223
1781522823,20,,Aggregated,0.000000,0.000000,12000,14000,22000,73000,110000,140000,169000,169000,169000,169000,169000,45,0,12000,32708.47367686656,3793.6682759973337,168588.8933630049,1624.6222222222223
1781522824,20,,Aggregated,0.000000,0.000000,12000,14000,22000,73000,110000,140000,169000,169000,169000,169000,169000,45,0,12000,32708.47367686656,3793.6682759973337,168588.8933630049,1624.6222222222223
1781522825,20,,Aggregated,0.000000,0.000000,12000,14000,22000,73000,110000,140000,169000,169000,169000,169000,169000,45,0,12000,32708.47367686656,3793.6682759973337,168588.8933630049,1624.6222222222223
1781522826,20,,Aggregated,0.000000,0.000000,12000,14000,22000,73000,110000,140000,169000,169000,169000,169000,169000,45,0,12000,32708.47367686656,3793.6682759973337,168588.8933630049,1624.6222222222223
1781522827,20,,Aggregated,0.000000,0.000000,12000,14000,22000,73000,110000,140000,169000,169000,169000,169000,169000,45,0,12000,32708.47367686656,3793.6682759973337,168588.8933630049,1624.6222222222223
1781522828,20,,Aggregated,0.000000,0.000000,12000,14000,22000,73000,110000,140000,169000,169000,169000,169000,169000,45,0,12000,32708.47367686656,3793.6682759973337,168588.8933630049,1624.6222222222223
1781522829,20,,Aggregated,0.000000,0.000000,12000,14000,22000,73000,110000,140000,169000,169000,169000,169000,169000,45,0,12000,32708.47367686656,3793.6682759973337,168588.8933630049,1624.6222222222223
1781522830,20,,Aggregated,0.000000,0.000000,12000,14000,22000,73000,110000,140000,169000,169000,169000,169000,169000,45,0,12000,32708.47367686656,3793.6682759973337,168588.8933630049,1624.6222222222223
1781522831,20,,Aggregated,0.000000,0.000000,12000,14000,22000,73000,110000,140000,169000,169000,169000,169000,169000,45,0,12000,32708.47367686656,3793.6682759973337,168588.8933630049,1624.6222222222223
1781522832,20,,Aggregated,0.000000,0.000000,12000,14000,22000,73000,110000,140000,169000,169000,169000,169000,169000,45,0,12000,32708.47367686656,3793.6682759973337,168588.8933630049,1624.6222222222223
1781522833,20,,Aggregated,0.000000,0.000000,12000,14000,22000,73000,110000,140000,169000,169000,169000,169000,169000,45,0,12000,32708.47367686656,3793.6682759973337,168588.8933630049,1624.6222222222223
1781522834,20,,Aggregated,0.000000,0.000000,12000,14000,22000,73000,110000,140000,169000,169000,169000,169000,169000,45,0,12000,32708.47367686656,3793.6682759973337,168588.8933630049,1624.6222222222223
1781522835,20,,Aggregated,0.000000,0.000000,12000,14000,22000,73000,110000,140000,169000,169000,169000,169000,169000,45,0,12000,32708.47367686656,3793.6682759973337,168588.8933630049,1624.6222222222223
1781522836,20,,Aggregated,0.000000,0.000000,12000,14000,22000,73000,110000,140000,169000,169000,169000,169000,169000,45,0,12000,32708.47367686656,3793.6682759973337,168588.8933630049,1624.6222222222223
1781522837,20,,Aggregated,0.000000,0.000000,12000,14000,22000,73000,110000,140000,169000,169000,169000,169000,169000,45,0,12000,32708.47367686656,3793.6682759973337,168588.8933630049,1624.6222222222223
1781522838,20,,Aggregated,0.000000,0.000000,12000,14000,22000,73000,110000,140000,169000,169000,169000,169000,169000,45,0,12000,32708.47367686656,3793.6682759973337,168588.8933630049,1624.6222222222223
1781522839,20,,Aggregated,0.000000,0.000000,12000,14000,30000,73000,119000,147000,190000,190000,190000,190000,190000,46,0,12000,36136.080115412886,3793.6682759973337,190378.3698499974,1610.1304347826087
1781522840,20,,Aggregated,0.000000,0.000000,12000,14000,30000,73000,119000,147000,190000,190000,190000,190000,190000,46,0,12000,36136.080115412886,3793.6682759973337,190378.3698499974,1610.1304347826087
1781522841,20,,Aggregated,0.000000,0.000000,12000,14000,30000,73000,119000,147000,190000,190000,190000,190000,190000,46,0,12000,36136.080115412886,3793.6682759973337,190378.3698499974,1610.1304347826087
1781522842,20,,Aggregated,0.000000,0.000000,12000,14000,30000,73000,119000,147000,190000,190000,190000,190000,190000,46,0,12000,36136.080115412886,3793.6682759973337,190378.3698499974,1610.1304347826087
1781522843,20,,Aggregated,0.000000,0.000000,12000,14000,30000,73000,119000,147000,190000,190000,190000,190000,190000,46,0,12000,36136.080115412886,3793.6682759973337,190378.3698499974,1610.1304347826087
1781522844,20,,Aggregated,0.000000,0.000000,12000,14000,30000,73000,119000,147000,190000,190000,190000,190000,190000,46,0,12000,36136.080115412886,3793.6682759973337,190378.3698499974,1610.1304347826087
1781522845,20,,Aggregated,0.000000,0.000000,12000,14000,30000,73000,119000,147000,190000,190000,190000,190000,190000,46,0,12000,36136.080115412886,3793.6682759973337,190378.3698499974,1610.1304347826087
1781522846,20,,Aggregated,0.000000,0.000000,12000,14000,30000,73000,119000,147000,190000,190000,190000,190000,190000,46,0,12000,36136.080115412886,3793.6682759973337,190378.3698499974,1610.1304347826087
1781522847,20,,Aggregated,0.000000,0.000000,12000,14000,30000,73000,119000,147000,190000,190000,190000,190000,190000,46,0,12000,36136.080115412886,3793.6682759973337,190378.3698499974,1610.1304347826087
1781522848,20,,Aggregated,0.000000,0.000000,12000,14000,30000,73000,119000,147000,190000,190000,190000,190000,190000,46,0,12000,36136.080115412886,3793.6682759973337,190378.3698499974,1610.1304347826087
1781522849,20,,Aggregated,0.000000,0.000000,12000,14000,30000,73000,119000,147000,190000,190000,190000,190000,190000,46,0,12000,36136.080115412886,3793.6682759973337,190378.3698499974,1610.1304347826087
1781522850,20,,Aggregated,0.000000,0.000000,12000,14000,30000,73000,119000,147000,190000,190000,190000,190000,190000,46,0,12000,36136.080115412886,3793.6682759973337,190378.3698499974,1610.1304347826087
1781522851,20,,Aggregated,0.000000,0.000000,12000,14000,30000,73000,119000,147000,190000,190000,190000,190000,190000,46,0,12000,36136.080115412886,3793.6682759973337,190378.3698499974,1610.1304347826087
1781522852,20,,Aggregated,0.000000,0.000000,12000,14000,30000,73000,119000,147000,190000,190000,190000,190000,190000,46,0,12000,36136.080115412886,3793.6682759973337,190378.3698499974,1610.1304347826087
1781522853,20,,Aggregated,0.000000,0.000000,12000,14000,30000,73000,119000,147000,190000,190000,190000,190000,190000,46,0,12000,36136.080115412886,3793.6682759973337,190378.3698499974,1610.1304347826087
1781522854,20,,Aggregated,0.000000,0.000000,12000,14000,30000,73000,119000,147000,190000,190000,190000,190000,190000,46,0,12000,36136.080115412886,3793.6682759973337,190378.3698499974,1610.1304347826087
1781522855,20,,Aggregated,0.000000,0.000000,12000,14000,30000,73000,119000,147000,190000,190000,190000,190000,190000,46,0,12000,36136.080115412886,3793.6682759973337,190378.3698499974,1610.1304347826087
1781522856,20,,Aggregated,0.000000,0.000000,12000,14000,30000,73000,119000,147000,190000,190000,190000,190000,190000,46,0,12000,36136.080115412886,3793.6682759973337,190378.3698499974,1610.1304347826087
1781522857,20,,Aggregated,0.000000,0.000000,12000,14000,30000,73000,119000,147000,190000,190000,190000,190000,190000,46,0,12000,36136.080115412886,3793.6682759973337,190378.3698499974,1610.1304347826087
1781522858,20,,Aggregated,0.000000,0.000000,12000,14000,30000,73000,119000,147000,190000,190000,190000,190000,190000,46,0,12000,36136.080115412886,3793.6682759973337,190378.3698499974,1610.1304347826087
1781522859,20,,Aggregated,0.000000,0.000000,12000,14000,30000,73000,119000,147000,190000,190000,190000,190000,190000,46,0,12000,36136.080115412886,3793.6682759973337,190378.3698499974,1610.1304347826087
1781522860,20,,Aggregated,0.000000,0.000000,12000,19000,51000,81000,140000,169000,212000,212000,212000,212000,212000,47,0,12000,39880.269207233876,3793.6682759973337,212112.96743099956,1615.1063829787233
1781522861,20,,Aggregated,0.000000,0.000000,12000,19000,51000,81000,140000,169000,212000,212000,212000,212000,212000,47,0,12000,39880.269207233876,3793.6682759973337,212112.96743099956,1615.1063829787233
1781522862,20,,Aggregated,0.000000,0.000000,12000,19000,51000,81000,140000,169000,212000,212000,212000,212000,212000,47,0,12000,39880.269207233876,3793.6682759973337,212112.96743099956,1615.1063829787233
1781522863,20,,Aggregated,0.000000,0.000000,12000,19000,51000,81000,140000,169000,212000,212000,212000,212000,212000,47,0,12000,39880.269207233876,3793.6682759973337,212112.96743099956,1615.1063829787233
1781522864,20,,Aggregated,0.000000,0.000000,12000,19000,51000,81000,140000,169000,212000,212000,212000,212000,212000,47,0,12000,39880.269207233876,3793.6682759973337,212112.96743099956,1615.1063829787233
1781522865,20,,Aggregated,0.000000,0.000000,12000,19000,51000,81000,140000,169000,212000,212000,212000,212000,212000,47,0,12000,39880.269207233876,3793.6682759973337,212112.96743099956,1615.1063829787233
1781522866,20,,Aggregated,0.000000,0.000000,12000,19000,51000,81000,140000,169000,212000,212000,212000,212000,212000,47,0,12000,39880.269207233876,3793.6682759973337,212112.96743099956,1615.1063829787233
1781522867,20,,Aggregated,0.000000,0.000000,12000,19000,51000,81000,140000,169000,212000,212000,212000,212000,212000,47,0,12000,39880.269207233876,3793.6682759973337,212112.96743099956,1615.1063829787233
1781522868,20,,Aggregated,0.000000,0.000000,12000,19000,51000,81000,140000,169000,212000,212000,212000,212000,212000,47,0,12000,39880.269207233876,3793.6682759973337,212112.96743099956,1615.1063829787233
1781522869,20,,Aggregated,0.100000,0.000000,12000,19000,73000,101000,147000,190000,212000,212000,212000,212000,212000,48,0,12000,43442.98974489554,3793.6682759973337,212112.96743099956,1667.5
1781522870,20,,Aggregated,0.100000,0.000000,12000,19000,73000,101000,147000,190000,212000,212000,212000,212000,212000,48,0,12000,43442.98974489554,3793.6682759973337,212112.96743099956,1667.5
1781522871,20,,Aggregated,0.100000,0.000000,12000,20000,73000,110000,169000,211000,224000,224000,224000,224000,224000,49,0,12000,47130.40662357109,3793.6682759973337,224126.41679999797,1658.1836734693877
1781522872,20,,Aggregated,0.100000,0.000000,12000,20000,73000,110000,169000,211000,224000,224000,224000,224000,224000,49,0,12000,47130.40662357109,3793.6682759973337,224126.41679999797,1658.1836734693877
1781522873,20,,Aggregated,0.100000,0.000000,12000,20000,73000,110000,169000,211000,224000,224000,224000,224000,224000,49,0,12000,47130.40662357109,3793.6682759973337,224126.41679999797,1658.1836734693877
1781522874,20,,Aggregated,0.100000,0.000000,12000,20000,73000,110000,169000,211000,224000,224000,224000,224000,224000,49,0,12000,47130.40662357109,3793.6682759973337,224126.41679999797,1658.1836734693877
1781522875,20,,Aggregated,0.100000,0.000000,12000,20000,73000,110000,169000,211000,224000,224000,224000,224000,224000,49,0,12000,47130.40662357109,3793.6682759973337,224126.41679999797,1658.1836734693877
1781522876,20,,Aggregated,0.100000,0.000000,12000,20000,73000,110000,169000,211000,224000,224000,224000,224000,224000,49,0,12000,47130.40662357109,3793.6682759973337,224126.41679999797,1658.1836734693877
1781522877,20,,Aggregated,0.100000,0.000000,12000,20000,73000,110000,169000,211000,224000,224000,224000,224000,224000,49,0,12000,47130.40662357109,3793.6682759973337,224126.41679999797,1658.1836734693877
1781522879,20,,Aggregated,0.100000,0.000000,12000,20000,73000,110000,169000,211000,224000,224000,224000,224000,224000,49,0,12000,47130.40662357109,3793.6682759973337,224126.41679999797,1658.1836734693877
1781522880,20,,Aggregated,0.100000,0.000000,12000,20000,73000,110000,169000,211000,224000,224000,224000,224000,224000,49,0,12000,47130.40662357109,3793.6682759973337,224126.41679999797,1658.1836734693877
1781522881,20,,Aggregated,0.100000,0.000000,12000,20000,73000,110000,169000,211000,224000,224000,224000,224000,224000,49,0,12000,47130.40662357109,3793.6682759973337,224126.41679999797,1658.1836734693877
1781522882,20,,Aggregated,0.100000,0.000000,12000,20000,73000,110000,169000,211000,224000,224000,224000,224000,224000,49,0,12000,47130.40662357109,3793.6682759973337,224126.41679999797,1658.1836734693877
1781522883,20,,Aggregated,0.100000,0.000000,12000,20000,73000,110000,169000,211000,224000,224000,224000,224000,224000,49,0,12000,47130.40662357109,3793.6682759973337,224126.41679999797,1658.1836734693877
1781522884,20,,Aggregated,0.100000,0.000000,13000,22000,101000,110000,169000,212000,224000,234000,234000,234000,234000,51,0,13000,51992.52693374472,3793.6682759973337,233534.44899500028,1649.450980392157
1781522885,20,,Aggregated,0.100000,0.000000,13000,22000,101000,110000,169000,212000,224000,234000,234000,234000,234000,51,0,13000,51992.52693374472,3793.6682759973337,233534.44899500028,1649.450980392157
1781522886,20,,Aggregated,0.100000,0.000000,13000,22000,101000,110000,169000,212000,224000,234000,234000,234000,234000,51,0,13000,51992.52693374472,3793.6682759973337,233534.44899500028,1649.450980392157
1781522887,20,,Aggregated,0.100000,0.000000,13000,22000,101000,110000,169000,212000,224000,234000,234000,234000,234000,51,0,13000,51992.52693374472,3793.6682759973337,233534.44899500028,1649.450980392157
1781522888,20,,Aggregated,0.100000,0.000000,13000,22000,101000,110000,169000,212000,224000,234000,234000,234000,234000,51,0,13000,51992.52693374472,3793.6682759973337,233534.44899500028,1649.450980392157
1781522889,20,,Aggregated,0.100000,0.000000,13000,22000,101000,110000,169000,212000,224000,234000,234000,234000,234000,51,0,13000,51992.52693374472,3793.6682759973337,233534.44899500028,1649.450980392157
1781522890,20,,Aggregated,0.100000,0.000000,13000,22000,101000,110000,169000,212000,224000,234000,234000,234000,234000,51,0,13000,51992.52693374472,3793.6682759973337,233534.44899500028,1649.450980392157
1781522891,20,,Aggregated,0.100000,0.000000,13000,22000,101000,110000,169000,212000,224000,234000,234000,234000,234000,51,0,13000,51992.52693374472,3793.6682759973337,233534.44899500028,1649.450980392157
1781522892,20,,Aggregated,0.100000,0.000000,13000,22000,101000,110000,169000,212000,224000,234000,234000,234000,234000,51,0,13000,51992.52693374472,3793.6682759973337,233534.44899500028,1649.450980392157
1781522893,20,,Aggregated,0.100000,0.000000,13000,22000,101000,110000,169000,212000,224000,234000,234000,234000,234000,51,0,13000,51992.52693374472,3793.6682759973337,233534.44899500028,1649.450980392157
1781522894,20,,Aggregated,0.100000,0.000000,13000,22000,101000,110000,169000,212000,224000,234000,234000,234000,234000,51,0,13000,51992.52693374472,3793.6682759973337,233534.44899500028,1649.450980392157
1781522895,20,,Aggregated,0.100000,0.000000,13000,22000,101000,110000,169000,212000,224000,234000,234000,234000,234000,51,0,13000,51992.52693374472,3793.6682759973337,233534.44899500028,1649.450980392157
1781522896,20,,Aggregated,0.100000,0.000000,13000,22000,101000,110000,169000,212000,224000,234000,234000,234000,234000,51,0,13000,51992.52693374472,3793.6682759973337,233534.44899500028,1649.450980392157
1781522897,20,,Aggregated,0.100000,0.000000,13000,22000,101000,110000,169000,212000,224000,234000,234000,234000,234000,51,0,13000,51992.52693374472,3793.6682759973337,233534.44899500028,1649.450980392157
1781522898,20,,Aggregated,0.100000,0.000000,13000,22000,101000,110000,169000,212000,224000,234000,234000,234000,234000,51,0,13000,51992.52693374472,3793.6682759973337,233534.44899500028,1649.450980392157
1781522899,20,,Aggregated,0.100000,0.000000,13000,22000,101000,110000,169000,212000,224000,234000,234000,234000,234000,51,0,13000,51992.52693374472,3793.6682759973337,233534.44899500028,1649.450980392157
1781522900,20,,Aggregated,0.100000,0.000000,13000,22000,101000,110000,169000,212000,224000,234000,234000,234000,234000,51,0,13000,51992.52693374472,3793.6682759973337,233534.44899500028,1649.450980392157
1781522901,20,,Aggregated,0.100000,0.000000,13000,22000,101000,110000,169000,212000,224000,234000,234000,234000,234000,51,0,13000,51992.52693374472,3793.6682759973337,233534.44899500028,1649.450980392157
1781522902,20,,Aggregated,0.100000,0.000000,13000,22000,101000,110000,169000,212000,224000,234000,234000,234000,234000,51,0,13000,51992.52693374472,3793.6682759973337,233534.44899500028,1649.450980392157
1781522903,20,,Aggregated,0.100000,0.000000,13000,22000,101000,110000,169000,212000,224000,234000,234000,234000,234000,51,0,13000,51992.52693374472,3793.6682759973337,233534.44899500028,1649.450980392157
1781522904,20,,Aggregated,0.100000,0.000000,13000,22000,101000,110000,169000,212000,224000,234000,234000,234000,234000,51,0,13000,51992.52693374472,3793.6682759973337,233534.44899500028,1649.450980392157
1781522905,20,,Aggregated,0.000000,0.000000,13000,30000,109000,110000,190000,224000,234000,261000,261000,261000,261000,52,0,13000,56009.03641874957,3793.6682759973337,260851.02015399752,1651.5384615384614
1781522906,20,,Aggregated,0.000000,0.000000,13000,30000,109000,119000,211000,234000,257000,261000,261000,261000,261000,53,0,13000,59796.53832584853,3793.6682759973337,260851.02015399752,1648.2075471698113
1781522907,20,,Aggregated,0.000000,0.000000,13000,30000,109000,119000,211000,234000,257000,261000,261000,261000,261000,53,0,13000,59796.53832584853,3793.6682759973337,260851.02015399752,1648.2075471698113
1781522908,20,,Aggregated,0.200000,0.000000,14000,51000,110000,140000,212000,257000,261000,269000,269000,269000,269000,54,0,13000,63675.73790555508,3793.6682759973337,269273.3156300019,1645.8148148148148
1781522909,20,,Aggregated,0.200000,0.000000,14000,51000,110000,140000,212000,257000,261000,269000,269000,269000,269000,54,0,13000,63675.73790555508,3793.6682759973337,269273.3156300019,1645.8148148148148
1781522910,20,,Aggregated,0.200000,0.000000,14000,51000,110000,140000,212000,257000,261000,269000,269000,269000,269000,54,0,13000,63675.73790555508,3793.6682759973337,269273.3156300019,1645.8148148148148
1781522911,20,,Aggregated,0.200000,0.000000,14000,51000,110000,140000,212000,257000,261000,269000,269000,269000,269000,54,0,13000,63675.73790555508,3793.6682759973337,269273.3156300019,1645.8148148148148
1781522912,20,,Aggregated,0.200000,0.000000,14000,51000,110000,140000,212000,257000,261000,269000,269000,269000,269000,54,0,13000,63675.73790555508,3793.6682759973337,269273.3156300019,1645.8148148148148
1781522913,20,,Aggregated,0.200000,0.000000,14000,51000,110000,140000,212000,257000,261000,269000,269000,269000,269000,54,0,13000,63675.73790555508,3793.6682759973337,269273.3156300019,1645.8148148148148
1781522914,20,,Aggregated,0.200000,0.000000,14000,51000,110000,140000,212000,257000,261000,269000,269000,269000,269000,54,0,13000,63675.73790555508,3793.6682759973337,269273.3156300019,1645.8148148148148
1781522915,20,,Aggregated,0.200000,0.000000,14000,51000,110000,140000,212000,257000,261000,269000,269000,269000,269000,54,0,13000,63675.73790555508,3793.6682759973337,269273.3156300019,1645.8148148148148
1781522916,20,,Aggregated,0.200000,0.000000,14000,51000,110000,140000,212000,257000,261000,269000,269000,269000,269000,54,0,13000,63675.73790555508,3793.6682759973337,269273.3156300019,1645.8148148148148
1781522917,20,,Aggregated,0.200000,0.000000,14000,51000,110000,140000,212000,257000,261000,269000,269000,269000,269000,54,0,13000,63675.73790555508,3793.6682759973337,269273.3156300019,1645.8148148148148
1781522918,20,,Aggregated,0.200000,0.000000,14000,51000,110000,140000,212000,257000,261000,269000,269000,269000,269000,54,0,13000,63675.73790555508,3793.6682759973337,269273.3156300019,1645.8148148148148
1781522919,20,,Aggregated,0.200000,0.000000,14000,51000,110000,140000,212000,257000,261000,269000,269000,269000,269000,54,0,13000,63675.73790555508,3793.6682759973337,269273.3156300019,1645.8148148148148
1781522920,20,,Aggregated,0.200000,0.000000,14000,51000,110000,140000,212000,257000,261000,269000,269000,269000,269000,54,0,13000,63675.73790555508,3793.6682759973337,269273.3156300019,1645.8148148148148
1781522921,20,,Aggregated,0.200000,0.000000,14000,51000,110000,140000,212000,257000,261000,269000,269000,269000,269000,54,0,13000,63675.73790555508,3793.6682759973337,269273.3156300019,1645.8148148148148
1781522922,20,,Aggregated,0.200000,0.000000,14000,51000,110000,140000,212000,257000,261000,269000,269000,269000,269000,54,0,13000,63675.73790555508,3793.6682759973337,269273.3156300019,1645.8148148148148
1781522923,20,,Aggregated,0.200000,0.000000,14000,51000,110000,140000,212000,257000,261000,269000,269000,269000,269000,54,0,13000,63675.73790555508,3793.6682759973337,269273.3156300019,1645.8148148148148
1781522924,20,,Aggregated,0.200000,0.000000,14000,51000,110000,140000,212000,257000,261000,269000,269000,269000,269000,54,0,13000,63675.73790555508,3793.6682759973337,269273.3156300019,1645.8148148148148
1781522925,20,,Aggregated,0.200000,0.000000,14000,51000,110000,140000,212000,257000,261000,269000,269000,269000,269000,54,0,13000,63675.73790555508,3793.6682759973337,269273.3156300019,1645.8148148148148
1781522926,20,,Aggregated,0.200000,0.000000,14000,51000,110000,140000,212000,257000,261000,269000,269000,269000,269000,54,0,13000,63675.73790555508,3793.6682759973337,269273.3156300019,1645.8148148148148
1781522927,20,,Aggregated,0.200000,0.000000,14000,51000,110000,140000,212000,257000,261000,269000,269000,269000,269000,54,0,13000,63675.73790555508,3793.6682759973337,269273.3156300019,1645.8148148148148
1781522928,20,,Aggregated,0.200000,0.000000,14000,51000,110000,140000,212000,257000,261000,269000,269000,269000,269000,54,0,13000,63675.73790555508,3793.6682759973337,269273.3156300019,1645.8148148148148
1781522929,20,,Aggregated,0.200000,0.000000,14000,51000,110000,140000,212000,257000,261000,269000,269000,269000,269000,54,0,13000,63675.73790555508,3793.6682759973337,269273.3156300019,1645.8148148148148
1781522930,20,,Aggregated,0.200000,0.000000,14000,51000,110000,140000,212000,257000,261000,269000,269000,269000,269000,54,0,13000,63675.73790555508,3793.6682759973337,269273.3156300019,1645.8148148148148
1781522931,20,,Aggregated,0.200000,0.000000,14000,51000,110000,140000,212000,257000,261000,269000,269000,269000,269000,54,0,13000,63675.73790555508,3793.6682759973337,269273.3156300019,1645.8148148148148
1781522932,20,,Aggregated,0.200000,0.000000,14000,51000,110000,140000,212000,257000,261000,269000,269000,269000,269000,54,0,13000,63675.73790555508,3793.6682759973337,269273.3156300019,1645.8148148148148
1781522933,20,,Aggregated,0.200000,0.000000,14000,51000,110000,140000,212000,257000,261000,269000,269000,269000,269000,54,0,13000,63675.73790555508,3793.6682759973337,269273.3156300019,1645.8148148148148
1781522934,20,,Aggregated,0.200000,0.000000,14000,51000,110000,140000,212000,257000,261000,269000,269000,269000,269000,54,0,13000,63675.73790555508,3793.6682759973337,269273.3156300019,1645.8148148148148
1781522935,20,,Aggregated,0.200000,0.000000,14000,51000,110000,140000,212000,257000,261000,269000,269000,269000,269000,54,0,13000,63675.73790555508,3793.6682759973337,269273.3156300019,1645.8148148148148
1781522936,20,,Aggregated,0.200000,0.000000,14000,51000,110000,140000,212000,257000,261000,269000,269000,269000,269000,54,0,13000,63675.73790555508,3793.6682759973337,269273.3156300019,1645.8148148148148
1781522937,20,,Aggregated,0.200000,0.000000,14000,51000,110000,140000,212000,257000,261000,269000,269000,269000,269000,54,0,13000,63675.73790555508,3793.6682759973337,269273.3156300019,1645.8148148148148
1781522938,20,,Aggregated,0.200000,0.000000,14000,51000,110000,140000,212000,257000,261000,269000,269000,269000,269000,54,0,13000,63675.73790555508,3793.6682759973337,269273.3156300019,1645.8148148148148
1781522939,20,,Aggregated,0.200000,0.000000,14000,51000,110000,140000,212000,257000,261000,269000,269000,269000,269000,54,0,13000,63675.73790555508,3793.6682759973337,269273.3156300019,1645.8148148148148
1781522940,20,,Aggregated,0.200000,0.000000,14000,51000,110000,140000,212000,257000,261000,269000,269000,269000,269000,54,0,13000,63675.73790555508,3793.6682759973337,269273.3156300019,1645.8148148148148
1781522941,20,,Aggregated,0.000000,0.000000,14000,73000,110000,147000,212000,257000,261000,269000,269000,269000,269000,55,0,14000,65534.81682394498,3793.6682759973337,269273.3156300019,1660.6545454545455
1781522942,20,,Aggregated,0.000000,0.000000,14000,73000,110000,147000,212000,257000,261000,269000,269000,269000,269000,55,0,14000,65534.81682394498,3793.6682759973337,269273.3156300019,1660.6545454545455
1781522943,20,,Aggregated,0.000000,0.000000,14000,73000,110000,147000,212000,257000,261000,269000,269000,269000,269000,55,0,14000,65534.81682394498,3793.6682759973337,269273.3156300019,1660.6545454545455
1781522944,20,,Aggregated,0.000000,0.000000,14000,73000,110000,147000,212000,257000,261000,269000,269000,269000,269000,55,0,14000,65534.81682394498,3793.6682759973337,269273.3156300019,1660.6545454545455
1781522945,20,,Aggregated,0.000000,0.000000,14000,73000,110000,147000,212000,257000,261000,269000,269000,269000,269000,55,0,14000,65534.81682394498,3793.6682759973337,269273.3156300019,1660.6545454545455
1781522946,20,,Aggregated,0.000000,0.000000,14000,73000,110000,147000,212000,257000,261000,269000,269000,269000,269000,55,0,14000,65534.81682394498,3793.6682759973337,269273.3156300019,1660.6545454545455
1781522947,20,,Aggregated,0.000000,0.000000,14000,73000,110000,147000,212000,257000,261000,269000,269000,269000,269000,55,0,14000,65534.81682394498,3793.6682759973337,269273.3156300019,1660.6545454545455
1781522948,20,,Aggregated,0.000000,0.000000,14000,73000,110000,147000,212000,257000,261000,269000,269000,269000,269000,55,0,14000,65534.81682394498,3793.6682759973337,269273.3156300019,1660.6545454545455
1781522949,20,,Aggregated,0.000000,0.000000,14000,73000,110000,147000,212000,257000,261000,269000,269000,269000,269000,55,0,14000,65534.81682394498,3793.6682759973337,269273.3156300019,1660.6545454545455
1781522950,20,,Aggregated,0.000000,0.000000,14000,73000,110000,147000,212000,257000,261000,269000,269000,269000,269000,55,0,14000,65534.81682394498,3793.6682759973337,269273.3156300019,1660.6545454545455
1781522951,20,,Aggregated,0.000000,0.000000,14000,73000,110000,147000,212000,257000,261000,269000,269000,269000,269000,55,0,14000,65534.81682394498,3793.6682759973337,269273.3156300019,1660.6545454545455
1781522952,20,,Aggregated,0.000000,0.000000,14000,73000,110000,147000,212000,257000,261000,269000,269000,269000,269000,55,0,14000,65534.81682394498,3793.6682759973337,269273.3156300019,1660.6545454545455
1781522953,20,,Aggregated,0.000000,0.000000,14000,73000,110000,147000,212000,257000,261000,269000,269000,269000,269000,55,0,14000,65534.81682394498,3793.6682759973337,269273.3156300019,1660.6545454545455
1781522954,20,,Aggregated,0.000000,0.000000,14000,73000,110000,147000,212000,257000,261000,269000,269000,269000,269000,55,0,14000,65534.81682394498,3793.6682759973337,269273.3156300019,1660.6545454545455
1781522955,20,,Aggregated,0.000000,0.000000,14000,73000,110000,147000,212000,257000,261000,269000,269000,269000,269000,55,0,14000,65534.81682394498,3793.6682759973337,269273.3156300019,1660.6545454545455
1781522956,20,,Aggregated,0.000000,0.000000,14000,73000,119000,147000,224000,261000,269000,311000,311000,311000,311000,56,0,14000,69917.4377306781,3793.6682759973337,310961.58760099934,1660.5357142857142
1781522957,20,,Aggregated,0.000000,0.000000,14000,73000,119000,147000,224000,261000,269000,311000,311000,311000,311000,56,0,14000,69917.4377306781,3793.6682759973337,310961.58760099934,1660.5357142857142
1781522958,20,,Aggregated,0.000000,0.000000,14000,73000,119000,147000,224000,261000,269000,311000,311000,311000,311000,56,0,14000,69917.4377306781,3793.6682759973337,310961.58760099934,1660.5357142857142
1781522959,20,,Aggregated,0.000000,0.000000,14000,73000,119000,147000,224000,261000,269000,311000,311000,311000,311000,56,0,14000,69917.4377306781,3793.6682759973337,310961.58760099934,1660.5357142857142
1781522960,20,,Aggregated,0.000000,0.000000,14000,73000,119000,147000,224000,261000,269000,311000,311000,311000,311000,56,0,14000,69917.4377306781,3793.6682759973337,310961.58760099934,1660.5357142857142
1781522961,20,,Aggregated,0.000000,0.000000,14000,73000,119000,147000,224000,261000,269000,311000,311000,311000,311000,56,0,14000,69917.4377306781,3793.6682759973337,310961.58760099934,1660.5357142857142
1781522962,20,,Aggregated,0.000000,0.000000,14000,73000,119000,147000,224000,261000,269000,311000,311000,311000,311000,56,0,14000,69917.4377306781,3793.6682759973337,310961.58760099934,1660.5357142857142
1781522963,20,,Aggregated,0.000000,0.000000,14000,73000,119000,147000,224000,261000,269000,311000,311000,311000,311000,56,0,14000,69917.4377306781,3793.6682759973337,310961.58760099934,1660.5357142857142
1781522964,20,,Aggregated,0.000000,0.000000,14000,73000,119000,147000,224000,261000,269000,311000,311000,311000,311000,56,0,14000,69917.4377306781,3793.6682759973337,310961.58760099934,1660.5357142857142
1781522965,20,,Aggregated,0.000000,0.000000,14000,73000,119000,147000,224000,261000,269000,311000,311000,311000,311000,56,0,14000,69917.4377306781,3793.6682759973337,310961.58760099934,1660.5357142857142
1781522966,20,,Aggregated,0.000000,0.000000,14000,73000,119000,147000,224000,261000,269000,311000,311000,311000,311000,56,0,14000,69917.4377306781,3793.6682759973337,310961.58760099934,1660.5357142857142
1781522967,20,,Aggregated,0.000000,0.000000,14000,73000,119000,147000,224000,261000,269000,311000,311000,311000,311000,56,0,14000,69917.4377306781,3793.6682759973337,310961.58760099934,1660.5357142857142
1781522968,20,,Aggregated,0.000000,0.000000,14000,73000,119000,147000,224000,261000,269000,311000,311000,311000,311000,56,0,14000,69917.4377306781,3793.6682759973337,310961.58760099934,1660.5357142857142
1781522969,20,,Aggregated,0.000000,0.000000,14000,73000,119000,147000,224000,261000,269000,311000,311000,311000,311000,56,0,14000,69917.4377306781,3793.6682759973337,310961.58760099934,1660.5357142857142
1781522970,20,,Aggregated,0.000000,0.000000,14000,81000,119000,166000,234000,269000,311000,319000,319000,319000,319000,57,0,14000,74287.37109268377,3793.6682759973337,319003.6393650007,1678.719298245614
1781522971,20,,Aggregated,0.000000,0.000000,14000,81000,119000,166000,234000,269000,311000,319000,319000,319000,319000,57,0,14000,74287.37109268377,3793.6682759973337,319003.6393650007,1678.719298245614
1781522972,20,,Aggregated,0.000000,0.000000,14000,81000,119000,166000,234000,269000,311000,319000,319000,319000,319000,57,0,14000,74287.37109268377,3793.6682759973337,319003.6393650007,1678.719298245614
1781522973,20,,Aggregated,0.000000,0.000000,14000,81000,119000,166000,234000,269000,311000,319000,319000,319000,319000,57,0,14000,74287.37109268377,3793.6682759973337,319003.6393650007,1678.719298245614
1781522974,20,,Aggregated,0.000000,0.000000,14000,81000,119000,166000,234000,269000,311000,319000,319000,319000,319000,57,0,14000,74287.37109268377,3793.6682759973337,319003.6393650007,1678.719298245614
1781522975,20,,Aggregated,0.000000,0.000000,14000,81000,119000,166000,234000,269000,311000,319000,319000,319000,319000,57,0,14000,74287.37109268377,3793.6682759973337,319003.6393650007,1678.719298245614
1781522976,20,,Aggregated,0.000000,0.000000,14000,81000,119000,166000,234000,269000,311000,319000,319000,319000,319000,57,0,14000,74287.37109268377,3793.6682759973337,319003.6393650007,1678.719298245614
1781522977,20,,Aggregated,0.000000,0.000000,14000,81000,119000,166000,234000,269000,311000,319000,319000,319000,319000,57,0,14000,74287.37109268377,3793.6682759973337,319003.6393650007,1678.719298245614
1781522978,20,,Aggregated,0.000000,0.000000,14000,81000,119000,166000,234000,269000,311000,319000,319000,319000,319000,57,0,14000,74287.37109268377,3793.6682759973337,319003.6393650007,1678.719298245614
1781522979,20,,Aggregated,0.000000,0.000000,14000,81000,119000,166000,234000,269000,311000,319000,319000,319000,319000,57,0,14000,74287.37109268377,3793.6682759973337,319003.6393650007,1678.719298245614
1781522980,20,,Aggregated,0.000000,0.000000,14000,81000,119000,166000,234000,269000,311000,319000,319000,319000,319000,57,0,14000,74287.37109268377,3793.6682759973337,319003.6393650007,1678.719298245614
1781522981,20,,Aggregated,0.000000,0.000000,14000,81000,119000,166000,234000,269000,311000,319000,319000,319000,319000,57,0,14000,74287.37109268377,3793.6682759973337,319003.6393650007,1678.719298245614
1781522982,20,,Aggregated,0.000000,0.000000,14000,81000,119000,166000,234000,269000,311000,319000,319000,319000,319000,57,0,14000,74287.37109268377,3793.6682759973337,319003.6393650007,1678.719298245614
1781522983,20,,Aggregated,0.000000,0.000000,14000,81000,119000,166000,234000,269000,311000,319000,319000,319000,319000,57,0,14000,74287.37109268377,3793.6682759973337,319003.6393650007,1678.719298245614
1781522984,20,,Aggregated,0.000000,0.000000,14000,81000,119000,166000,234000,269000,311000,319000,319000,319000,319000,57,0,14000,74287.37109268377,3793.6682759973337,319003.6393650007,1678.719298245614
1781522985,20,,Aggregated,0.000000,0.000000,14000,81000,119000,166000,234000,269000,311000,319000,319000,319000,319000,57,0,14000,74287.37109268377,3793.6682759973337,319003.6393650007,1678.719298245614
1781522986,20,,Aggregated,0.000000,0.000000,14000,81000,119000,166000,234000,269000,311000,319000,319000,319000,319000,57,0,14000,74287.37109268377,3793.6682759973337,319003.6393650007,1678.719298245614
1781522987,20,,Aggregated,0.000000,0.000000,14000,81000,119000,166000,234000,269000,311000,319000,319000,319000,319000,57,0,14000,74287.37109268377,3793.6682759973337,319003.6393650007,1678.719298245614
1781522988,20,,Aggregated,0.000000,0.000000,14000,81000,119000,166000,234000,269000,311000,319000,319000,319000,319000,57,0,14000,74287.37109268377,3793.6682759973337,319003.6393650007,1678.719298245614
1781522989,20,,Aggregated,0.000000,0.000000,14000,81000,119000,166000,234000,269000,311000,319000,319000,319000,319000,57,0,14000,74287.37109268377,3793.6682759973337,319003.6393650007,1678.719298245614
1781522990,20,,Aggregated,0.000000,0.000000,14000,81000,119000,166000,234000,269000,311000,319000,319000,319000,319000,57,0,14000,74287.37109268377,3793.6682759973337,319003.6393650007,1678.719298245614
1781522991,20,,Aggregated,0.000000,0.000000,14000,81000,119000,166000,234000,269000,311000,319000,319000,319000,319000,57,0,14000,74287.37109268377,3793.6682759973337,319003.6393650007,1678.719298245614
1781522992,20,,Aggregated,0.000000,0.000000,14000,81000,119000,166000,234000,269000,311000,319000,319000,319000,319000,57,0,14000,74287.37109268377,3793.6682759973337,319003.6393650007,1678.719298245614
1781522993,20,,Aggregated,0.000000,0.000000,14000,81000,119000,166000,234000,269000,311000,319000,319000,319000,319000,57,0,14000,74287.37109268377,3793.6682759973337,319003.6393650007,1678.719298245614
1781522994,20,,Aggregated,0.000000,0.000000,14000,81000,119000,166000,234000,269000,311000,319000,319000,319000,319000,57,0,14000,74287.37109268377,3793.6682759973337,319003.6393650007,1678.719298245614
1781522995,20,,Aggregated,0.000000,0.000000,14000,81000,119000,166000,234000,269000,311000,319000,319000,319000,319000,57,0,14000,74287.37109268377,3793.6682759973337,319003.6393650007,1678.719298245614
1781522996,20,,Aggregated,0.000000,0.000000,14000,81000,119000,166000,234000,269000,311000,319000,319000,319000,319000,57,0,14000,74287.37109268377,3793.6682759973337,319003.6393650007,1678.719298245614
1781522997,20,,Aggregated,0.000000,0.000000,14000,81000,119000,166000,234000,269000,311000,319000,319000,319000,319000,57,0,14000,74287.37109268377,3793.6682759973337,319003.6393650007,1678.719298245614
1781522998,20,,Aggregated,0.000000,0.000000,14000,81000,119000,166000,234000,269000,311000,319000,319000,319000,319000,57,0,14000,74287.37109268377,3793.6682759973337,319003.6393650007,1678.719298245614
1781522999,20,,Aggregated,0.000000,0.000000,14000,81000,119000,166000,234000,269000,311000,319000,319000,319000,319000,57,0,14000,74287.37109268377,3793.6682759973337,319003.6393650007,1678.719298245614
1781523000,20,,Aggregated,0.000000,0.000000,14000,81000,119000,166000,234000,269000,311000,319000,319000,319000,319000,57,0,14000,74287.37109268377,3793.6682759973337,319003.6393650007,1678.719298245614
1781523001,20,,Aggregated,0.000000,0.000000,14000,81000,119000,166000,234000,269000,311000,319000,319000,319000,319000,57,0,14000,74287.37109268377,3793.6682759973337,319003.6393650007,1678.719298245614
1781523002,20,,Aggregated,0.000000,0.000000,14000,81000,119000,166000,234000,269000,311000,319000,319000,319000,319000,57,0,14000,74287.37109268377,3793.6682759973337,319003.6393650007,1678.719298245614
1781523003,20,,Aggregated,0.000000,0.000000,14000,81000,119000,166000,234000,269000,311000,319000,319000,319000,319000,57,0,14000,74287.37109268377,3793.6682759973337,319003.6393650007,1678.719298245614
1781523004,20,,Aggregated,0.000000,0.000000,14000,81000,119000,166000,234000,269000,311000,319000,319000,319000,319000,57,0,14000,74287.37109268377,3793.6682759973337,319003.6393650007,1678.719298245614
1781523005,20,,Aggregated,0.000000,0.000000,14000,81000,119000,166000,234000,269000,311000,319000,319000,319000,319000,57,0,14000,74287.37109268377,3793.6682759973337,319003.6393650007,1678.719298245614
1781523006,20,,Aggregated,0.000000,0.000000,14000,81000,119000,166000,234000,269000,311000,319000,319000,319000,319000,57,0,14000,74287.37109268377,3793.6682759973337,319003.6393650007,1678.719298245614
1781523007,20,,Aggregated,0.000000,0.000000,14000,81000,119000,166000,234000,269000,311000,319000,319000,319000,319000,57,0,14000,74287.37109268377,3793.6682759973337,319003.6393650007,1678.719298245614
1781523008,20,,Aggregated,0.000000,0.000000,14000,81000,119000,166000,234000,269000,311000,319000,319000,319000,319000,57,0,14000,74287.37109268377,3793.6682759973337,319003.6393650007,1678.719298245614
1781523009,20,,Aggregated,0.000000,0.000000,14000,81000,119000,166000,234000,269000,311000,319000,319000,319000,319000,57,0,14000,74287.37109268377,3793.6682759973337,319003.6393650007,1678.719298245614
1781523010,20,,Aggregated,0.000000,0.000000,14000,81000,119000,166000,234000,269000,311000,319000,319000,319000,319000,57,0,14000,74287.37109268377,3793.6682759973337,319003.6393650007,1678.719298245614
1781523011,20,,Aggregated,0.000000,0.000000,14000,81000,119000,166000,234000,269000,311000,319000,319000,319000,319000,57,0,14000,74287.37109268377,3793.6682759973337,319003.6393650007,1678.719298245614
1781523012,20,,Aggregated,0.000000,0.000000,14000,81000,119000,166000,234000,269000,311000,319000,319000,319000,319000,57,0,14000,74287.37109268377,3793.6682759973337,319003.6393650007,1678.719298245614
1781523013,20,,Aggregated,0.000000,0.000000,14000,81000,119000,166000,234000,269000,311000,319000,319000,319000,319000,57,0,14000,74287.37109268377,3793.6682759973337,319003.6393650007,1678.719298245614
1781523014,20,,Aggregated,0.000000,0.000000,14000,81000,119000,166000,234000,269000,311000,319000,319000,319000,319000,57,0,14000,74287.37109268377,3793.6682759973337,319003.6393650007,1678.719298245614
1781523015,20,,Aggregated,0.000000,0.000000,14000,81000,119000,166000,234000,269000,311000,319000,319000,319000,319000,57,0,14000,74287.37109268377,3793.6682759973337,319003.6393650007,1678.719298245614
1781523016,20,,Aggregated,0.000000,0.000000,14000,81000,119000,166000,234000,269000,311000,319000,319000,319000,319000,57,0,14000,74287.37109268377,3793.6682759973337,319003.6393650007,1678.719298245614
1781523017,20,,Aggregated,0.000000,0.000000,14000,81000,119000,166000,234000,269000,311000,319000,319000,319000,319000,57,0,14000,74287.37109268377,3793.6682759973337,319003.6393650007,1678.719298245614
1781523018,20,,Aggregated,0.000000,0.000000,14000,81000,119000,166000,234000,269000,311000,319000,319000,319000,319000,57,0,14000,74287.37109268377,3793.6682759973337,319003.6393650007,1678.719298245614
1781523019,20,,Aggregated,0.000000,0.000000,14000,101000,140000,169000,242000,269000,311000,319000,319000,319000,319000,58,0,14000,77184.88782779267,3793.6682759973337,319003.6393650007,1666.2931034482758
1781523020,20,,Aggregated,0.000000,0.000000,14000,101000,140000,169000,242000,269000,311000,319000,319000,319000,319000,58,0,14000,77184.88782779267,3793.6682759973337,319003.6393650007,1666.2931034482758
1781523021,20,,Aggregated,0.000000,0.000000,14000,101000,140000,169000,242000,269000,311000,319000,319000,319000,319000,58,0,14000,77184.88782779267,3793.6682759973337,319003.6393650007,1666.2931034482758
1781523023,20,,Aggregated,0.000000,0.000000,14000,101000,140000,169000,242000,269000,311000,319000,319000,319000,319000,58,0,14000,77184.88782779267,3793.6682759973337,319003.6393650007,1666.2931034482758
1781523024,20,,Aggregated,0.000000,0.000000,14000,101000,140000,169000,242000,269000,311000,319000,319000,319000,319000,58,0,14000,77184.88782779267,3793.6682759973337,319003.6393650007,1666.2931034482758
1781523025,20,,Aggregated,0.000000,0.000000,14000,101000,140000,169000,242000,269000,311000,319000,319000,319000,319000,58,0,14000,77184.88782779267,3793.6682759973337,319003.6393650007,1666.2931034482758
1781523026,20,,Aggregated,0.000000,0.000000,14000,101000,140000,169000,242000,269000,311000,319000,319000,319000,319000,58,0,14000,77184.88782779267,3793.6682759973337,319003.6393650007,1666.2931034482758
1781523027,20,,Aggregated,0.000000,0.000000,14000,101000,140000,169000,242000,269000,311000,319000,319000,319000,319000,58,0,14000,77184.88782779267,3793.6682759973337,319003.6393650007,1666.2931034482758
1781523028,20,,Aggregated,0.000000,0.000000,14000,101000,140000,169000,242000,269000,311000,319000,319000,319000,319000,58,0,14000,77184.88782779267,3793.6682759973337,319003.6393650007,1666.2931034482758
1781523029,20,,Aggregated,0.000000,0.000000,14000,101000,140000,169000,242000,269000,311000,319000,319000,319000,319000,58,0,14000,77184.88782779267,3793.6682759973337,319003.6393650007,1666.2931034482758
1781523030,20,,Aggregated,0.000000,0.000000,14000,101000,140000,169000,242000,269000,311000,319000,319000,319000,319000,58,0,14000,77184.88782779267,3793.6682759973337,319003.6393650007,1666.2931034482758
1781523031,20,,Aggregated,0.000000,0.000000,14000,101000,140000,169000,242000,269000,311000,319000,319000,319000,319000,58,0,14000,77184.88782779267,3793.6682759973337,319003.6393650007,1666.2931034482758
1781523032,20,,Aggregated,0.000000,0.000000,14000,101000,140000,169000,242000,269000,311000,319000,319000,319000,319000,58,0,14000,77184.88782779267,3793.6682759973337,319003.6393650007,1666.2931034482758
1781523033,20,,Aggregated,0.000000,0.000000,14000,101000,140000,169000,242000,269000,311000,319000,319000,319000,319000,58,0,14000,77184.88782779267,3793.6682759973337,319003.6393650007,1666.2931034482758
1781523034,20,,Aggregated,0.000000,0.000000,14000,101000,140000,169000,242000,269000,311000,319000,319000,319000,319000,58,0,14000,77184.88782779267,3793.6682759973337,319003.6393650007,1666.2931034482758
1781523035,20,,Aggregated,0.000000,0.000000,14000,101000,140000,169000,242000,269000,311000,319000,319000,319000,319000,58,0,14000,77184.88782779267,3793.6682759973337,319003.6393650007,1666.2931034482758
1781523036,20,,Aggregated,0.000000,0.000000,14000,101000,140000,169000,242000,269000,311000,319000,319000,319000,319000,58,0,14000,77184.88782779267,3793.6682759973337,319003.6393650007,1666.2931034482758
1781523037,20,,Aggregated,0.000000,0.000000,14000,101000,140000,169000,242000,269000,311000,319000,319000,319000,319000,58,0,14000,77184.88782779267,3793.6682759973337,319003.6393650007,1666.2931034482758
1781523038,20,,Aggregated,0.000000,0.000000,14000,101000,140000,169000,242000,269000,311000,319000,319000,319000,319000,58,0,14000,77184.88782779267,3793.6682759973337,319003.6393650007,1666.2931034482758
1781523039,20,,Aggregated,0.000000,0.000000,14000,101000,140000,169000,242000,269000,311000,319000,319000,319000,319000,58,0,14000,77184.88782779267,3793.6682759973337,319003.6393650007,1666.2931034482758
1781523040,20,,Aggregated,0.000000,0.000000,14000,101000,140000,169000,242000,269000,311000,319000,319000,319000,319000,58,0,14000,77184.88782779267,3793.6682759973337,319003.6393650007,1666.2931034482758
1781523041,20,,Aggregated,0.000000,0.000000,14000,101000,140000,169000,242000,269000,311000,319000,319000,319000,319000,58,0,14000,77184.88782779267,3793.6682759973337,319003.6393650007,1666.2931034482758
1781523042,20,,Aggregated,0.000000,0.000000,14000,101000,140000,169000,242000,269000,311000,319000,319000,319000,319000,58,0,14000,77184.88782779267,3793.6682759973337,319003.6393650007,1666.2931034482758
1781523043,20,,Aggregated,0.000000,0.000000,14000,101000,140000,169000,242000,269000,311000,319000,319000,319000,319000,58,0,14000,77184.88782779267,3793.6682759973337,319003.6393650007,1666.2931034482758
1781523044,20,,Aggregated,0.000000,0.000000,14000,101000,140000,169000,242000,269000,311000,319000,319000,319000,319000,58,0,14000,77184.88782779267,3793.6682759973337,319003.6393650007,1666.2931034482758
1781523045,20,,Aggregated,0.000000,0.000000,14000,101000,140000,169000,242000,269000,311000,319000,319000,319000,319000,58,0,14000,77184.88782779267,3793.6682759973337,319003.6393650007,1666.2931034482758
1781523046,20,,Aggregated,0.000000,0.000000,14000,101000,140000,169000,242000,269000,311000,319000,319000,319000,319000,58,0,14000,77184.88782779267,3793.6682759973337,319003.6393650007,1666.2931034482758
1781523047,20,,Aggregated,0.000000,0.000000,14000,101000,140000,169000,242000,269000,311000,319000,319000,319000,319000,58,0,14000,77184.88782779267,3793.6682759973337,319003.6393650007,1666.2931034482758
1781523048,20,,Aggregated,0.000000,0.000000,14000,101000,140000,169000,242000,269000,311000,319000,319000,319000,319000,58,0,14000,77184.88782779267,3793.6682759973337,319003.6393650007,1666.2931034482758
1781523049,20,,Aggregated,0.000000,0.000000,14000,101000,140000,169000,242000,269000,311000,319000,319000,319000,319000,58,0,14000,77184.88782779267,3793.6682759973337,319003.6393650007,1666.2931034482758
1781523050,20,,Aggregated,0.000000,0.000000,14000,101000,140000,169000,242000,269000,311000,319000,319000,319000,319000,58,0,14000,77184.88782779267,3793.6682759973337,319003.6393650007,1666.2931034482758
1781523051,20,,Aggregated,0.000000,0.000000,14000,101000,140000,169000,242000,269000,311000,319000,319000,319000,319000,58,0,14000,77184.88782779267,3793.6682759973337,319003.6393650007,1666.2931034482758
1781523052,20,,Aggregated,0.000000,0.000000,14000,101000,140000,169000,242000,269000,311000,319000,319000,319000,319000,58,0,14000,77184.88782779267,3793.6682759973337,319003.6393650007,1666.2931034482758
1781523053,20,,Aggregated,0.000000,0.000000,14000,101000,140000,169000,242000,269000,311000,319000,319000,319000,319000,58,0,14000,77184.88782779267,3793.6682759973337,319003.6393650007,1666.2931034482758
1781523054,20,,Aggregated,0.000000,0.000000,14000,101000,140000,169000,242000,269000,311000,319000,319000,319000,319000,58,0,14000,77184.88782779267,3793.6682759973337,319003.6393650007,1666.2931034482758
1781523055,20,,Aggregated,0.000000,0.000000,14000,101000,140000,169000,242000,269000,311000,319000,319000,319000,319000,58,0,14000,77184.88782779267,3793.6682759973337,319003.6393650007,1666.2931034482758
1781523056,20,,Aggregated,0.000000,0.000000,14000,101000,140000,169000,242000,269000,311000,319000,319000,319000,319000,58,0,14000,77184.88782779267,3793.6682759973337,319003.6393650007,1666.2931034482758
1781523057,20,,Aggregated,0.000000,0.000000,14000,101000,140000,169000,242000,269000,311000,319000,319000,319000,319000,58,0,14000,77184.88782779267,3793.6682759973337,319003.6393650007,1666.2931034482758
1781523058,20,,Aggregated,0.000000,0.000000,14000,101000,140000,169000,242000,269000,311000,319000,319000,319000,319000,58,0,14000,77184.88782779267,3793.6682759973337,319003.6393650007,1666.2931034482758
1781523059,20,,Aggregated,0.000000,0.000000,14000,101000,140000,169000,242000,269000,311000,319000,319000,319000,319000,58,0,14000,77184.88782779267,3793.6682759973337,319003.6393650007,1666.2931034482758
1781523060,20,,Aggregated,0.000000,0.000000,14000,101000,140000,169000,242000,269000,311000,319000,319000,319000,319000,58,0,14000,77184.88782779267,3793.6682759973337,319003.6393650007,1666.2931034482758
1781523061,20,,Aggregated,0.000000,0.000000,14000,101000,140000,169000,242000,269000,311000,319000,319000,319000,319000,58,0,14000,77184.88782779267,3793.6682759973337,319003.6393650007,1666.2931034482758
1781523062,20,,Aggregated,0.000000,0.000000,14000,101000,140000,169000,242000,269000,311000,319000,319000,319000,319000,58,0,14000,77184.88782779267,3793.6682759973337,319003.6393650007,1666.2931034482758
1781523063,20,,Aggregated,0.000000,0.000000,14000,81000,140000,169000,242000,269000,311000,319000,319000,319000,319000,59,0,14000,76034.17894588101,3793.6682759973337,319003.6393650007,1665.542372881356
1781523064,20,,Aggregated,0.000000,0.000000,14000,81000,140000,169000,242000,269000,311000,319000,319000,319000,319000,59,0,14000,76034.17894588101,3793.6682759973337,319003.6393650007,1665.542372881356
1781523065,20,,Aggregated,0.000000,0.000000,14000,81000,140000,169000,242000,269000,311000,319000,319000,319000,319000,60,0,14000,74933.26735291631,3793.6682759973337,319003.6393650007,1653.6833333333334
1781523066,20,,Aggregated,0.000000,0.000000,14000,81000,140000,169000,242000,269000,311000,319000,319000,319000,319000,60,0,14000,74933.26735291631,3793.6682759973337,319003.6393650007,1653.6833333333334
1781523067,20,,Aggregated,0.000000,0.000000,14000,81000,140000,169000,242000,269000,311000,319000,319000,319000,319000,60,0,14000,74933.26735291631,3793.6682759973337,319003.6393650007,1653.6833333333334
1781523068,20,,Aggregated,0.000000,0.000000,14000,81000,140000,169000,242000,269000,311000,319000,319000,319000,319000,60,0,14000,74933.26735291631,3793.6682759973337,319003.6393650007,1653.6833333333334
1781523069,20,,Aggregated,0.200000,0.000000,14000,73000,119000,166000,234000,261000,311000,319000,319000,319000,319000,62,0,14000,72896.78664198343,3793.6682759973337,319003.6393650007,1634.741935483871
1781523070,20,,Aggregated,0.200000,0.000000,14000,73000,119000,166000,234000,261000,311000,319000,319000,319000,319000,62,0,14000,72896.78664198343,3793.6682759973337,319003.6393650007,1634.741935483871
1781523071,20,,Aggregated,0.200000,0.000000,14000,73000,119000,166000,234000,261000,311000,319000,319000,319000,319000,62,0,14000,72896.78664198343,3793.6682759973337,319003.6393650007,1634.741935483871
1781523072,20,,Aggregated,0.200000,0.000000,14000,73000,119000,166000,234000,261000,311000,319000,319000,319000,319000,62,0,14000,72896.78664198343,3793.6682759973337,319003.6393650007,1634.741935483871
1781523073,20,,Aggregated,0.200000,0.000000,14000,73000,119000,166000,234000,261000,311000,319000,319000,319000,319000,62,0,14000,72896.78664198343,3793.6682759973337,319003.6393650007,1634.741935483871
1781523074,20,,Aggregated,0.400000,0.000000,14000,73000,119000,166000,234000,261000,311000,319000,319000,319000,319000,64,0,14000,71051.48054982761,3793.6682759973337,319003.6393650007,1619.734375
1781523075,20,,Aggregated,0.400000,0.000000,14000,73000,119000,166000,234000,261000,311000,319000,319000,319000,319000,64,0,14000,71051.48054982761,3793.6682759973337,319003.6393650007,1619.734375
1781523076,20,,Aggregated,0.400000,0.000000,14000,51000,110000,166000,234000,261000,311000,319000,319000,319000,319000,65,0,14000,70314.85141761492,3793.6682759973337,319003.6393650007,1655.5076923076922
1781523077,20,,Aggregated,0.400000,0.000000,14000,51000,110000,166000,234000,261000,311000,319000,319000,319000,319000,65,0,14000,70314.85141761492,3793.6682759973337,319003.6393650007,1655.5076923076922
1781523078,20,,Aggregated,0.400000,0.000000,14000,51000,110000,147000,234000,261000,311000,319000,319000,319000,319000,67,0,14000,68704.46936332795,3793.6682759973337,319003.6393650007,1679.1492537313434
1781523079,20,,Aggregated,0.500000,0.000000,14000,30000,110000,147000,234000,261000,311000,319000,319000,319000,319000,68,0,14000,68043.40459701428,3793.6682759973337,319003.6393650007,1701.4705882352941
1781523080,20,,Aggregated,0.500000,0.000000,14000,30000,110000,147000,234000,261000,311000,319000,319000,319000,319000,68,0,14000,68043.40459701428,3793.6682759973337,319003.6393650007,1701.4705882352941
1781523081,20,,Aggregated,0.600000,0.000000,14000,30000,110000,147000,234000,261000,311000,319000,319000,319000,319000,69,0,14000,67397.78818192714,3793.6682759973337,319003.6393650007,1724.8115942028985
1781523082,20,,Aggregated,0.600000,0.000000,14000,51000,110000,166000,242000,269000,311000,319000,319000,319000,319000,70,0,14000,70777.8721268424,3793.6682759973337,319003.6393650007,1722.8285714285714
1781523083,20,,Aggregated,0.600000,0.000000,14000,51000,110000,166000,242000,269000,311000,319000,319000,319000,319000,70,0,14000,70777.8721268424,3793.6682759973337,319003.6393650007,1722.8285714285714
1781523084,20,,Aggregated,0.800000,0.000000,14000,30000,110000,147000,234000,269000,311000,319000,319000,319000,319000,71,0,14000,69878.94677421072,3793.6682759973337,319003.6393650007,1714.2957746478874
1781523085,20,,Aggregated,0.800000,0.000000,14000,30000,110000,147000,234000,269000,311000,319000,319000,319000,319000,72,0,14000,69281.41532773558,3793.6682759973337,319003.6393650007,1746.8333333333333
1781523086,20,,Aggregated,0.600000,0.000000,14000,27000,110000,147000,234000,269000,311000,319000,319000,319000,319000,74,0,14000,67858.06247409405,3793.6682759973337,319003.6393650007,1766.8648648648648
1781523087,20,,Aggregated,0.600000,0.000000,14000,27000,110000,147000,234000,269000,311000,319000,319000,319000,319000,75,0,14000,67033.92866921282,3793.6682759973337,319003.6393650007,1755.88
1781523088,20,,Aggregated,0.600000,0.000000,14000,27000,110000,147000,234000,269000,311000,319000,319000,319000,319000,75,0,14000,67033.92866921282,3793.6682759973337,319003.6393650007,1755.88
1781523089,20,,Aggregated,0.600000,0.000000,14000,27000,110000,147000,234000,269000,311000,319000,319000,319000,319000,75,0,14000,67033.92866921282,3793.6682759973337,319003.6393650007,1755.88
1781523090,20,,Aggregated,0.600000,0.000000,14000,27000,110000,147000,234000,269000,311000,319000,319000,319000,319000,75,0,14000,67033.92866921282,3793.6682759973337,319003.6393650007,1755.88
1781523091,20,,Aggregated,0.600000,0.000000,14000,27000,110000,147000,234000,269000,311000,319000,319000,319000,319000,75,0,14000,67033.92866921282,3793.6682759973337,319003.6393650007,1755.88
1781523092,20,,Aggregated,0.700000,0.000000,14000,30000,110000,140000,234000,269000,311000,319000,319000,319000,319000,76,0,14000,66566.97281796006,3793.6682759973337,319003.6393650007,1798.8026315789473
1781523093,20,,Aggregated,0.700000,0.000000,14000,30000,110000,140000,234000,269000,311000,319000,319000,319000,319000,76,0,14000,66566.97281796006,3793.6682759973337,319003.6393650007,1798.8026315789473
1781523094,20,,Aggregated,0.700000,0.000000,14000,30000,110000,140000,234000,269000,311000,319000,319000,319000,319000,76,0,14000,66566.97281796006,3793.6682759973337,319003.6393650007,1798.8026315789473
1781523095,20,,Aggregated,0.700000,0.000000,14000,30000,110000,140000,234000,269000,311000,319000,319000,319000,319000,76,0,14000,66566.97281796006,3793.6682759973337,319003.6393650007,1798.8026315789473
1781523096,20,,Aggregated,0.600000,0.000000,14000,27000,109000,140000,234000,269000,311000,319000,319000,319000,319000,77,0,14000,65899.12134396064,3793.6682759973337,319003.6393650007,1790.6103896103896
1781523097,20,,Aggregated,0.600000,0.000000,14000,27000,109000,140000,234000,269000,311000,319000,319000,319000,319000,77,0,14000,65899.12134396064,3793.6682759973337,319003.6393650007,1790.6103896103896
1781523098,20,,Aggregated,0.600000,0.000000,14000,27000,109000,140000,234000,269000,311000,319000,319000,319000,319000,77,0,14000,65899.12134396064,3793.6682759973337,319003.6393650007,1790.6103896103896
1781523099,20,,Aggregated,0.600000,0.000000,14000,27000,109000,140000,234000,269000,311000,319000,319000,319000,319000,77,0,14000,65899.12134396064,3793.6682759973337,319003.6393650007,1790.6103896103896
1781523100,20,,Aggregated,0.600000,0.000000,14000,27000,109000,140000,234000,269000,311000,319000,319000,319000,319000,77,0,14000,65899.12134396064,3793.6682759973337,319003.6393650007,1790.6103896103896
1781523101,20,,Aggregated,0.600000,0.000000,14000,27000,109000,140000,234000,269000,311000,319000,319000,319000,319000,77,0,14000,65899.12134396064,3793.6682759973337,319003.6393650007,1790.6103896103896
1781523102,20,,Aggregated,0.600000,0.000000,14000,27000,109000,140000,234000,269000,311000,319000,319000,319000,319000,77,0,14000,65899.12134396064,3793.6682759973337,319003.6393650007,1790.6103896103896
1781523103,20,,Aggregated,0.600000,0.000000,14000,27000,109000,140000,234000,269000,311000,319000,319000,319000,319000,77,0,14000,65899.12134396064,3793.6682759973337,319003.6393650007,1790.6103896103896
1781523104,20,,Aggregated,0.200000,0.000000,15000,30000,109000,140000,234000,269000,311000,319000,319000,319000,319000,78,0,14000,65566.11900356374,3793.6682759973337,319003.6393650007,1849.2820512820513
1781523105,20,,Aggregated,0.200000,0.000000,15000,30000,109000,140000,234000,269000,311000,319000,319000,319000,319000,78,0,14000,65566.11900356374,3793.6682759973337,319003.6393650007,1849.2820512820513
1781523106,20,,Aggregated,0.200000,0.000000,15000,30000,109000,140000,234000,269000,311000,319000,319000,319000,319000,78,0,14000,65566.11900356374,3793.6682759973337,319003.6393650007,1849.2820512820513
1781523107,20,,Aggregated,0.200000,0.000000,15000,30000,109000,140000,234000,269000,311000,319000,319000,319000,319000,78,0,14000,65566.11900356374,3793.6682759973337,319003.6393650007,1849.2820512820513
1781523108,20,,Aggregated,0.200000,0.000000,15000,30000,109000,140000,234000,269000,311000,319000,319000,319000,319000,78,0,14000,65566.11900356374,3793.6682759973337,319003.6393650007,1849.2820512820513
1781523109,20,,Aggregated,0.200000,0.000000,15000,30000,109000,140000,234000,269000,311000,319000,319000,319000,319000,78,0,14000,65566.11900356374,3793.6682759973337,319003.6393650007,1849.2820512820513
1781523110,20,,Aggregated,0.200000,0.000000,15000,30000,109000,140000,234000,269000,311000,319000,319000,319000,319000,78,0,14000,65566.11900356374,3793.6682759973337,319003.6393650007,1849.2820512820513
1781523111,20,,Aggregated,0.200000,0.000000,15000,30000,109000,140000,234000,269000,311000,319000,319000,319000,319000,78,0,14000,65566.11900356374,3793.6682759973337,319003.6393650007,1849.2820512820513
1781523112,20,,Aggregated,0.200000,0.000000,15000,30000,109000,140000,234000,269000,311000,319000,319000,319000,319000,78,0,14000,65566.11900356374,3793.6682759973337,319003.6393650007,1849.2820512820513
1781523113,20,,Aggregated,0.200000,0.000000,15000,30000,109000,140000,234000,269000,311000,319000,319000,319000,319000,78,0,14000,65566.11900356374,3793.6682759973337,319003.6393650007,1849.2820512820513
1781523114,20,,Aggregated,0.200000,0.000000,15000,30000,109000,140000,234000,269000,311000,319000,319000,319000,319000,78,0,14000,65566.11900356374,3793.6682759973337,319003.6393650007,1849.2820512820513
1781523115,20,,Aggregated,0.200000,0.000000,15000,30000,109000,140000,234000,269000,311000,319000,319000,319000,319000,78,0,14000,65566.11900356374,3793.6682759973337,319003.6393650007,1849.2820512820513
1781523116,20,,Aggregated,0.200000,0.000000,15000,30000,109000,140000,234000,269000,311000,319000,319000,319000,319000,78,0,14000,65566.11900356374,3793.6682759973337,319003.6393650007,1849.2820512820513
1781523117,20,,Aggregated,0.200000,0.000000,15000,30000,109000,140000,234000,269000,311000,319000,319000,319000,319000,78,0,14000,65566.11900356374,3793.6682759973337,319003.6393650007,1849.2820512820513
1781523118,20,,Aggregated,0.200000,0.000000,15000,30000,109000,140000,234000,269000,311000,319000,319000,319000,319000,78,0,14000,65566.11900356374,3793.6682759973337,319003.6393650007,1849.2820512820513
1781523119,20,,Aggregated,0.200000,0.000000,15000,30000,109000,140000,234000,269000,311000,319000,319000,319000,319000,78,0,14000,65566.11900356374,3793.6682759973337,319003.6393650007,1849.2820512820513
1781523120,20,,Aggregated,0.200000,0.000000,15000,30000,109000,140000,234000,269000,311000,319000,319000,319000,319000,78,0,14000,65566.11900356374,3793.6682759973337,319003.6393650007,1849.2820512820513
1781523121,20,,Aggregated,0.200000,0.000000,15000,30000,109000,140000,234000,269000,311000,319000,319000,319000,319000,78,0,14000,65566.11900356374,3793.6682759973337,319003.6393650007,1849.2820512820513
1781523122,20,,Aggregated,0.200000,0.000000,15000,30000,109000,140000,234000,269000,311000,319000,319000,319000,319000,78,0,14000,65566.11900356374,3793.6682759973337,319003.6393650007,1849.2820512820513
1781523123,20,,Aggregated,0.200000,0.000000,15000,30000,109000,140000,234000,269000,311000,319000,319000,319000,319000,78,0,14000,65566.11900356374,3793.6682759973337,319003.6393650007,1849.2820512820513
1781523124,20,,Aggregated,0.200000,0.000000,15000,30000,109000,140000,234000,269000,311000,319000,319000,319000,319000,78,0,14000,65566.11900356374,3793.6682759973337,319003.6393650007,1849.2820512820513
1781523125,20,,Aggregated,0.200000,0.000000,15000,30000,109000,140000,234000,269000,311000,319000,319000,319000,319000,78,0,14000,65566.11900356374,3793.6682759973337,319003.6393650007,1849.2820512820513
1781523126,20,,Aggregated,0.200000,0.000000,15000,30000,109000,140000,234000,269000,311000,319000,319000,319000,319000,78,0,14000,65566.11900356374,3793.6682759973337,319003.6393650007,1849.2820512820513
1781523127,20,,Aggregated,0.200000,0.000000,15000,30000,109000,140000,234000,269000,311000,319000,319000,319000,319000,78,0,14000,65566.11900356374,3793.6682759973337,319003.6393650007,1849.2820512820513
1781523128,20,,Aggregated,0.200000,0.000000,15000,30000,109000,140000,234000,269000,311000,319000,319000,319000,319000,78,0,14000,65566.11900356374,3793.6682759973337,319003.6393650007,1849.2820512820513
1781523129,20,,Aggregated,0.200000,0.000000,15000,30000,109000,140000,234000,269000,311000,319000,319000,319000,319000,78,0,14000,65566.11900356374,3793.6682759973337,319003.6393650007,1849.2820512820513
1781523130,20,,Aggregated,0.200000,0.000000,15000,30000,109000,140000,234000,269000,311000,319000,319000,319000,319000,78,0,14000,65566.11900356374,3793.6682759973337,319003.6393650007,1849.2820512820513
1781523131,20,,Aggregated,0.200000,0.000000,15000,30000,109000,140000,234000,269000,311000,319000,319000,319000,319000,78,0,14000,65566.11900356374,3793.6682759973337,319003.6393650007,1849.2820512820513
1781523132,20,,Aggregated,0.200000,0.000000,15000,30000,109000,140000,234000,269000,311000,319000,319000,319000,319000,78,0,14000,65566.11900356374,3793.6682759973337,319003.6393650007,1849.2820512820513
1781523133,20,,Aggregated,0.200000,0.000000,15000,30000,109000,140000,234000,269000,311000,319000,319000,319000,319000,78,0,14000,65566.11900356374,3793.6682759973337,319003.6393650007,1849.2820512820513
1781523134,20,,Aggregated,0.200000,0.000000,15000,30000,109000,140000,234000,269000,311000,319000,319000,319000,319000,78,0,14000,65566.11900356374,3793.6682759973337,319003.6393650007,1849.2820512820513
1781523135,20,,Aggregated,0.200000,0.000000,15000,30000,109000,140000,234000,269000,311000,319000,319000,319000,319000,78,0,14000,65566.11900356374,3793.6682759973337,319003.6393650007,1849.2820512820513
1781523136,20,,Aggregated,0.200000,0.000000,15000,30000,109000,140000,234000,269000,311000,319000,319000,319000,319000,78,0,14000,65566.11900356374,3793.6682759973337,319003.6393650007,1849.2820512820513
1781523137,20,,Aggregated,0.200000,0.000000,15000,30000,109000,140000,234000,269000,311000,319000,319000,319000,319000,78,0,14000,65566.11900356374,3793.6682759973337,319003.6393650007,1849.2820512820513
1781523138,20,,Aggregated,0.200000,0.000000,15000,30000,109000,140000,234000,269000,311000,319000,319000,319000,319000,78,0,14000,65566.11900356374,3793.6682759973337,319003.6393650007,1849.2820512820513
1781523139,20,,Aggregated,0.200000,0.000000,15000,30000,109000,140000,234000,269000,311000,319000,319000,319000,319000,78,0,14000,65566.11900356374,3793.6682759973337,319003.6393650007,1849.2820512820513
1781523140,20,,Aggregated,0.200000,0.000000,15000,30000,109000,140000,234000,269000,311000,319000,319000,319000,319000,78,0,14000,65566.11900356374,3793.6682759973337,319003.6393650007,1849.2820512820513
1781523141,20,,Aggregated,0.200000,0.000000,15000,30000,109000,140000,234000,269000,311000,319000,319000,319000,319000,78,0,14000,65566.11900356374,3793.6682759973337,319003.6393650007,1849.2820512820513
1781523142,20,,Aggregated,0.200000,0.000000,15000,30000,109000,140000,234000,269000,311000,319000,319000,319000,319000,78,0,14000,65566.11900356374,3793.6682759973337,319003.6393650007,1849.2820512820513
1781523143,20,,Aggregated,0.200000,0.000000,15000,30000,109000,140000,234000,269000,311000,319000,319000,319000,319000,78,0,14000,65566.11900356374,3793.6682759973337,319003.6393650007,1849.2820512820513
1781523144,20,,Aggregated,0.200000,0.000000,15000,30000,109000,140000,234000,269000,311000,319000,319000,319000,319000,78,0,14000,65566.11900356374,3793.6682759973337,319003.6393650007,1849.2820512820513
1781523145,20,,Aggregated,0.200000,0.000000,15000,30000,109000,140000,234000,269000,311000,319000,319000,319000,319000,78,0,14000,65566.11900356374,3793.6682759973337,319003.6393650007,1849.2820512820513
1781523146,20,,Aggregated,0.200000,0.000000,15000,30000,109000,140000,234000,269000,311000,319000,319000,319000,319000,78,0,14000,65566.11900356374,3793.6682759973337,319003.6393650007,1849.2820512820513
1781523147,20,,Aggregated,0.200000,0.000000,15000,30000,109000,140000,234000,269000,311000,319000,319000,319000,319000,78,0,14000,65566.11900356374,3793.6682759973337,319003.6393650007,1849.2820512820513
1781523148,20,,Aggregated,0.200000,0.000000,15000,30000,109000,140000,234000,269000,311000,319000,319000,319000,319000,78,0,14000,65566.11900356374,3793.6682759973337,319003.6393650007,1849.2820512820513
1781523149,20,,Aggregated,0.200000,0.000000,15000,30000,109000,140000,234000,269000,311000,319000,319000,319000,319000,78,0,14000,65566.11900356374,3793.6682759973337,319003.6393650007,1849.2820512820513
1781523150,20,,Aggregated,0.000000,0.000000,15000,32000,109000,140000,234000,269000,311000,319000,319000,319000,319000,79,0,15000,65519.95055745538,3793.6682759973337,319003.6393650007,1842.1772151898733
1781523151,20,,Aggregated,0.000000,0.000000,15000,32000,109000,140000,234000,269000,311000,319000,319000,319000,319000,79,0,15000,65519.95055745538,3793.6682759973337,319003.6393650007,1842.1772151898733
1781523152,20,,Aggregated,0.000000,0.000000,15000,32000,109000,140000,234000,269000,311000,319000,319000,319000,319000,79,0,15000,65519.95055745538,3793.6682759973337,319003.6393650007,1842.1772151898733
1781523153,20,,Aggregated,0.000000,0.000000,15000,32000,109000,140000,234000,269000,311000,319000,319000,319000,319000,79,0,15000,65519.95055745538,3793.6682759973337,319003.6393650007,1842.1772151898733
1781523154,20,,Aggregated,0.000000,0.000000,15000,32000,109000,140000,234000,269000,311000,319000,319000,319000,319000,79,0,15000,65519.95055745538,3793.6682759973337,319003.6393650007,1842.1772151898733
1781523155,20,,Aggregated,0.000000,0.000000,15000,32000,109000,140000,234000,269000,311000,319000,319000,319000,319000,79,0,15000,65519.95055745538,3793.6682759973337,319003.6393650007,1842.1772151898733
1781523156,20,,Aggregated,0.000000,0.000000,15000,32000,109000,140000,234000,269000,311000,319000,319000,319000,319000,79,0,15000,65519.95055745538,3793.6682759973337,319003.6393650007,1842.1772151898733
1781523157,20,,Aggregated,0.000000,0.000000,15000,32000,109000,140000,234000,269000,311000,319000,319000,319000,319000,79,0,15000,65519.95055745538,3793.6682759973337,319003.6393650007,1842.1772151898733
1781523158,20,,Aggregated,0.000000,0.000000,15000,32000,109000,140000,234000,269000,311000,319000,319000,319000,319000,79,0,15000,65519.95055745538,3793.6682759973337,319003.6393650007,1842.1772151898733
1781523159,20,,Aggregated,0.000000,0.000000,15000,32000,109000,140000,234000,269000,311000,319000,319000,319000,319000,79,0,15000,65519.95055745538,3793.6682759973337,319003.6393650007,1842.1772151898733
1781523160,20,,Aggregated,0.000000,0.000000,15000,32000,109000,140000,234000,269000,311000,319000,319000,319000,319000,79,0,15000,65519.95055745538,3793.6682759973337,319003.6393650007,1842.1772151898733
1781523161,20,,Aggregated,0.000000,0.000000,15000,32000,109000,140000,234000,269000,311000,319000,319000,319000,319000,79,0,15000,65519.95055745538,3793.6682759973337,319003.6393650007,1842.1772151898733
1781523162,20,,Aggregated,0.000000,0.000000,15000,32000,109000,140000,234000,269000,311000,319000,319000,319000,319000,79,0,15000,65519.95055745538,3793.6682759973337,319003.6393650007,1842.1772151898733
1781523163,20,,Aggregated,0.000000,0.000000,15000,32000,109000,140000,234000,269000,311000,319000,319000,319000,319000,79,0,15000,65519.95055745538,3793.6682759973337,319003.6393650007,1842.1772151898733
1781523164,20,,Aggregated,0.000000,0.000000,15000,32000,109000,140000,234000,269000,311000,319000,319000,319000,319000,80,0,15000,65687.35227901216,3793.6682759973337,319003.6393650007,1830.8125
1781523165,20,,Aggregated,0.000000,0.000000,15000,32000,109000,140000,234000,269000,311000,319000,319000,319000,319000,80,0,15000,65687.35227901216,3793.6682759973337,319003.6393650007,1830.8125
1781523166,20,,Aggregated,0.000000,0.000000,15000,32000,109000,140000,234000,269000,311000,319000,319000,319000,319000,80,0,15000,65687.35227901216,3793.6682759973337,319003.6393650007,1830.8125
1781523167,20,,Aggregated,0.000000,0.000000,15000,32000,109000,140000,234000,269000,311000,319000,319000,319000,319000,80,0,15000,65687.35227901216,3793.6682759973337,319003.6393650007,1830.8125
1781523168,20,,Aggregated,0.000000,0.000000,15000,32000,109000,140000,234000,269000,311000,319000,319000,319000,319000,80,0,15000,65687.35227901216,3793.6682759973337,319003.6393650007,1830.8125
1781523169,20,,Aggregated,0.000000,0.000000,15000,32000,109000,140000,234000,269000,311000,319000,319000,319000,319000,80,0,15000,65687.35227901216,3793.6682759973337,319003.6393650007,1830.8125
1781523170,20,,Aggregated,0.000000,0.000000,15000,32000,109000,140000,234000,269000,311000,319000,319000,319000,319000,80,0,15000,65687.35227901216,3793.6682759973337,319003.6393650007,1830.8125
1781523171,20,,Aggregated,0.100000,0.000000,15000,40000,101000,119000,224000,261000,311000,319000,319000,319000,319000,81,0,15000,65918.14387939479,3793.6682759973337,319003.6393650007,1819.8024691358025
1781523172,20,,Aggregated,0.100000,0.000000,15000,40000,101000,119000,224000,261000,311000,319000,319000,319000,319000,81,0,15000,65918.14387939479,3793.6682759973337,319003.6393650007,1819.8024691358025
1781523173,20,,Aggregated,0.100000,0.000000,15000,40000,101000,119000,224000,261000,311000,319000,319000,319000,319000,81,0,15000,65918.14387939479,3793.6682759973337,319003.6393650007,1819.8024691358025
1781523174,20,,Aggregated,0.100000,0.000000,15000,40000,101000,119000,224000,261000,311000,319000,319000,319000,319000,81,0,15000,65918.14387939479,3793.6682759973337,319003.6393650007,1819.8024691358025
1781523175,20,,Aggregated,0.100000,0.000000,15000,40000,101000,119000,224000,261000,311000,319000,319000,319000,319000,81,0,15000,65918.14387939479,3793.6682759973337,319003.6393650007,1819.8024691358025
1781523176,20,,Aggregated,0.100000,0.000000,15000,40000,101000,119000,224000,261000,311000,319000,319000,319000,319000,81,0,15000,65918.14387939479,3793.6682759973337,319003.6393650007,1819.8024691358025
1781523177,20,,Aggregated,0.100000,0.000000,15000,40000,101000,119000,224000,261000,311000,319000,319000,319000,319000,81,0,15000,65918.14387939479,3793.6682759973337,319003.6393650007,1819.8024691358025
1781523178,20,,Aggregated,0.100000,0.000000,15000,40000,101000,119000,224000,261000,311000,319000,319000,319000,319000,81,0,15000,65918.14387939479,3793.6682759973337,319003.6393650007,1819.8024691358025
1781523180,20,,Aggregated,0.100000,0.000000,15000,40000,101000,119000,224000,261000,311000,319000,319000,319000,319000,81,0,15000,65918.14387939479,3793.6682759973337,319003.6393650007,1819.8024691358025
1781523181,20,,Aggregated,0.100000,0.000000,15000,40000,101000,119000,224000,261000,311000,319000,319000,319000,319000,81,0,15000,65918.14387939479,3793.6682759973337,319003.6393650007,1819.8024691358025
1781523182,20,,Aggregated,0.100000,0.000000,15000,40000,101000,119000,224000,261000,311000,319000,319000,319000,319000,81,0,15000,65918.14387939479,3793.6682759973337,319003.6393650007,1819.8024691358025
1781523183,20,,Aggregated,0.100000,0.000000,15000,40000,101000,119000,224000,261000,311000,319000,319000,319000,319000,81,0,15000,65918.14387939479,3793.6682759973337,319003.6393650007,1819.8024691358025
1781523184,20,,Aggregated,0.100000,0.000000,15000,40000,101000,119000,224000,261000,311000,319000,319000,319000,319000,83,0,15000,65627.27951336125,3793.6682759973337,319003.6393650007,1847.433734939759
1781523185,20,,Aggregated,0.100000,0.000000,15000,40000,101000,119000,224000,261000,311000,319000,319000,319000,319000,83,0,15000,65627.27951336125,3793.6682759973337,319003.6393650007,1847.433734939759
1781523186,20,,Aggregated,0.000000,0.000000,16000,51000,104000,119000,224000,261000,311000,319000,319000,319000,319000,84,0,15000,66083.28961385693,3793.6682759973337,319003.6393650007,1840.2738095238096
1781523187,20,,Aggregated,0.000000,0.000000,16000,51000,104000,119000,224000,261000,311000,319000,319000,319000,319000,84,0,15000,66083.28961385693,3793.6682759973337,319003.6393650007,1840.2738095238096
1781523188,20,,Aggregated,0.000000,0.000000,16000,51000,104000,119000,224000,261000,311000,319000,319000,319000,319000,84,0,15000,66083.28961385693,3793.6682759973337,319003.6393650007,1840.2738095238096
1781523189,20,,Aggregated,0.300000,0.000000,16000,62000,101000,119000,224000,261000,311000,319000,319000,319000,319000,85,0,16000,66491.16596032922,3793.6682759973337,319003.6393650007,1829.6941176470589
1781523190,20,,Aggregated,0.300000,0.000000,16000,62000,101000,119000,224000,261000,311000,319000,319000,319000,319000,85,0,16000,66491.16596032922,3793.6682759973337,319003.6393650007,1829.6941176470589
1781523191,20,,Aggregated,0.300000,0.000000,16000,62000,101000,119000,224000,261000,311000,319000,319000,319000,319000,85,0,16000,66491.16596032922,3793.6682759973337,319003.6393650007,1829.6941176470589
1781523192,20,,Aggregated,0.300000,0.000000,16000,62000,101000,119000,224000,261000,311000,319000,319000,319000,319000,85,0,16000,66491.16596032922,3793.6682759973337,319003.6393650007,1829.6941176470589
1781523193,20,,Aggregated,0.300000,0.000000,16000,62000,101000,119000,224000,261000,311000,319000,319000,319000,319000,85,0,16000,66491.16596032922,3793.6682759973337,319003.6393650007,1829.6941176470589
1781523194,20,,Aggregated,0.400000,0.000000,16000,51000,101000,110000,224000,261000,311000,319000,319000,319000,319000,86,0,15000,65861.73309465102,3793.6682759973337,319003.6393650007,1823.593023255814
1781523195,20,,Aggregated,0.400000,0.000000,16000,51000,101000,110000,224000,261000,311000,319000,319000,319000,319000,86,0,15000,65861.73309465102,3793.6682759973337,319003.6393650007,1823.593023255814
1781523196,20,,Aggregated,0.400000,0.000000,16000,51000,101000,110000,224000,261000,311000,319000,319000,319000,319000,87,0,16000,65356.123409746986,3793.6682759973337,319003.6393650007,1841.8505747126437
1781523197,20,,Aggregated,0.200000,0.000000,19000,62000,104000,110000,224000,261000,311000,319000,319000,319000,319000,88,0,16000,65817.92833319303,3793.6682759973337,319003.6393650007,1840.1477272727273
1781523198,20,,Aggregated,0.200000,0.000000,19000,62000,104000,110000,224000,261000,311000,319000,319000,319000,319000,88,0,16000,65817.92833319303,3793.6682759973337,319003.6393650007,1840.1477272727273
1781523199,20,,Aggregated,0.200000,0.000000,19000,62000,104000,110000,224000,261000,311000,319000,319000,319000,319000,88,0,16000,65817.92833319303,3793.6682759973337,319003.6393650007,1840.1477272727273
1781523200,20,,Aggregated,0.200000,0.000000,19000,62000,104000,110000,224000,261000,311000,319000,319000,319000,319000,88,0,16000,65817.92833319303,3793.6682759973337,319003.6393650007,1840.1477272727273
1781523201,20,,Aggregated,0.200000,0.000000,19000,62000,104000,110000,224000,261000,311000,319000,319000,319000,319000,88,0,16000,65817.92833319303,3793.6682759973337,319003.6393650007,1840.1477272727273
1781523202,20,,Aggregated,0.200000,0.000000,19000,62000,104000,110000,224000,261000,311000,319000,319000,319000,319000,88,0,16000,65817.92833319303,3793.6682759973337,319003.6393650007,1840.1477272727273
1781523203,20,,Aggregated,0.200000,0.000000,19000,62000,104000,110000,224000,261000,311000,319000,319000,319000,319000,88,0,16000,65817.92833319303,3793.6682759973337,319003.6393650007,1840.1477272727273
1781523204,20,,Aggregated,0.200000,0.000000,19000,62000,104000,110000,224000,261000,311000,319000,319000,319000,319000,88,0,16000,65817.92833319303,3793.6682759973337,319003.6393650007,1840.1477272727273
1781523205,20,,Aggregated,0.200000,0.000000,19000,62000,104000,110000,224000,261000,311000,319000,319000,319000,319000,88,0,16000,65817.92833319303,3793.6682759973337,319003.6393650007,1840.1477272727273
1781523206,20,,Aggregated,0.200000,0.000000,19000,62000,104000,110000,224000,261000,311000,319000,319000,319000,319000,88,0,16000,65817.92833319303,3793.6682759973337,319003.6393650007,1840.1477272727273
1781523207,20,,Aggregated,0.300000,0.000000,19000,62000,104000,111000,224000,261000,311000,319000,319000,319000,319000,89,0,19000,66330.49628913472,3793.6682759973337,319003.6393650007,1830.0449438202247
1781523208,20,,Aggregated,0.300000,0.000000,19000,62000,104000,111000,224000,261000,311000,319000,319000,319000,319000,89,0,19000,66330.49628913472,3793.6682759973337,319003.6393650007,1830.0449438202247
1781523209,20,,Aggregated,0.300000,0.000000,19000,62000,104000,111000,224000,261000,311000,319000,319000,319000,319000,89,0,19000,66330.49628913472,3793.6682759973337,319003.6393650007,1830.0449438202247
1781523210,20,,Aggregated,0.300000,0.000000,19000,62000,104000,111000,224000,261000,311000,319000,319000,319000,319000,89,0,19000,66330.49628913472,3793.6682759973337,319003.6393650007,1830.0449438202247
1781523211,20,,Aggregated,0.300000,0.000000,19000,62000,104000,111000,224000,261000,311000,319000,319000,319000,319000,89,0,19000,66330.49628913472,3793.6682759973337,319003.6393650007,1830.0449438202247
1781523212,20,,Aggregated,0.300000,0.000000,19000,62000,104000,111000,224000,261000,311000,319000,319000,319000,319000,89,0,19000,66330.49628913472,3793.6682759973337,319003.6393650007,1830.0449438202247
1781523213,20,,Aggregated,0.100000,0.000000,19000,62000,104000,111000,224000,261000,311000,319000,319000,319000,319000,90,0,16000,65645.83106632206,3793.6682759973337,319003.6393650007,1820.2444444444445
1781523214,20,,Aggregated,0.100000,0.000000,19000,62000,104000,111000,224000,261000,311000,319000,319000,319000,319000,90,0,16000,65645.83106632206,3793.6682759973337,319003.6393650007,1820.2444444444445
1781523215,20,,Aggregated,0.100000,0.000000,19000,62000,104000,111000,224000,261000,311000,319000,319000,319000,319000,90,0,16000,65645.83106632206,3793.6682759973337,319003.6393650007,1820.2444444444445
1781523216,20,,Aggregated,0.100000,0.000000,19000,62000,104000,111000,224000,261000,311000,319000,319000,319000,319000,90,0,16000,65645.83106632206,3793.6682759973337,319003.6393650007,1820.2444444444445
1781523217,20,,Aggregated,0.100000,0.000000,19000,62000,104000,111000,224000,261000,311000,319000,319000,319000,319000,90,0,16000,65645.83106632206,3793.6682759973337,319003.6393650007,1820.2444444444445
1781523218,20,,Aggregated,0.100000,0.000000,19000,62000,104000,111000,224000,261000,311000,319000,319000,319000,319000,90,0,16000,65645.83106632206,3793.6682759973337,319003.6393650007,1820.2444444444445
1781523219,20,,Aggregated,0.100000,0.000000,19000,62000,104000,111000,224000,261000,311000,319000,319000,319000,319000,90,0,16000,65645.83106632206,3793.6682759973337,319003.6393650007,1820.2444444444445
1781523220,20,,Aggregated,0.100000,0.000000,19000,62000,104000,111000,224000,261000,311000,319000,319000,319000,319000,90,0,16000,65645.83106632206,3793.6682759973337,319003.6393650007,1820.2444444444445
1781523221,20,,Aggregated,0.100000,0.000000,19000,62000,104000,111000,224000,261000,311000,319000,319000,319000,319000,90,0,16000,65645.83106632206,3793.6682759973337,319003.6393650007,1820.2444444444445
1781523222,20,,Aggregated,0.100000,0.000000,19000,73000,106000,111000,212000,261000,311000,319000,319000,319000,319000,91,0,19000,66353.71858790098,3793.6682759973337,319003.6393650007,1822.8351648351647
1781523223,20,,Aggregated,0.100000,0.000000,19000,73000,106000,111000,212000,261000,311000,319000,319000,319000,319000,91,0,19000,66353.71858790098,3793.6682759973337,319003.6393650007,1822.8351648351647
1781523224,20,,Aggregated,0.100000,0.000000,19000,73000,106000,111000,212000,261000,311000,319000,319000,319000,319000,91,0,19000,66353.71858790098,3793.6682759973337,319003.6393650007,1822.8351648351647
1781523225,20,,Aggregated,0.100000,0.000000,19000,73000,106000,111000,212000,261000,311000,319000,319000,319000,319000,91,0,19000,66353.71858790098,3793.6682759973337,319003.6393650007,1822.8351648351647
1781523226,20,,Aggregated,0.100000,0.000000,19000,73000,106000,111000,212000,261000,311000,319000,319000,319000,319000,91,0,19000,66353.71858790098,3793.6682759973337,319003.6393650007,1822.8351648351647
1781523227,20,,Aggregated,0.100000,0.000000,19000,73000,106000,111000,212000,261000,311000,319000,319000,319000,319000,91,0,19000,66353.71858790098,3793.6682759973337,319003.6393650007,1822.8351648351647
1781523228,20,,Aggregated,0.100000,0.000000,19000,73000,106000,111000,212000,261000,311000,319000,319000,319000,319000,91,0,19000,66353.71858790098,3793.6682759973337,319003.6393650007,1822.8351648351647
1781523229,20,,Aggregated,0.100000,0.000000,19000,73000,109000,118000,212000,261000,311000,319000,319000,319000,319000,92,0,19000,66918.92665074991,3793.6682759973337,319003.6393650007,1827.7826086956522
1781523230,20,,Aggregated,0.100000,0.000000,19000,73000,109000,118000,212000,261000,311000,319000,319000,319000,319000,92,0,19000,66918.92665074991,3793.6682759973337,319003.6393650007,1827.7826086956522
1781523231,20,,Aggregated,0.100000,0.000000,19000,73000,109000,118000,212000,261000,311000,319000,319000,319000,319000,92,0,19000,66918.92665074991,3793.6682759973337,319003.6393650007,1827.7826086956522
1781523232,20,,Aggregated,0.100000,0.000000,19000,73000,109000,118000,212000,261000,311000,319000,319000,319000,319000,92,0,19000,66918.92665074991,3793.6682759973337,319003.6393650007,1827.7826086956522
1781523233,20,,Aggregated,0.100000,0.000000,19000,73000,109000,118000,212000,261000,311000,319000,319000,319000,319000,92,0,19000,66918.92665074991,3793.6682759973337,319003.6393650007,1827.7826086956522
1781523234,20,,Aggregated,0.100000,0.000000,19000,73000,109000,118000,212000,261000,311000,319000,319000,319000,319000,92,0,19000,66918.92665074991,3793.6682759973337,319003.6393650007,1827.7826086956522
