timestamp,question,response_time_ms,success,cache_hit
2026-06-15 19:24:01,这个文档主要讲什么内容？,4370,YES,NO
2026-06-15 19:24:01,这个文档主要讲什么内容？,4973,YES,NO
2026-06-15 19:24:02,这个文档主要讲什么内容？,5532,YES,NO
2026-06-15 19:24:02,这个文档主要讲什么内容？,3794,YES,NO
2026-06-15 19:24:03,这个文档主要讲什么内容？,5571,YES,NO
2026-06-15 19:24:03,这个文档主要讲什么内容？,6606,YES,NO
2026-06-15 19:24:03,这个文档主要讲什么内容？,6610,YES,NO
2026-06-15 19:24:04,这个文档主要讲什么内容？,8398,YES,NO
2026-06-15 19:24:04,这个文档主要讲什么内容？,8528,YES,NO
2026-06-15 19:24:04,这个文档主要讲什么内容？,6610,YES,NO
2026-06-15 19:24:06,这个文档主要讲什么内容？,8684,YES,NO
2026-06-15 19:24:06,这个文档主要讲什么内容？,10872,YES,NO
2026-06-15 19:24:06,这个文档主要讲什么内容？,7898,YES,NO
2026-06-15 19:24:06,这个文档主要讲什么内容？,8941,YES,NO
2026-06-15 19:24:06,这个文档主要讲什么内容？,11015,YES,NO
2026-06-15 19:24:07,这个文档主要讲什么内容？,8870,YES,NO
2026-06-15 19:24:07,这个文档主要讲什么内容？,9936,YES,NO
2026-06-15 19:24:09,这个文档主要讲什么内容？,14144,YES,NO
2026-06-15 19:24:16,公司的主要销售模式是什么？,11791,YES,NO
2026-06-15 19:24:53,公司的主要销售模式是什么？,50797,YES,NO
2026-06-15 19:25:13,公司的产品开发流程是什么？,19375,YES,NO
2026-06-15 19:25:20,公司的主要销售模式是什么？,72968,YES,NO
2026-06-15 19:25:21,公司的产品开发流程是什么？,0,YES,YES
2026-06-15 19:25:26,公司的主要销售模式是什么？,80539,YES,NO
2026-06-15 19:25:28,公司的产品开发流程是什么？,0,YES,YES
2026-06-15 19:25:29,公司的技术创新机制是什么？,13207,YES,NO
2026-06-15 19:25:31,公司的技术创新机制是什么？,0,YES,YES
2026-06-15 19:25:50,公司的主要销售模式是什么？,101066,YES,NO
2026-06-15 19:25:52,公司的技术创新机制是什么？,29681,YES,NO
2026-06-15 19:25:52,公司的产品开发流程是什么？,0,YES,YES
2026-06-15 19:25:53,公司的采购与关联交易情况如何？,21860,YES,NO
2026-06-15 19:25:53,公司的采购与关联交易情况如何？,0,YES,YES
2026-06-15 19:25:53,公司的采购与关联交易情况如何？,20117,YES,NO
2026-06-15 19:25:54,公司的主要销售模式是什么？,109773,YES,NO
2026-06-15 19:25:54,公司的技术创新机制是什么？,0,YES,YES
2026-06-15 19:25:55,公司的主要销售模式是什么？,110114,YES,NO
2026-06-15 19:25:57,公司的产品开发流程是什么？,0,YES,YES
2026-06-15 19:25:57,公司的采购与关联交易情况如何？,0,YES,YES
2026-06-15 19:25:58,这个文档主要讲什么内容？,119234,YES,NO
2026-06-15 19:25:58,公司的技术创新机制是什么？,0,YES,YES
2026-06-15 19:25:58,公司的产品开发流程是什么？,0,YES,YES
2026-06-15 19:25:59,公司的采购与关联交易情况如何？,0,YES,YES
2026-06-15 19:26:00,公司的主要销售模式是什么？,0,YES,YES
2026-06-15 19:26:00,公司的技术创新机制是什么？,0,YES,YES
2026-06-15 19:26:00,公司的主要业务是什么？,5366,YES,NO
2026-06-15 19:26:01,公司的主要业务是什么？,0,YES,YES
2026-06-15 19:26:02,公司的主要业务是什么？,6642,YES,NO
2026-06-15 19:26:02,公司的采购与关联交易情况如何？,0,YES,YES
2026-06-15 19:26:02,公司的产品开发流程是什么？,0,YES,YES
2026-06-15 19:26:03,公司的主要业务是什么？,0,YES,YES
2026-06-15 19:26:05,公司的技术创新机制是什么？,0,YES,YES
2026-06-15 19:26:07,公司的主要业务是什么？,13029,YES,NO
2026-06-15 19:26:08,公司的采购与关联交易情况如何？,0,YES,YES
2026-06-15 19:26:10,公司的主要业务是什么？,0,YES,YES
2026-06-15 19:26:10,公司的技术实力如何？,4511,YES,NO
2026-06-15 19:26:12,公司的技术实力如何？,8147,YES,NO
2026-06-15 19:26:12,公司的技术实力如何？,0,YES,YES
2026-06-15 19:26:12,公司的主要业务是什么？,14072,YES,NO
2026-06-15 19:26:14,公司的技术实力如何？,0,YES,YES
2026-06-15 19:26:14,公司的技术实力如何？,12276,YES,NO
2026-06-15 19:26:15,公司的技术实力如何？,12044,YES,NO
2026-06-15 19:26:24,公司的技术实力如何？,13620,YES,NO
2026-06-15 19:26:24,公司的业务运营模式是什么？,11018,YES,NO
2026-06-15 19:26:25,这个文档主要讲什么内容？,0,YES,YES
2026-06-15 19:26:26,公司的业务运营模式是什么？,0,YES,YES
2026-06-15 19:26:27,公司的主要销售模式是什么？,0,YES,YES
2026-06-15 19:26:28,这个文档主要讲什么内容？,0,YES,YES
2026-06-15 19:26:29,公司的产品开发流程是什么？,0,YES,YES
2026-06-15 19:26:30,公司的主要销售模式是什么？,139729,YES,NO
2026-06-15 19:26:30,公司的业务运营模式是什么？,13652,YES,NO
2026-06-15 19:26:30,公司的技术创新机制是什么？,0,YES,YES
2026-06-15 19:26:31,公司的主要销售模式是什么？,0,YES,YES
2026-06-15 19:26:32,这个文档主要讲什么内容？,0,YES,YES
2026-06-15 19:26:33,公司的产品开发流程是什么？,0,YES,YES
2026-06-15 19:26:33,公司的采购与关联交易情况如何？,0,YES,YES
2026-06-15 19:26:33,公司的产品开发流程是什么？,0,YES,YES
2026-06-15 19:26:34,公司的主要业务是什么？,0,YES,YES
2026-06-15 19:26:34,公司的主要销售模式是什么？,0,YES,YES
2026-06-15 19:26:34,公司的技术创新机制是什么？,0,YES,YES
2026-06-15 19:26:36,公司的技术实力如何？,0,YES,YES
2026-06-15 19:26:36,公司的技术创新机制是什么？,0,YES,YES
2026-06-15 19:26:36,公司的主要销售模式是什么？,147313,YES,NO
2026-06-15 19:26:36,公司的采购与关联交易情况如何？,0,YES,YES
2026-06-15 19:26:37,公司的产品开发流程是什么？,0,YES,YES
2026-06-15 19:26:38,公司的技术创新机制是什么？,0,YES,YES
2026-06-15 19:26:38,公司的业务运营模式是什么？,0,YES,YES
2026-06-15 19:26:38,公司的采购与关联交易情况如何？,0,YES,YES
2026-06-15 19:26:39,公司的主要业务是什么？,0,YES,YES
2026-06-15 19:26:39,公司的产品开发流程是什么？,0,YES,YES
2026-06-15 19:26:40,这个文档主要讲什么内容？,0,YES,YES
2026-06-15 19:26:40,公司的采购与关联交易情况如何？,0,YES,YES
2026-06-15 19:26:40,公司的技术实力如何？,0,YES,YES
2026-06-15 19:26:40,公司的主要业务是什么？,0,YES,YES
2026-06-15 19:26:41,公司的主要销售模式是什么？,0,YES,YES
2026-06-15 19:26:41,公司的技术创新机制是什么？,0,YES,YES
2026-06-15 19:26:42,公司的业务运营模式是什么？,0,YES,YES
2026-06-15 19:26:42,公司的主要业务是什么？,0,YES,YES
2026-06-15 19:26:43,公司的产品开发流程是什么？,0,YES,YES
2026-06-15 19:26:43,公司的采购与关联交易情况如何？,0,YES,YES
2026-06-15 19:26:43,公司的技术实力如何？,0,YES,YES
2026-06-15 19:26:44,这个文档主要讲什么内容？,0,YES,YES
2026-06-15 19:26:44,公司的技术实力如何？,0,YES,YES
2026-06-15 19:26:44,公司的技术创新机制是什么？,0,YES,YES
2026-06-15 19:26:45,公司的主要业务是什么？,0,YES,YES
2026-06-15 19:26:45,公司的业务运营模式是什么？,0,YES,YES
2026-06-15 19:26:46,公司的主要销售模式是什么？,0,YES,YES
2026-06-15 19:26:46,公司的业务运营模式是什么？,0,YES,YES
2026-06-15 19:26:46,公司的采购与关联交易情况如何？,0,YES,YES
2026-06-15 19:26:47,这个文档主要讲什么内容？,0,YES,YES
2026-06-15 19:26:48,公司的产品开发流程是什么？,0,YES,YES
2026-06-15 19:26:48,公司的技术实力如何？,0,YES,YES
2026-06-15 19:26:48,这个文档主要讲什么内容？,0,YES,YES
2026-06-15 19:26:49,公司的技术创新机制是什么？,0,YES,YES
2026-06-15 19:26:49,公司的主要业务是什么？,0,YES,YES
2026-06-15 19:26:50,公司的主要销售模式是什么？,0,YES,YES
2026-06-15 19:26:50,公司的业务运营模式是什么？,0,YES,YES
2026-06-15 19:26:50,公司的采购与关联交易情况如何？,0,YES,YES
2026-06-15 19:26:50,公司的主要销售模式是什么？,0,YES,YES
2026-06-15 19:26:51,公司的主要业务是什么？,0,YES,YES
2026-06-15 19:26:51,公司的技术实力如何？,0,YES,YES
2026-06-15 19:26:52,公司的主要销售模式是什么？,168589,YES,NO
2026-06-15 19:26:52,这个文档主要讲什么内容？,0,YES,YES
2026-06-15 19:26:52,公司的产品开发流程是什么？,0,YES,YES
2026-06-15 19:26:53,公司的产品开发流程是什么？,0,YES,YES
2026-06-15 19:26:53,公司的技术创新机制是什么？,0,YES,YES
2026-06-15 19:26:54,公司的主要销售模式是什么？,0,YES,YES
2026-06-15 19:26:54,公司的产品开发流程是什么？,0,YES,YES
2026-06-15 19:26:54,公司的业务运营模式是什么？,0,YES,YES
2026-06-15 19:26:54,公司的技术实力如何？,0,YES,YES
2026-06-15 19:26:54,公司的技术创新机制是什么？,0,YES,YES
2026-06-15 19:26:56,公司的技术创新机制是什么？,0,YES,YES
2026-06-15 19:26:56,公司的产品开发流程是什么？,0,YES,YES
2026-06-15 19:26:56,公司的采购与关联交易情况如何？,0,YES,YES
2026-06-15 19:26:56,这个文档主要讲什么内容？,0,YES,YES
2026-06-15 19:26:56,公司的采购与关联交易情况如何？,0,YES,YES
2026-06-15 19:26:57,公司的业务运营模式是什么？,0,YES,YES
2026-06-15 19:26:57,公司的采购与关联交易情况如何？,0,YES,YES
2026-06-15 19:26:57,公司的主要业务是什么？,0,YES,YES
2026-06-15 19:26:58,这个文档主要讲什么内容？,0,YES,YES
2026-06-15 19:26:58,公司的主要业务是什么？,0,YES,YES
2026-06-15 19:26:58,公司的技术创新机制是什么？,0,YES,YES
2026-06-15 19:26:59,公司的主要业务是什么？,0,YES,YES
2026-06-15 19:26:59,公司的主要销售模式是什么？,0,YES,YES
2026-06-15 19:26:59,公司的主要销售模式是什么？,0,YES,YES
2026-06-15 19:27:00,公司的技术实力如何？,0,YES,YES
2026-06-15 19:27:00,公司的产品开发流程是什么？,0,YES,YES
2026-06-15 19:27:00,公司的技术实力如何？,0,YES,YES
2026-06-15 19:27:01,公司的技术实力如何？,0,YES,YES
2026-06-15 19:27:01,公司的采购与关联交易情况如何？,0,YES,YES
2026-06-15 19:27:01,公司的业务运营模式是什么？,0,YES,YES
2026-06-15 19:27:01,公司的产品开发流程是什么？,0,YES,YES
2026-06-15 19:27:02,公司的技术创新机制是什么？,0,YES,YES
2026-06-15 19:27:02,公司的业务运营模式是什么？,0,YES,YES
2026-06-15 19:27:02,公司的业务运营模式是什么？,0,YES,YES
2026-06-15 19:27:03,公司的主要业务是什么？,0,YES,YES
2026-06-15 19:27:03,这个文档主要讲什么内容？,0,YES,YES
2026-06-15 19:27:04,公司的采购与关联交易情况如何？,0,YES,YES
2026-06-15 19:27:04,这个文档主要讲什么内容？,0,YES,YES
2026-06-15 19:27:04,公司的技术实力如何？,0,YES,YES
2026-06-15 19:27:04,公司的技术创新机制是什么？,0,YES,YES
2026-06-15 19:27:05,这个文档主要讲什么内容？,0,YES,YES
2026-06-15 19:27:06,公司的主要业务是什么？,0,YES,YES
2026-06-15 19:27:06,公司的主要销售模式是什么？,0,YES,YES
2026-06-15 19:27:06,公司的主要销售模式是什么？,0,YES,YES
2026-06-15 19:27:06,公司的业务运营模式是什么？,0,YES,YES
2026-06-15 19:27:06,公司的主要销售模式是什么？,0,YES,YES
2026-06-15 19:27:07,公司的采购与关联交易情况如何？,0,YES,YES
2026-06-15 19:27:07,公司的技术实力如何？,0,YES,YES
2026-06-15 19:27:07,公司的产品开发流程是什么？,0,YES,YES
2026-06-15 19:27:08,公司的主要业务是什么？,0,YES,YES
2026-06-15 19:27:08,公司的产品开发流程是什么？,0,YES,YES
2026-06-15 19:27:08,公司的技术创新机制是什么？,0,YES,YES
2026-06-15 19:27:08,这个文档主要讲什么内容？,0,YES,YES
2026-06-15 19:27:08,公司的业务运营模式是什么？,0,YES,YES
2026-06-15 19:27:09,公司的产品开发流程是什么？,0,YES,YES
2026-06-15 19:27:09,公司的采购与关联交易情况如何？,0,YES,YES
2026-06-15 19:27:10,公司的技术实力如何？,0,YES,YES
2026-06-15 19:27:10,公司的技术创新机制是什么？,0,YES,YES
2026-06-15 19:27:10,这个文档主要讲什么内容？,0,YES,YES
2026-06-15 19:27:10,公司的主要销售模式是什么？,0,YES,YES
2026-06-15 19:27:10,公司的技术创新机制是什么？,0,YES,YES
2026-06-15 19:27:11,公司的主要业务是什么？,0,YES,YES
2026-06-15 19:27:11,公司的业务运营模式是什么？,0,YES,YES
2026-06-15 19:27:12,公司的主要销售模式是什么？,0,YES,YES
2026-06-15 19:27:12,公司的采购与关联交易情况如何？,0,YES,YES
2026-06-15 19:27:12,公司的采购与关联交易情况如何？,0,YES,YES
2026-06-15 19:27:12,公司的产品开发流程是什么？,0,YES,YES
2026-06-15 19:27:13,这个文档主要讲什么内容？,0,YES,YES
2026-06-15 19:27:13,公司的技术实力如何？,0,YES,YES
2026-06-15 19:27:14,公司的主要业务是什么？,0,YES,YES
2026-06-15 19:27:14,公司的技术创新机制是什么？,0,YES,YES
2026-06-15 19:27:14,公司的主要业务是什么？,0,YES,YES
2026-06-15 19:27:15,公司的产品开发流程是什么？,0,YES,YES
2026-06-15 19:27:15,公司的技术实力如何？,0,YES,YES
2026-06-15 19:27:15,公司的技术实力如何？,0,YES,YES
2026-06-15 19:27:15,公司的采购与关联交易情况如何？,0,YES,YES
2026-06-15 19:27:16,公司的主要销售模式是什么？,0,YES,YES
2026-06-15 19:27:16,公司的业务运营模式是什么？,0,YES,YES
2026-06-15 19:27:16,公司的技术创新机制是什么？,0,YES,YES
2026-06-15 19:27:17,这个文档主要讲什么内容？,0,YES,YES
2026-06-15 19:27:17,公司的业务运营模式是什么？,0,YES,YES
2026-06-15 19:27:18,公司的业务运营模式是什么？,0,YES,YES
2026-06-15 19:27:18,公司的产品开发流程是什么？,0,YES,YES
2026-06-15 19:27:18,公司的主要业务是什么？,0,YES,YES
2026-06-15 19:27:19,公司的采购与关联交易情况如何？,0,YES,YES
2026-06-15 19:27:19,公司的主要销售模式是什么？,0,YES,YES
2026-06-15 19:27:19,公司的主要销售模式是什么？,190378,YES,NO
2026-06-15 19:27:19,这个文档主要讲什么内容？,0,YES,YES
2026-06-15 19:27:19,公司的技术实力如何？,0,YES,YES
2026-06-15 19:27:20,公司的技术创新机制是什么？,0,YES,YES
2026-06-15 19:27:20,公司的主要销售模式是什么？,0,YES,YES
2026-06-15 19:27:20,这个文档主要讲什么内容？,0,YES,YES
2026-06-15 19:27:21,公司的业务运营模式是什么？,0,YES,YES
2026-06-15 19:27:21,公司的主要销售模式是什么？,0,YES,YES
2026-06-15 19:27:21,公司的产品开发流程是什么？,0,YES,YES
2026-06-15 19:27:21,公司的主要业务是什么？,0,YES,YES
2026-06-15 19:27:22,公司的产品开发流程是什么？,0,YES,YES
2026-06-15 19:27:22,公司的产品开发流程是什么？,0,YES,YES
2026-06-15 19:27:23,公司的采购与关联交易情况如何？,0,YES,YES
2026-06-15 19:27:23,公司的产品开发流程是什么？,0,YES,YES
2026-06-15 19:27:23,公司的技术实力如何？,0,YES,YES
2026-06-15 19:27:24,公司的技术创新机制是什么？,0,YES,YES
2026-06-15 19:27:24,这个文档主要讲什么内容？,0,YES,YES
2026-06-15 19:27:24,公司的主要业务是什么？,0,YES,YES
2026-06-15 19:27:24,公司的技术创新机制是什么？,0,YES,YES
2026-06-15 19:27:24,公司的技术创新机制是什么？,0,YES,YES
2026-06-15 19:27:24,公司的业务运营模式是什么？,0,YES,YES
2026-06-15 19:27:25,公司的技术创新机制是什么？,0,YES,YES
2026-06-15 19:27:25,公司的主要销售模式是什么？,0,YES,YES
2026-06-15 19:27:25,公司的采购与关联交易情况如何？,0,YES,YES
2026-06-15 19:27:26,公司的采购与关联交易情况如何？,0,YES,YES
2026-06-15 19:27:26,公司的技术实力如何？,0,YES,YES
2026-06-15 19:27:26,公司的采购与关联交易情况如何？,0,YES,YES
2026-06-15 19:27:27,公司的产品开发流程是什么？,0,YES,YES
2026-06-15 19:27:27,公司的采购与关联交易情况如何？,0,YES,YES
2026-06-15 19:27:27,这个文档主要讲什么内容？,0,YES,YES
2026-06-15 19:27:28,公司的业务运营模式是什么？,0,YES,YES
2026-06-15 19:27:28,公司的主要业务是什么？,0,YES,YES
2026-06-15 19:27:28,公司的主要业务是什么？,0,YES,YES
2026-06-15 19:27:28,公司的主要业务是什么？,0,YES,YES
2026-06-15 19:27:28,公司的主要销售模式是什么？,0,YES,YES
2026-06-15 19:27:29,公司的主要业务是什么？,0,YES,YES
2026-06-15 19:27:29,公司的技术实力如何？,0,YES,YES
2026-06-15 19:27:29,公司的技术创新机制是什么？,0,YES,YES
2026-06-15 19:27:30,公司的技术实力如何？,0,YES,YES
2026-06-15 19:27:30,这个文档主要讲什么内容？,0,YES,YES
2026-06-15 19:27:30,公司的产品开发流程是什么？,0,YES,YES
2026-06-15 19:27:30,公司的技术实力如何？,0,YES,YES
2026-06-15 19:27:30,公司的采购与关联交易情况如何？,0,YES,YES
2026-06-15 19:27:31,公司的主要销售模式是什么？,0,YES,YES
2026-06-15 19:27:31,公司的技术创新机制是什么？,0,YES,YES
2026-06-15 19:27:31,公司的技术实力如何？,0,YES,YES
2026-06-15 19:27:31,公司的业务运营模式是什么？,0,YES,YES
2026-06-15 19:27:32,公司的业务运营模式是什么？,0,YES,YES
2026-06-15 19:27:32,公司的业务运营模式是什么？,0,YES,YES
2026-06-15 19:27:32,这个文档主要讲什么内容？,0,YES,YES
2026-06-15 19:27:32,公司的产品开发流程是什么？,0,YES,YES
2026-06-15 19:27:33,公司的主要业务是什么？,0,YES,YES
2026-06-15 19:27:33,公司的采购与关联交易情况如何？,0,YES,YES
2026-06-15 19:27:33,公司的业务运营模式是什么？,0,YES,YES
2026-06-15 19:27:33,这个文档主要讲什么内容？,0,YES,YES
2026-06-15 19:27:34,公司的主要销售模式是什么？,0,YES,YES
2026-06-15 19:27:34,这个文档主要讲什么内容？,0,YES,YES
2026-06-15 19:27:34,公司的技术创新机制是什么？,0,YES,YES
2026-06-15 19:27:35,公司的技术实力如何？,0,YES,YES
2026-06-15 19:27:35,公司的主要业务是什么？,0,YES,YES
2026-06-15 19:27:35,公司的主要销售模式是什么？,0,YES,YES
2026-06-15 19:27:35,公司的主要销售模式是什么？,0,YES,YES
2026-06-15 19:27:35,公司的采购与关联交易情况如何？,0,YES,YES
2026-06-15 19:27:36,这个文档主要讲什么内容？,0,YES,YES
2026-06-15 19:27:36,公司的产品开发流程是什么？,0,YES,YES
2026-06-15 19:27:36,公司的业务运营模式是什么？,0,YES,YES
2026-06-15 19:27:36,公司的技术实力如何？,0,YES,YES
2026-06-15 19:27:37,公司的产品开发流程是什么？,0,YES,YES
2026-06-15 19:27:37,公司的主要业务是什么？,0,YES,YES
2026-06-15 19:27:37,公司的产品开发流程是什么？,0,YES,YES
2026-06-15 19:27:38,公司的业务运营模式是什么？,0,YES,YES
2026-06-15 19:27:38,公司的技术实力如何？,0,YES,YES
2026-06-15 19:27:38,公司的技术创新机制是什么？,0,YES,YES
2026-06-15 19:27:39,这个文档主要讲什么内容？,0,YES,YES
2026-06-15 19:27:39,公司的技术创新机制是什么？,0,YES,YES
2026-06-15 19:27:39,公司的主要销售模式是什么？,0,YES,YES
2026-06-15 19:27:39,这个文档主要讲什么内容？,0,YES,YES
2026-06-15 19:27:39,公司的采购与关联交易情况如何？,0,YES,YES
2026-06-15 19:27:40,公司的技术创新机制是什么？,0,YES,YES
2026-06-15 19:27:40,公司的主要销售模式是什么？,0,YES,YES
2026-06-15 19:27:40,公司的采购与关联交易情况如何？,0,YES,YES
2026-06-15 19:27:40,公司的主要销售模式是什么？,212113,YES,NO
2026-06-15 19:27:40,公司的产品开发流程是什么？,0,YES,YES
2026-06-15 19:27:41,公司的主要销售模式是什么？,0,YES,YES
2026-06-15 19:27:41,公司的业务运营模式是什么？,0,YES,YES
2026-06-15 19:27:41,公司的产品开发流程是什么？,0,YES,YES
2026-06-15 19:27:41,公司的主要业务是什么？,0,YES,YES
2026-06-15 19:27:41,公司的主要业务是什么？,0,YES,YES
2026-06-15 19:27:42,公司的采购与关联交易情况如何？,0,YES,YES
2026-06-15 19:27:42,公司的技术创新机制是什么？,0,YES,YES
2026-06-15 19:27:42,公司的产品开发流程是什么？,0,YES,YES
2026-06-15 19:27:42,公司的产品开发流程是什么？,0,YES,YES
2026-06-15 19:27:43,公司的主要业务是什么？,0,YES,YES
2026-06-15 19:27:43,公司的技术创新机制是什么？,0,YES,YES
2026-06-15 19:27:43,这个文档主要讲什么内容？,0,YES,YES
2026-06-15 19:27:43,公司的技术实力如何？,0,YES,YES
2026-06-15 19:27:43,公司的技术创新机制是什么？,0,YES,YES
2026-06-15 19:27:44,公司的采购与关联交易情况如何？,0,YES,YES
2026-06-15 19:27:44,公司的技术实力如何？,0,YES,YES
2026-06-15 19:27:45,公司的技术实力如何？,0,YES,YES
2026-06-15 19:27:45,公司的技术创新机制是什么？,0,YES,YES
2026-06-15 19:27:45,公司的采购与关联交易情况如何？,0,YES,YES
2026-06-15 19:27:45,公司的主要业务是什么？,0,YES,YES
2026-06-15 19:27:45,公司的采购与关联交易情况如何？,0,YES,YES
2026-06-15 19:27:46,公司的业务运营模式是什么？,0,YES,YES
2026-06-15 19:27:46,公司的主要销售模式是什么？,0,YES,YES
2026-06-15 19:27:46,公司的采购与关联交易情况如何？,0,YES,YES
2026-06-15 19:27:46,公司的业务运营模式是什么？,0,YES,YES
2026-06-15 19:27:47,公司的主要业务是什么？,0,YES,YES
2026-06-15 19:27:47,公司的业务运营模式是什么？,0,YES,YES
2026-06-15 19:27:47,公司的技术实力如何？,0,YES,YES
2026-06-15 19:27:48,这个文档主要讲什么内容？,0,YES,YES
2026-06-15 19:27:48,公司的主要业务是什么？,0,YES,YES
2026-06-15 19:27:48,公司的产品开发流程是什么？,0,YES,YES
2026-06-15 19:27:48,这个文档主要讲什么内容？,0,YES,YES
2026-06-15 19:27:48,公司的主要业务是什么？,0,YES,YES
2026-06-15 19:27:49,这个文档主要讲什么内容？,0,YES,YES
2026-06-15 19:27:49,公司的技术实力如何？,0,YES,YES
2026-06-15 19:27:49,公司的业务运营模式是什么？,0,YES,YES
2026-06-15 19:27:49,公司的产品开发流程是什么？,210891,YES,NO
2026-06-15 19:27:49,公司的技术实力如何？,0,YES,YES
2026-06-15 19:27:50,公司的主要销售模式是什么？,0,YES,YES
2026-06-15 19:27:50,公司的技术实力如何？,0,YES,YES
2026-06-15 19:27:50,公司的主要销售模式是什么？,0,YES,YES
2026-06-15 19:27:50,公司的主要销售模式是什么？,0,YES,YES
2026-06-15 19:27:51,公司的技术创新机制是什么？,0,YES,YES
2026-06-15 19:27:51,公司的技术创新机制是什么？,0,YES,YES
2026-06-15 19:27:51,公司的主要销售模式是什么？,224126,YES,NO
2026-06-15 19:27:51,公司的产品开发流程是什么？,0,YES,YES
2026-06-15 19:27:51,公司的业务运营模式是什么？,0,YES,YES
2026-06-15 19:27:51,公司的产品开发流程是什么？,0,YES,YES
2026-06-15 19:27:52,公司的业务运营模式是什么？,0,YES,YES
2026-06-15 19:27:52,公司的采购与关联交易情况如何？,0,YES,YES
2026-06-15 19:27:52,这个文档主要讲什么内容？,0,YES,YES
2026-06-15 19:27:52,公司的业务运营模式是什么？,0,YES,YES
2026-06-15 19:27:53,公司的技术创新机制是什么？,0,YES,YES
2026-06-15 19:27:53,公司的产品开发流程是什么？,0,YES,YES
2026-06-15 19:27:53,公司的采购与关联交易情况如何？,0,YES,YES
2026-06-15 19:27:53,公司的技术创新机制是什么？,0,YES,YES
2026-06-15 19:27:53,公司的主要销售模式是什么？,0,YES,YES
2026-06-15 19:27:53,公司的产品开发流程是什么？,0,YES,YES
2026-06-15 19:27:54,公司的主要业务是什么？,0,YES,YES
2026-06-15 19:27:54,这个文档主要讲什么内容？,0,YES,YES
2026-06-15 19:27:54,这个文档主要讲什么内容？,0,YES,YES
2026-06-15 19:27:55,公司的技术创新机制是什么？,0,YES,YES
2026-06-15 19:27:55,公司的采购与关联交易情况如何？,0,YES,YES
2026-06-15 19:27:55,公司的技术实力如何？,0,YES,YES
2026-06-15 19:27:55,这个文档主要讲什么内容？,0,YES,YES
2026-06-15 19:27:55,公司的技术创新机制是什么？,0,YES,YES
2026-06-15 19:27:56,公司的主要销售模式是什么？,0,YES,YES
2026-06-15 19:27:56,公司的采购与关联交易情况如何？,0,YES,YES
2026-06-15 19:27:56,公司的产品开发流程是什么？,0,YES,YES
2026-06-15 19:27:56,公司的主要业务是什么？,0,YES,YES
2026-06-15 19:27:56,公司的采购与关联交易情况如何？,0,YES,YES
2026-06-15 19:27:57,公司的业务运营模式是什么？,0,YES,YES
2026-06-15 19:27:57,公司的主要业务是什么？,0,YES,YES
2026-06-15 19:27:57,公司的主要销售模式是什么？,0,YES,YES
2026-06-15 19:27:57,公司的主要业务是什么？,0,YES,YES
2026-06-15 19:27:57,公司的采购与关联交易情况如何？,0,YES,YES
2026-06-15 19:27:58,公司的产品开发流程是什么？,0,YES,YES
2026-06-15 19:27:58,公司的技术实力如何？,0,YES,YES
2026-06-15 19:27:58,公司的主要销售模式是什么？,0,YES,YES
2026-06-15 19:27:58,公司的技术创新机制是什么？,0,YES,YES
2026-06-15 19:27:58,公司的产品开发流程是什么？,0,YES,YES
2026-06-15 19:27:59,公司的技术实力如何？,0,YES,YES
2026-06-15 19:27:59,公司的技术创新机制是什么？,0,YES,YES
2026-06-15 19:27:59,公司的技术实力如何？,0,YES,YES
2026-06-15 19:27:59,这个文档主要讲什么内容？,0,YES,YES
2026-06-15 19:27:59,公司的主要业务是什么？,0,YES,YES
2026-06-15 19:27:59,公司的主要业务是什么？,0,YES,YES
2026-06-15 19:27:59,公司的产品开发流程是什么？,0,YES,YES
2026-06-15 19:27:59,公司的业务运营模式是什么？,0,YES,YES
2026-06-15 19:28:00,公司的技术创新机制是什么？,0,YES,YES
2026-06-15 19:28:01,公司的采购与关联交易情况如何？,0,YES,YES
2026-06-15 19:28:01,公司的业务运营模式是什么？,0,YES,YES
2026-06-15 19:28:01,公司的技术实力如何？,0,YES,YES
2026-06-15 19:28:01,公司的采购与关联交易情况如何？,0,YES,YES
2026-06-15 19:28:01,公司的技术实力如何？,0,YES,YES
2026-06-15 19:28:01,公司的业务运营模式是什么？,0,YES,YES
2026-06-15 19:28:01,公司的技术创新机制是什么？,0,YES,YES
2026-06-15 19:28:02,公司的采购与关联交易情况如何？,0,YES,YES
2026-06-15 19:28:02,公司的主要业务是什么？,0,YES,YES
2026-06-15 19:28:02,公司的主要销售模式是什么？,0,YES,YES
2026-06-15 19:28:02,这个文档主要讲什么内容？,0,YES,YES
2026-06-15 19:28:03,公司的主要销售模式是什么？,233534,YES,NO
2026-06-15 19:28:03,公司的业务运营模式是什么？,0,YES,YES
2026-06-15 19:28:03,公司的业务运营模式是什么？,108695,YES,NO
2026-06-15 19:28:03,公司的采购与关联交易情况如何？,0,YES,YES
2026-06-15 19:28:03,公司的主要业务是什么？,0,YES,YES
2026-06-15 19:28:03,这个文档主要讲什么内容？,0,YES,YES
2026-06-15 19:28:03,公司的产品开发流程是什么？,0,YES,YES
2026-06-15 19:28:04,这个文档主要讲什么内容？,0,YES,YES
2026-06-15 19:28:04,公司的主要业务是什么？,0,YES,YES
2026-06-15 19:28:04,公司的业务运营模式是什么？,0,YES,YES
2026-06-15 19:28:04,公司的技术实力如何？,0,YES,YES
2026-06-15 19:28:04,公司的产品开发流程是什么？,0,YES,YES
2026-06-15 19:28:05,公司的主要业务是什么？,0,YES,YES
2026-06-15 19:28:05,公司的主要销售模式是什么？,0,YES,YES
2026-06-15 19:28:05,这个文档主要讲什么内容？,0,YES,YES
2026-06-15 19:28:05,公司的技术创新机制是什么？,0,YES,YES
2026-06-15 19:28:05,这个文档主要讲什么内容？,0,YES,YES
2026-06-15 19:28:06,这个文档主要讲什么内容？,0,YES,YES
2026-06-15 19:28:06,公司的主要销售模式是什么？,0,YES,YES
2026-06-15 19:28:06,公司的业务运营模式是什么？,0,YES,YES
2026-06-15 19:28:06,公司的技术实力如何？,0,YES,YES
2026-06-15 19:28:06,公司的主要销售模式是什么？,0,YES,YES
2026-06-15 19:28:06,公司的主要销售模式是什么？,0,YES,YES
2026-06-15 19:28:06,公司的技术实力如何？,0,YES,YES
2026-06-15 19:28:06,公司的技术创新机制是什么？,0,YES,YES
2026-06-15 19:28:07,公司的技术实力如何？,0,YES,YES
2026-06-15 19:28:07,公司的主要销售模式是什么？,0,YES,YES
2026-06-15 19:28:07,公司的主要销售模式是什么？,0,YES,YES
2026-06-15 19:28:07,公司的产品开发流程是什么？,0,YES,YES
2026-06-15 19:28:07,公司的业务运营模式是什么？,0,YES,YES
2026-06-15 19:28:08,公司的产品开发流程是什么？,0,YES,YES
2026-06-15 19:28:08,公司的采购与关联交易情况如何？,0,YES,YES
2026-06-15 19:28:08,公司的业务运营模式是什么？,0,YES,YES
2026-06-15 19:28:09,公司的产品开发流程是什么？,0,YES,YES
2026-06-15 19:28:09,公司的产品开发流程是什么？,0,YES,YES
2026-06-15 19:28:09,这个文档主要讲什么内容？,0,YES,YES
2026-06-15 19:28:09,公司的采购与关联交易情况如何？,0,YES,YES
2026-06-15 19:28:09,公司的技术创新机制是什么？,0,YES,YES
2026-06-15 19:28:09,这个文档主要讲什么内容？,0,YES,YES
2026-06-15 19:28:09,公司的产品开发流程是什么？,0,YES,YES
2026-06-15 19:28:09,公司的业务运营模式是什么？,0,YES,YES
2026-06-15 19:28:09,公司的产品开发流程是什么？,0,YES,YES
2026-06-15 19:28:10,公司的主要业务是什么？,0,YES,YES
2026-06-15 19:28:10,公司的采购与关联交易情况如何？,0,YES,YES
2026-06-15 19:28:10,这个文档主要讲什么内容？,0,YES,YES
2026-06-15 19:28:10,公司的主要业务是什么？,0,YES,YES
2026-06-15 19:28:10,公司的技术创新机制是什么？,0,YES,YES
2026-06-15 19:28:11,这个文档主要讲什么内容？,0,YES,YES
2026-06-15 19:28:11,公司的技术创新机制是什么？,0,YES,YES
2026-06-15 19:28:11,公司的主要销售模式是什么？,0,YES,YES
2026-06-15 19:28:11,公司的技术创新机制是什么？,0,YES,YES
2026-06-15 19:28:11,公司的技术创新机制是什么？,0,YES,YES
2026-06-15 19:28:12,公司的主要销售模式是什么？,0,YES,YES
2026-06-15 19:28:12,公司的主要销售模式是什么？,0,YES,YES
2026-06-15 19:28:12,公司的技术创新机制是什么？,0,YES,YES
2026-06-15 19:28:12,公司的主要业务是什么？,0,YES,YES
2026-06-15 19:28:12,公司的技术实力如何？,0,YES,YES
2026-06-15 19:28:13,公司的主要销售模式是什么？,0,YES,YES
2026-06-15 19:28:13,公司的采购与关联交易情况如何？,0,YES,YES
2026-06-15 19:28:13,公司的采购与关联交易情况如何？,0,YES,YES
2026-06-15 19:28:13,公司的技术实力如何？,0,YES,YES
2026-06-15 19:28:13,公司的采购与关联交易情况如何？,0,YES,YES
2026-06-15 19:28:13,公司的产品开发流程是什么？,0,YES,YES
2026-06-15 19:28:14,公司的采购与关联交易情况如何？,0,YES,YES
2026-06-15 19:28:14,公司的产品开发流程是什么？,0,YES,YES
2026-06-15 19:28:14,公司的技术实力如何？,0,YES,YES
2026-06-15 19:28:14,公司的主要业务是什么？,0,YES,YES
2026-06-15 19:28:14,公司的业务运营模式是什么？,0,YES,YES
2026-06-15 19:28:14,公司的产品开发流程是什么？,0,YES,YES
2026-06-15 19:28:14,公司的采购与关联交易情况如何？,0,YES,YES
2026-06-15 19:28:15,公司的业务运营模式是什么？,0,YES,YES
2026-06-15 19:28:15,公司的产品开发流程是什么？,0,YES,YES
2026-06-15 19:28:15,公司的主要业务是什么？,0,YES,YES
2026-06-15 19:28:16,公司的主要业务是什么？,0,YES,YES
2026-06-15 19:28:16,公司的技术实力如何？,0,YES,YES
2026-06-15 19:28:16,这个文档主要讲什么内容？,0,YES,YES
2026-06-15 19:28:16,公司的技术创新机制是什么？,0,YES,YES
2026-06-15 19:28:16,公司的主要业务是什么？,0,YES,YES
2026-06-15 19:28:16,公司的主要业务是什么？,0,YES,YES
2026-06-15 19:28:16,公司的技术创新机制是什么？,0,YES,YES
2026-06-15 19:28:16,公司的技术创新机制是什么？,0,YES,YES
2026-06-15 19:28:16,公司的业务运营模式是什么？,0,YES,YES
2026-06-15 19:28:16,公司的技术实力如何？,0,YES,YES
2026-06-15 19:28:17,公司的技术创新机制是什么？,0,YES,YES
2026-06-15 19:28:17,公司的采购与关联交易情况如何？,0,YES,YES
2026-06-15 19:28:17,公司的采购与关联交易情况如何？,0,YES,YES
2026-06-15 19:28:17,这个文档主要讲什么内容？,0,YES,YES
2026-06-15 19:28:18,公司的技术实力如何？,0,YES,YES
2026-06-15 19:28:18,公司的技术实力如何？,0,YES,YES
2026-06-15 19:28:18,公司的技术实力如何？,0,YES,YES
2026-06-15 19:28:18,公司的主要销售模式是什么？,0,YES,YES
2026-06-15 19:28:18,公司的业务运营模式是什么？,0,YES,YES
2026-06-15 19:28:18,公司的业务运营模式是什么？,0,YES,YES
2026-06-15 19:28:19,公司的采购与关联交易情况如何？,0,YES,YES
2026-06-15 19:28:19,公司的采购与关联交易情况如何？,0,YES,YES
2026-06-15 19:28:19,公司的业务运营模式是什么？,0,YES,YES
2026-06-15 19:28:19,公司的主要销售模式是什么？,0,YES,YES
2026-06-15 19:28:19,公司的主要业务是什么？,0,YES,YES
2026-06-15 19:28:19,这个文档主要讲什么内容？,0,YES,YES
2026-06-15 19:28:19,这个文档主要讲什么内容？,0,YES,YES
2026-06-15 19:28:19,公司的业务运营模式是什么？,0,YES,YES
2026-06-15 19:28:19,这个文档主要讲什么内容？,0,YES,YES
2026-06-15 19:28:20,公司的主要业务是什么？,0,YES,YES
2026-06-15 19:28:20,公司的产品开发流程是什么？,0,YES,YES
2026-06-15 19:28:21,公司的产品开发流程是什么？,0,YES,YES
2026-06-15 19:28:21,公司的业务运营模式是什么？,0,YES,YES
2026-06-15 19:28:21,公司的主要业务是什么？,0,YES,YES
2026-06-15 19:28:21,公司的主要销售模式是什么？,0,YES,YES
2026-06-15 19:28:21,这个文档主要讲什么内容？,0,YES,YES
2026-06-15 19:28:21,公司的技术实力如何？,0,YES,YES
2026-06-15 19:28:22,公司的主要业务是什么？,0,YES,YES
2026-06-15 19:28:22,公司的主要销售模式是什么？,0,YES,YES
2026-06-15 19:28:22,公司的主要销售模式是什么？,0,YES,YES
2026-06-15 19:28:22,这个文档主要讲什么内容？,0,YES,YES
2026-06-15 19:28:22,公司的技术实力如何？,0,YES,YES
2026-06-15 19:28:23,这个文档主要讲什么内容？,0,YES,YES
2026-06-15 19:28:23,公司的技术实力如何？,0,YES,YES
2026-06-15 19:28:23,公司的技术创新机制是什么？,0,YES,YES
2026-06-15 19:28:23,公司的技术创新机制是什么？,0,YES,YES
2026-06-15 19:28:23,公司的主要销售模式是什么？,0,YES,YES
2026-06-15 19:28:24,公司的业务运营模式是什么？,0,YES,YES
2026-06-15 19:28:24,公司的产品开发流程是什么？,0,YES,YES
2026-06-15 19:28:24,公司的业务运营模式是什么？,0,YES,YES
2026-06-15 19:28:24,公司的主要销售模式是什么？,260851,YES,NO
2026-06-15 19:28:24,公司的产品开发流程是什么？,0,YES,YES
2026-06-15 19:28:24,公司的技术实力如何？,0,YES,YES
2026-06-15 19:28:24,公司的产品开发流程是什么？,0,YES,YES
2026-06-15 19:28:24,公司的业务运营模式是什么？,0,YES,YES
2026-06-15 19:28:24,公司的主要销售模式是什么？,0,YES,YES
2026-06-15 19:28:25,这个文档主要讲什么内容？,0,YES,YES
2026-06-15 19:28:25,公司的主要销售模式是什么？,0,YES,YES
2026-06-15 19:28:25,公司的采购与关联交易情况如何？,0,YES,YES
2026-06-15 19:28:25,公司的产品开发流程是什么？,0,YES,YES
2026-06-15 19:28:25,公司的主要销售模式是什么？,256747,YES,NO
2026-06-15 19:28:25,公司的采购与关联交易情况如何？,0,YES,YES
2026-06-15 19:28:26,公司的技术创新机制是什么？,0,YES,YES
2026-06-15 19:28:26,公司的技术创新机制是什么？,0,YES,YES
2026-06-15 19:28:26,这个文档主要讲什么内容？,0,YES,YES
2026-06-15 19:28:26,公司的产品开发流程是什么？,0,YES,YES
2026-06-15 19:28:26,公司的业务运营模式是什么？,0,YES,YES
2026-06-15 19:28:27,公司的技术创新机制是什么？,0,YES,YES
2026-06-15 19:28:27,公司的产品开发流程是什么？,0,YES,YES
2026-06-15 19:28:27,这个文档主要讲什么内容？,0,YES,YES
2026-06-15 19:28:27,公司的产品开发流程是什么？,0,YES,YES
2026-06-15 19:28:27,公司的技术创新机制是什么？,0,YES,YES
2026-06-15 19:28:27,公司的产品开发流程是什么？,0,YES,YES
2026-06-15 19:28:27,公司的主要销售模式是什么？,0,YES,YES
2026-06-15 19:28:28,这个文档主要讲什么内容？,269273,YES,NO
2026-06-15 19:28:28,公司的主要销售模式是什么？,0,YES,YES
2026-06-15 19:28:28,公司的主要业务是什么？,0,YES,YES
2026-06-15 19:28:28,公司的技术创新机制是什么？,0,YES,YES
2026-06-15 19:28:28,公司的技术创新机制是什么？,0,YES,YES
2026-06-15 19:28:28,公司的主要业务是什么？,0,YES,YES
2026-06-15 19:28:28,公司的采购与关联交易情况如何？,0,YES,YES
2026-06-15 19:28:28,公司的技术创新机制是什么？,0,YES,YES
2026-06-15 19:28:28,公司的采购与关联交易情况如何？,0,YES,YES
2026-06-15 19:28:28,这个文档主要讲什么内容？,0,YES,YES
2026-06-15 19:28:29,公司的主要销售模式是什么？,0,YES,YES
2026-06-15 19:28:29,公司的技术创新机制是什么？,0,YES,YES
2026-06-15 19:28:29,公司的采购与关联交易情况如何？,0,YES,YES
2026-06-15 19:28:29,公司的技术实力如何？,0,YES,YES
2026-06-15 19:28:29,公司的采购与关联交易情况如何？,0,YES,YES
2026-06-15 19:28:29,公司的采购与关联交易情况如何？,0,YES,YES
2026-06-15 19:28:29,公司的技术实力如何？,0,YES,YES
2026-06-15 19:28:29,公司的产品开发流程是什么？,0,YES,YES
2026-06-15 19:28:30,公司的产品开发流程是什么？,0,YES,YES
2026-06-15 19:28:30,公司的主要业务是什么？,0,YES,YES
2026-06-15 19:28:30,公司的采购与关联交易情况如何？,0,YES,YES
2026-06-15 19:28:30,公司的主要销售模式是什么？,0,YES,YES
2026-06-15 19:28:30,公司的主要销售模式是什么？,0,YES,YES
2026-06-15 19:28:30,公司的主要业务是什么？,0,YES,YES
2026-06-15 19:28:30,公司的采购与关联交易情况如何？,0,YES,YES
2026-06-15 19:28:30,公司的产品开发流程是什么？,0,YES,YES
2026-06-15 19:28:31,公司的采购与关联交易情况如何？,0,YES,YES
2026-06-15 19:28:31,公司的主要业务是什么？,0,YES,YES
2026-06-15 19:28:31,公司的主要业务是什么？,0,YES,YES
2026-06-15 19:28:31,公司的业务运营模式是什么？,0,YES,YES
2026-06-15 19:28:32,公司的技术创新机制是什么？,0,YES,YES
2026-06-15 19:28:32,公司的业务运营模式是什么？,0,YES,YES
2026-06-15 19:28:32,公司的主要业务是什么？,0,YES,YES
2026-06-15 19:28:32,公司的主要业务是什么？,0,YES,YES
2026-06-15 19:28:32,公司的技术创新机制是什么？,0,YES,YES
2026-06-15 19:28:32,公司的技术创新机制是什么？,0,YES,YES
2026-06-15 19:28:32,公司的主要业务是什么？,0,YES,YES
2026-06-15 19:28:33,公司的主要业务是什么？,0,YES,YES
2026-06-15 19:28:33,公司的产品开发流程是什么？,0,YES,YES
2026-06-15 19:28:33,公司的技术实力如何？,0,YES,YES
2026-06-15 19:28:33,公司的技术实力如何？,0,YES,YES
2026-06-15 19:28:33,公司的产品开发流程是什么？,0,YES,YES
2026-06-15 19:28:33,公司的技术实力如何？,0,YES,YES
2026-06-15 19:28:33,公司的采购与关联交易情况如何？,0,YES,YES
2026-06-15 19:28:33,公司的技术实力如何？,0,YES,YES
2026-06-15 19:28:33,公司的技术实力如何？,0,YES,YES
2026-06-15 19:28:34,公司的技术创新机制是什么？,0,YES,YES
2026-06-15 19:28:34,公司的业务运营模式是什么？,0,YES,YES
2026-06-15 19:28:34,这个文档主要讲什么内容？,0,YES,YES
2026-06-15 19:28:34,公司的技术实力如何？,0,YES,YES
2026-06-15 19:28:34,公司的业务运营模式是什么？,0,YES,YES
2026-06-15 19:28:34,这个文档主要讲什么内容？,0,YES,YES
2026-06-15 19:28:34,公司的采购与关联交易情况如何？,0,YES,YES
2026-06-15 19:28:34,公司的业务运营模式是什么？,0,YES,YES
2026-06-15 19:28:34,公司的采购与关联交易情况如何？,0,YES,YES
2026-06-15 19:28:34,公司的技术实力如何？,0,YES,YES
2026-06-15 19:28:35,公司的技术实力如何？,0,YES,YES
2026-06-15 19:28:36,公司的技术创新机制是什么？,0,YES,YES
2026-06-15 19:28:36,公司的主要业务是什么？,0,YES,YES
2026-06-15 19:28:36,公司的业务运营模式是什么？,0,YES,YES
2026-06-15 19:28:36,这个文档主要讲什么内容？,0,YES,YES
2026-06-15 19:28:36,公司的业务运营模式是什么？,0,YES,YES
2026-06-15 19:28:36,公司的主要业务是什么？,0,YES,YES
2026-06-15 19:28:36,公司的业务运营模式是什么？,0,YES,YES
2026-06-15 19:28:36,这个文档主要讲什么内容？,0,YES,YES
2026-06-15 19:28:36,公司的采购与关联交易情况如何？,0,YES,YES
2026-06-15 19:28:37,公司的业务运营模式是什么？,0,YES,YES
2026-06-15 19:28:37,公司的主要销售模式是什么？,0,YES,YES
2026-06-15 19:28:37,公司的主要销售模式是什么？,0,YES,YES
2026-06-15 19:28:37,这个文档主要讲什么内容？,0,YES,YES
2026-06-15 19:28:37,这个文档主要讲什么内容？,0,YES,YES
2026-06-15 19:28:37,公司的主要业务是什么？,0,YES,YES
2026-06-15 19:28:37,公司的采购与关联交易情况如何？,0,YES,YES
2026-06-15 19:28:37,这个文档主要讲什么内容？,0,YES,YES
2026-06-15 19:28:37,公司的业务运营模式是什么？,0,YES,YES
2026-06-15 19:28:37,公司的主要业务是什么？,0,YES,YES
2026-06-15 19:28:38,公司的产品开发流程是什么？,0,YES,YES
2026-06-15 19:28:38,这个文档主要讲什么内容？,0,YES,YES
2026-06-15 19:28:38,公司的产品开发流程是什么？,0,YES,YES
2026-06-15 19:28:38,公司的主要销售模式是什么？,0,YES,YES
2026-06-15 19:28:38,公司的主要业务是什么？,0,YES,YES
2026-06-15 19:28:38,公司的技术实力如何？,0,YES,YES
2026-06-15 19:28:38,公司的技术实力如何？,0,YES,YES
2026-06-15 19:28:39,公司的主要销售模式是什么？,0,YES,YES
2026-06-15 19:28:39,公司的主要销售模式是什么？,0,YES,YES
2026-06-15 19:28:39,这个文档主要讲什么内容？,0,YES,YES
2026-06-15 19:28:39,公司的主要销售模式是什么？,0,YES,YES
2026-06-15 19:28:39,公司的主要销售模式是什么？,0,YES,YES
2026-06-15 19:28:39,公司的技术实力如何？,0,YES,YES
2026-06-15 19:28:39,这个文档主要讲什么内容？,0,YES,YES
2026-06-15 19:28:39,公司的技术创新机制是什么？,0,YES,YES
2026-06-15 19:28:40,公司的技术创新机制是什么？,0,YES,YES
2026-06-15 19:28:40,公司的技术实力如何？,0,YES,YES
2026-06-15 19:28:40,公司的技术实力如何？,0,YES,YES
2026-06-15 19:28:40,公司的主要销售模式是什么？,0,YES,YES
2026-06-15 19:28:40,公司的业务运营模式是什么？,0,YES,YES
2026-06-15 19:28:40,公司的产品开发流程是什么？,0,YES,YES
2026-06-15 19:28:41,公司的业务运营模式是什么？,0,YES,YES
2026-06-15 19:28:41,公司的主要销售模式是什么？,0,YES,YES
2026-06-15 19:28:41,公司的采购与关联交易情况如何？,0,YES,YES
2026-06-15 19:28:41,公司的产品开发流程是什么？,0,YES,YES
2026-06-15 19:28:41,公司的产品开发流程是什么？,0,YES,YES
2026-06-15 19:28:41,公司的产品开发流程是什么？,0,YES,YES
2026-06-15 19:28:41,这个文档主要讲什么内容？,0,YES,YES
2026-06-15 19:28:41,公司的产品开发流程是什么？,0,YES,YES
2026-06-15 19:28:42,公司的产品开发流程是什么？,0,YES,YES
2026-06-15 19:28:42,公司的业务运营模式是什么？,0,YES,YES
2026-06-15 19:28:42,公司的业务运营模式是什么？,0,YES,YES
2026-06-15 19:28:42,公司的主要销售模式是什么？,0,YES,YES
2026-06-15 19:28:42,公司的技术创新机制是什么？,0,YES,YES
2026-06-15 19:28:42,公司的采购与关联交易情况如何？,0,YES,YES
2026-06-15 19:28:42,公司的主要业务是什么？,0,YES,YES
2026-06-15 19:28:43,公司的技术创新机制是什么？,0,YES,YES
2026-06-15 19:28:43,公司的业务运营模式是什么？,0,YES,YES
2026-06-15 19:28:43,公司的技术创新机制是什么？,0,YES,YES
2026-06-15 19:28:43,公司的技术创新机制是什么？,0,YES,YES
2026-06-15 19:28:43,这个文档主要讲什么内容？,0,YES,YES
2026-06-15 19:28:43,公司的产品开发流程是什么？,0,YES,YES
2026-06-15 19:28:43,公司的主要销售模式是什么？,0,YES,YES
2026-06-15 19:28:44,公司的产品开发流程是什么？,0,YES,YES
2026-06-15 19:28:44,这个文档主要讲什么内容？,0,YES,YES
2026-06-15 19:28:44,公司的采购与关联交易情况如何？,0,YES,YES
2026-06-15 19:28:44,公司的技术创新机制是什么？,0,YES,YES
2026-06-15 19:28:44,公司的技术实力如何？,0,YES,YES
2026-06-15 19:28:44,公司的技术创新机制是什么？,0,YES,YES
2026-06-15 19:28:44,公司的采购与关联交易情况如何？,0,YES,YES
2026-06-15 19:28:44,公司的主要业务是什么？,0,YES,YES
2026-06-15 19:28:44,这个文档主要讲什么内容？,0,YES,YES
2026-06-15 19:28:44,公司的主要销售模式是什么？,0,YES,YES
2026-06-15 19:28:45,公司的采购与关联交易情况如何？,0,YES,YES
2026-06-15 19:28:45,公司的技术创新机制是什么？,0,YES,YES
2026-06-15 19:28:45,公司的主要销售模式是什么？,0,YES,YES
2026-06-15 19:28:45,公司的主要业务是什么？,0,YES,YES
2026-06-15 19:28:45,公司的采购与关联交易情况如何？,0,YES,YES
2026-06-15 19:28:45,公司的业务运营模式是什么？,0,YES,YES
2026-06-15 19:28:45,这个文档主要讲什么内容？,0,YES,YES
2026-06-15 19:28:45,公司的采购与关联交易情况如何？,0,YES,YES
2026-06-15 19:28:46,公司的技术创新机制是什么？,0,YES,YES
2026-06-15 19:28:46,公司的技术实力如何？,0,YES,YES
2026-06-15 19:28:46,公司的产品开发流程是什么？,0,YES,YES
2026-06-15 19:28:46,公司的主要销售模式是什么？,0,YES,YES
2026-06-15 19:28:46,公司的产品开发流程是什么？,0,YES,YES
2026-06-15 19:28:46,公司的产品开发流程是什么？,0,YES,YES
2026-06-15 19:28:47,公司的主要销售模式是什么？,0,YES,YES
2026-06-15 19:28:47,公司的采购与关联交易情况如何？,0,YES,YES
2026-06-15 19:28:47,公司的主要业务是什么？,0,YES,YES
2026-06-15 19:28:47,公司的主要业务是什么？,0,YES,YES
2026-06-15 19:28:47,公司的技术实力如何？,0,YES,YES
2026-06-15 19:28:47,公司的主要业务是什么？,0,YES,YES
2026-06-15 19:28:47,这个文档主要讲什么内容？,0,YES,YES
2026-06-15 19:28:47,公司的技术创新机制是什么？,0,YES,YES
2026-06-15 19:28:48,公司的产品开发流程是什么？,0,YES,YES
2026-06-15 19:28:48,公司的采购与关联交易情况如何？,0,YES,YES
2026-06-15 19:28:48,公司的业务运营模式是什么？,0,YES,YES
2026-06-15 19:28:48,公司的技术实力如何？,0,YES,YES
2026-06-15 19:28:48,公司的主要业务是什么？,0,YES,YES
2026-06-15 19:28:48,公司的采购与关联交易情况如何？,0,YES,YES
2026-06-15 19:28:48,公司的技术实力如何？,0,YES,YES
2026-06-15 19:28:48,公司的技术创新机制是什么？,0,YES,YES
2026-06-15 19:28:49,公司的技术实力如何？,0,YES,YES
2026-06-15 19:28:49,公司的采购与关联交易情况如何？,0,YES,YES
2026-06-15 19:28:49,公司的主要业务是什么？,0,YES,YES
2026-06-15 19:28:49,公司的技术创新机制是什么？,0,YES,YES
2026-06-15 19:28:49,公司的技术创新机制是什么？,0,YES,YES
2026-06-15 19:28:49,公司的业务运营模式是什么？,0,YES,YES
2026-06-15 19:28:49,公司的产品开发流程是什么？,0,YES,YES
2026-06-15 19:28:50,公司的主要销售模式是什么？,0,YES,YES
2026-06-15 19:28:50,公司的技术实力如何？,0,YES,YES
2026-06-15 19:28:50,公司的主要业务是什么？,0,YES,YES
2026-06-15 19:28:50,公司的主要业务是什么？,0,YES,YES
2026-06-15 19:28:50,公司的采购与关联交易情况如何？,0,YES,YES
2026-06-15 19:28:50,公司的采购与关联交易情况如何？,0,YES,YES
2026-06-15 19:28:50,公司的采购与关联交易情况如何？,0,YES,YES
2026-06-15 19:28:51,这个文档主要讲什么内容？,0,YES,YES
2026-06-15 19:28:51,公司的业务运营模式是什么？,0,YES,YES
2026-06-15 19:28:51,公司的业务运营模式是什么？,0,YES,YES
2026-06-15 19:28:51,公司的业务运营模式是什么？,0,YES,YES
2026-06-15 19:28:51,公司的技术实力如何？,0,YES,YES
2026-06-15 19:28:51,公司的主要业务是什么？,0,YES,YES
2026-06-15 19:28:52,公司的技术创新机制是什么？,0,YES,YES
2026-06-15 19:28:52,公司的主要业务是什么？,0,YES,YES
2026-06-15 19:28:52,这个文档主要讲什么内容？,0,YES,YES
2026-06-15 19:28:52,公司的业务运营模式是什么？,0,YES,YES
2026-06-15 19:28:52,公司的产品开发流程是什么？,0,YES,YES
2026-06-15 19:28:52,公司的技术实力如何？,0,YES,YES
2026-06-15 19:28:52,这个文档主要讲什么内容？,0,YES,YES
2026-06-15 19:28:52,公司的技术实力如何？,0,YES,YES
2026-06-15 19:28:52,这个文档主要讲什么内容？,0,YES,YES
2026-06-15 19:28:53,这个文档主要讲什么内容？,0,YES,YES
2026-06-15 19:28:53,公司的主要业务是什么？,0,YES,YES
2026-06-15 19:28:53,公司的主要销售模式是什么？,0,YES,YES
2026-06-15 19:28:53,公司的技术实力如何？,0,YES,YES
2026-06-15 19:28:53,公司的主要业务是什么？,0,YES,YES
2026-06-15 19:28:54,公司的主要销售模式是什么？,0,YES,YES
2026-06-15 19:28:54,公司的技术实力如何？,0,YES,YES
2026-06-15 19:28:54,这个文档主要讲什么内容？,0,YES,YES
2026-06-15 19:28:54,公司的业务运营模式是什么？,0,YES,YES
2026-06-15 19:28:54,公司的采购与关联交易情况如何？,0,YES,YES
2026-06-15 19:28:54,公司的主要销售模式是什么？,0,YES,YES
2026-06-15 19:28:55,公司的业务运营模式是什么？,0,YES,YES
2026-06-15 19:28:55,公司的业务运营模式是什么？,0,YES,YES
2026-06-15 19:28:55,公司的主要销售模式是什么？,0,YES,YES
2026-06-15 19:28:55,公司的技术创新机制是什么？,0,YES,YES
2026-06-15 19:28:55,公司的主要销售模式是什么？,0,YES,YES
2026-06-15 19:28:55,公司的业务运营模式是什么？,0,YES,YES
2026-06-15 19:28:55,公司的产品开发流程是什么？,0,YES,YES
2026-06-15 19:28:55,公司的技术实力如何？,0,YES,YES
2026-06-15 19:28:55,公司的主要业务是什么？,0,YES,YES
2026-06-15 19:28:56,公司的业务运营模式是什么？,0,YES,YES
2026-06-15 19:28:56,公司的技术实力如何？,0,YES,YES
2026-06-15 19:28:56,这个文档主要讲什么内容？,0,YES,YES
2026-06-15 19:28:56,公司的产品开发流程是什么？,0,YES,YES
2026-06-15 19:28:56,这个文档主要讲什么内容？,0,YES,YES
2026-06-15 19:28:56,公司的产品开发流程是什么？,0,YES,YES
2026-06-15 19:28:56,公司的采购与关联交易情况如何？,0,YES,YES
2026-06-15 19:28:56,这个文档主要讲什么内容？,0,YES,YES
2026-06-15 19:28:56,公司的技术创新机制是什么？,0,YES,YES
2026-06-15 19:28:56,公司的产品开发流程是什么？,0,YES,YES
2026-06-15 19:28:57,公司的主要销售模式是什么？,0,YES,YES
2026-06-15 19:28:57,公司的产品开发流程是什么？,0,YES,YES
2026-06-15 19:28:57,这个文档主要讲什么内容？,0,YES,YES
2026-06-15 19:28:57,公司的业务运营模式是什么？,0,YES,YES
2026-06-15 19:28:57,公司的技术创新机制是什么？,0,YES,YES
2026-06-15 19:28:58,公司的业务运营模式是什么？,0,YES,YES
2026-06-15 19:28:58,公司的主要销售模式是什么？,0,YES,YES
2026-06-15 19:28:58,公司的主要销售模式是什么？,0,YES,YES
2026-06-15 19:28:58,公司的采购与关联交易情况如何？,0,YES,YES
2026-06-15 19:28:58,这个文档主要讲什么内容？,0,YES,YES
2026-06-15 19:28:58,公司的主要销售模式是什么？,0,YES,YES
2026-06-15 19:28:58,公司的技术实力如何？,0,YES,YES
2026-06-15 19:28:58,公司的技术创新机制是什么？,0,YES,YES
2026-06-15 19:28:58,公司的技术创新机制是什么？,0,YES,YES
2026-06-15 19:28:58,公司的产品开发流程是什么？,0,YES,YES
2026-06-15 19:28:59,公司的主要业务是什么？,0,YES,YES
2026-06-15 19:28:59,公司的技术创新机制是什么？,0,YES,YES
2026-06-15 19:28:59,公司的主要销售模式是什么？,0,YES,YES
2026-06-15 19:28:59,这个文档主要讲什么内容？,0,YES,YES
2026-06-15 19:28:59,公司的产品开发流程是什么？,0,YES,YES
2026-06-15 19:28:59,公司的产品开发流程是什么？,0,YES,YES
2026-06-15 19:28:59,公司的采购与关联交易情况如何？,0,YES,YES
2026-06-15 19:29:00,公司的产品开发流程是什么？,0,YES,YES
2026-06-15 19:29:00,这个文档主要讲什么内容？,0,YES,YES
2026-06-15 19:29:00,公司的主要销售模式是什么？,0,YES,YES
2026-06-15 19:29:00,公司的技术创新机制是什么？,0,YES,YES
2026-06-15 19:29:00,公司的采购与关联交易情况如何？,0,YES,YES
2026-06-15 19:29:00,公司的主要业务是什么？,0,YES,YES
2026-06-15 19:29:00,公司的采购与关联交易情况如何？,0,YES,YES
2026-06-15 19:29:00,公司的业务运营模式是什么？,0,YES,YES
2026-06-15 19:29:00,公司的采购与关联交易情况如何？,0,YES,YES
2026-06-15 19:29:01,公司的主要销售模式是什么？,0,YES,YES
2026-06-15 19:29:01,公司的技术实力如何？,0,YES,YES
2026-06-15 19:29:01,公司的业务运营模式是什么？,165925,YES,NO
2026-06-15 19:29:01,公司的主要业务是什么？,0,YES,YES
2026-06-15 19:29:01,公司的主要销售模式是什么？,0,YES,YES
2026-06-15 19:29:01,公司的产品开发流程是什么？,0,YES,YES
2026-06-15 19:29:01,公司的技术创新机制是什么？,0,YES,YES
2026-06-15 19:29:01,公司的技术创新机制是什么？,0,YES,YES
2026-06-15 19:29:02,公司的采购与关联交易情况如何？,0,YES,YES
2026-06-15 19:29:02,公司的业务运营模式是什么？,0,YES,YES
2026-06-15 19:29:02,公司的主要业务是什么？,0,YES,YES
2026-06-15 19:29:02,公司的产品开发流程是什么？,0,YES,YES
2026-06-15 19:29:02,这个文档主要讲什么内容？,0,YES,YES
2026-06-15 19:29:02,公司的技术创新机制是什么？,0,YES,YES
2026-06-15 19:29:02,这个文档主要讲什么内容？,0,YES,YES
2026-06-15 19:29:02,公司的技术实力如何？,0,YES,YES
2026-06-15 19:29:03,公司的技术创新机制是什么？,0,YES,YES
2026-06-15 19:29:03,公司的技术实力如何？,0,YES,YES
2026-06-15 19:29:03,公司的主要业务是什么？,0,YES,YES
2026-06-15 19:29:03,公司的采购与关联交易情况如何？,0,YES,YES
2026-06-15 19:29:03,公司的主要业务是什么？,0,YES,YES
2026-06-15 19:29:03,公司的产品开发流程是什么？,0,YES,YES
2026-06-15 19:29:03,公司的主要销售模式是什么？,0,YES,YES
2026-06-15 19:29:03,公司的采购与关联交易情况如何？,0,YES,YES
2026-06-15 19:29:03,公司的采购与关联交易情况如何？,0,YES,YES
2026-06-15 19:29:04,公司的产品开发流程是什么？,0,YES,YES
2026-06-15 19:29:04,公司的主要业务是什么？,0,YES,YES
2026-06-15 19:29:04,公司的技术实力如何？,0,YES,YES
2026-06-15 19:29:04,公司的业务运营模式是什么？,0,YES,YES
2026-06-15 19:29:04,公司的技术创新机制是什么？,0,YES,YES
2026-06-15 19:29:05,公司的主要业务是什么？,0,YES,YES
2026-06-15 19:29:05,公司的技术创新机制是什么？,0,YES,YES
2026-06-15 19:29:05,公司的主要业务是什么？,0,YES,YES
2026-06-15 19:29:05,公司的采购与关联交易情况如何？,0,YES,YES
2026-06-15 19:29:05,这个文档主要讲什么内容？,0,YES,YES
2026-06-15 19:29:05,公司的技术创新机制是什么？,0,YES,YES
2026-06-15 19:29:05,公司的主要销售模式是什么？,0,YES,YES
2026-06-15 19:29:05,公司的技术实力如何？,0,YES,YES
2026-06-15 19:29:05,公司的技术实力如何？,0,YES,YES
2026-06-15 19:29:06,公司的业务运营模式是什么？,0,YES,YES
2026-06-15 19:29:06,公司的主要业务是什么？,0,YES,YES
2026-06-15 19:29:06,公司的业务运营模式是什么？,0,YES,YES
2026-06-15 19:29:06,公司的产品开发流程是什么？,0,YES,YES
2026-06-15 19:29:06,公司的技术实力如何？,0,YES,YES
2026-06-15 19:29:06,公司的技术实力如何？,0,YES,YES
2026-06-15 19:29:06,这个文档主要讲什么内容？,0,YES,YES
2026-06-15 19:29:07,公司的主要业务是什么？,0,YES,YES
2026-06-15 19:29:07,公司的技术实力如何？,0,YES,YES
2026-06-15 19:29:07,这个文档主要讲什么内容？,0,YES,YES
2026-06-15 19:29:07,公司的产品开发流程是什么？,0,YES,YES
2026-06-15 19:29:07,公司的采购与关联交易情况如何？,0,YES,YES
2026-06-15 19:29:07,公司的主要销售模式是什么？,0,YES,YES
2026-06-15 19:29:07,公司的技术实力如何？,0,YES,YES
2026-06-15 19:29:07,公司的采购与关联交易情况如何？,0,YES,YES
2026-06-15 19:29:07,公司的业务运营模式是什么？,0,YES,YES
2026-06-15 19:29:08,公司的业务运营模式是什么？,0,YES,YES
2026-06-15 19:29:08,公司的采购与关联交易情况如何？,0,YES,YES
2026-06-15 19:29:08,公司的业务运营模式是什么？,0,YES,YES
2026-06-15 19:29:08,公司的业务运营模式是什么？,0,YES,YES
2026-06-15 19:29:08,公司的主要业务是什么？,0,YES,YES
2026-06-15 19:29:08,这个文档主要讲什么内容？,0,YES,YES
2026-06-15 19:29:08,公司的技术创新机制是什么？,0,YES,YES
2026-06-15 19:29:08,公司的技术实力如何？,0,YES,YES
2026-06-15 19:29:09,公司的主要销售模式是什么？,0,YES,YES
2026-06-15 19:29:09,公司的业务运营模式是什么？,0,YES,YES
2026-06-15 19:29:09,公司的业务运营模式是什么？,0,YES,YES
2026-06-15 19:29:09,公司的技术创新机制是什么？,0,YES,YES
2026-06-15 19:29:09,这个文档主要讲什么内容？,0,YES,YES
2026-06-15 19:29:09,这个文档主要讲什么内容？,0,YES,YES
2026-06-15 19:29:10,公司的主要销售模式是什么？,0,YES,YES
2026-06-15 19:29:10,公司的主要业务是什么？,0,YES,YES
2026-06-15 19:29:10,公司的产品开发流程是什么？,0,YES,YES
2026-06-15 19:29:10,这个文档主要讲什么内容？,0,YES,YES
2026-06-15 19:29:10,这个文档主要讲什么内容？,0,YES,YES
2026-06-15 19:29:10,公司的主要业务是什么？,0,YES,YES
2026-06-15 19:29:10,这个文档主要讲什么内容？,0,YES,YES
2026-06-15 19:29:10,公司的产品开发流程是什么？,0,YES,YES
2026-06-15 19:29:10,公司的主要销售模式是什么？,0,YES,YES
2026-06-15 19:29:11,公司的主要销售模式是什么？,0,YES,YES
2026-06-15 19:29:11,公司的技术实力如何？,0,YES,YES
2026-06-15 19:29:11,公司的采购与关联交易情况如何？,0,YES,YES
2026-06-15 19:29:11,公司的主要销售模式是什么？,0,YES,YES
2026-06-15 19:29:11,公司的业务运营模式是什么？,0,YES,YES
2026-06-15 19:29:11,这个文档主要讲什么内容？,0,YES,YES
2026-06-15 19:29:11,公司的主要销售模式是什么？,0,YES,YES
2026-06-15 19:29:11,公司的主要销售模式是什么？,0,YES,YES
2026-06-15 19:29:12,公司的采购与关联交易情况如何？,0,YES,YES
2026-06-15 19:29:12,公司的技术实力如何？,0,YES,YES
2026-06-15 19:29:12,公司的产品开发流程是什么？,0,YES,YES
2026-06-15 19:29:12,公司的技术实力如何？,0,YES,YES
2026-06-15 19:29:12,这个文档主要讲什么内容？,0,YES,YES
2026-06-15 19:29:12,公司的产品开发流程是什么？,0,YES,YES
2026-06-15 19:29:12,公司的产品开发流程是什么？,0,YES,YES
2026-06-15 19:29:12,公司的技术创新机制是什么？,0,YES,YES
2026-06-15 19:29:13,公司的产品开发流程是什么？,0,YES,YES
2026-06-15 19:29:13,公司的产品开发流程是什么？,0,YES,YES
2026-06-15 19:29:13,公司的技术创新机制是什么？,0,YES,YES
2026-06-15 19:29:13,公司的主要销售模式是什么？,0,YES,YES
2026-06-15 19:29:13,公司的业务运营模式是什么？,0,YES,YES
2026-06-15 19:29:13,公司的业务运营模式是什么？,0,YES,YES
2026-06-15 19:29:13,公司的主要销售模式是什么？,0,YES,YES
2026-06-15 19:29:14,公司的主要业务是什么？,0,YES,YES
2026-06-15 19:29:14,公司的主要业务是什么？,0,YES,YES
2026-06-15 19:29:14,公司的业务运营模式是什么？,0,YES,YES
2026-06-15 19:29:14,公司的技术创新机制是什么？,0,YES,YES
2026-06-15 19:29:14,公司的产品开发流程是什么？,0,YES,YES
2026-06-15 19:29:14,公司的技术创新机制是什么？,0,YES,YES
2026-06-15 19:29:14,公司的主要销售模式是什么？,0,YES,YES
2026-06-15 19:29:14,这个文档主要讲什么内容？,0,YES,YES
2026-06-15 19:29:15,公司的产品开发流程是什么？,0,YES,YES
2026-06-15 19:29:15,公司的产品开发流程是什么？,0,YES,YES
2026-06-15 19:29:15,公司的采购与关联交易情况如何？,0,YES,YES
2026-06-15 19:29:15,公司的技术创新机制是什么？,0,YES,YES
2026-06-15 19:29:15,公司的技术创新机制是什么？,0,YES,YES
2026-06-15 19:29:15,公司的采购与关联交易情况如何？,0,YES,YES
2026-06-15 19:29:15,公司的技术创新机制是什么？,0,YES,YES
2026-06-15 19:29:16,公司的技术创新机制是什么？,0,YES,YES
2026-06-15 19:29:16,公司的主要销售模式是什么？,310962,YES,NO
2026-06-15 19:29:16,公司的主要业务是什么？,0,YES,YES
2026-06-15 19:29:16,这个文档主要讲什么内容？,0,YES,YES
2026-06-15 19:29:16,公司的技术实力如何？,0,YES,YES
2026-06-15 19:29:16,公司的采购与关联交易情况如何？,0,YES,YES
2026-06-15 19:29:16,公司的主要销售模式是什么？,0,YES,YES
2026-06-15 19:29:16,公司的技术实力如何？,0,YES,YES
2026-06-15 19:29:16,公司的技术创新机制是什么？,0,YES,YES
2026-06-15 19:29:17,公司的采购与关联交易情况如何？,0,YES,YES
2026-06-15 19:29:17,这个文档主要讲什么内容？,0,YES,YES
2026-06-15 19:29:17,公司的采购与关联交易情况如何？,0,YES,YES
2026-06-15 19:29:17,公司的采购与关联交易情况如何？,0,YES,YES
2026-06-15 19:29:17,公司的产品开发流程是什么？,0,YES,YES
2026-06-15 19:29:17,公司的技术创新机制是什么？,0,YES,YES
2026-06-15 19:29:17,公司的主要业务是什么？,0,YES,YES
2026-06-15 19:29:17,公司的采购与关联交易情况如何？,0,YES,YES
2026-06-15 19:29:18,公司的主要业务是什么？,0,YES,YES
2026-06-15 19:29:18,公司的采购与关联交易情况如何？,0,YES,YES
2026-06-15 19:29:18,公司的产品开发流程是什么？,0,YES,YES
2026-06-15 19:29:18,公司的主要销售模式是什么？,0,YES,YES
2026-06-15 19:29:18,公司的业务运营模式是什么？,0,YES,YES
2026-06-15 19:29:18,公司的主要业务是什么？,0,YES,YES
2026-06-15 19:29:18,公司的技术实力如何？,0,YES,YES
2026-06-15 19:29:18,公司的主要销售模式是什么？,0,YES,YES
2026-06-15 19:29:18,公司的产品开发流程是什么？,0,YES,YES
2026-06-15 19:29:19,公司的业务运营模式是什么？,0,YES,YES
2026-06-15 19:29:19,公司的主要业务是什么？,0,YES,YES
2026-06-15 19:29:19,公司的技术实力如何？,0,YES,YES
2026-06-15 19:29:19,公司的主要业务是什么？,0,YES,YES
2026-06-15 19:29:19,公司的主要业务是什么？,0,YES,YES
2026-06-15 19:29:19,公司的采购与关联交易情况如何？,0,YES,YES
2026-06-15 19:29:19,公司的业务运营模式是什么？,0,YES,YES
2026-06-15 19:29:20,公司的产品开发流程是什么？,0,YES,YES
2026-06-15 19:29:20,公司的主要业务是什么？,0,YES,YES
2026-06-15 19:29:20,公司的技术创新机制是什么？,0,YES,YES
2026-06-15 19:29:20,公司的技术实力如何？,0,YES,YES
2026-06-15 19:29:20,公司的采购与关联交易情况如何？,0,YES,YES
2026-06-15 19:29:21,这个文档主要讲什么内容？,0,YES,YES
2026-06-15 19:29:21,公司的技术创新机制是什么？,0,YES,YES
2026-06-15 19:29:21,这个文档主要讲什么内容？,0,YES,YES
2026-06-15 19:29:21,公司的主要业务是什么？,0,YES,YES
2026-06-15 19:29:21,公司的产品开发流程是什么？,0,YES,YES
2026-06-15 19:29:21,公司的技术实力如何？,0,YES,YES
2026-06-15 19:29:21,公司的技术创新机制是什么？,0,YES,YES
2026-06-15 19:29:21,公司的技术实力如何？,0,YES,YES
2026-06-15 19:29:22,这个文档主要讲什么内容？,0,YES,YES
2026-06-15 19:29:22,公司的技术实力如何？,0,YES,YES
2026-06-15 19:29:22,公司的技术实力如何？,0,YES,YES
2026-06-15 19:29:22,公司的业务运营模式是什么？,0,YES,YES
2026-06-15 19:29:22,公司的技术实力如何？,0,YES,YES
2026-06-15 19:29:22,公司的技术实力如何？,0,YES,YES
2026-06-15 19:29:22,公司的业务运营模式是什么？,0,YES,YES
2026-06-15 19:29:22,公司的技术创新机制是什么？,0,YES,YES
2026-06-15 19:29:23,公司的采购与关联交易情况如何？,0,YES,YES
2026-06-15 19:29:23,公司的主要业务是什么？,0,YES,YES
2026-06-15 19:29:23,公司的业务运营模式是什么？,0,YES,YES
2026-06-15 19:29:23,公司的业务运营模式是什么？,0,YES,YES
2026-06-15 19:29:23,公司的主要销售模式是什么？,0,YES,YES
2026-06-15 19:29:23,公司的主要销售模式是什么？,0,YES,YES
2026-06-15 19:29:23,公司的技术创新机制是什么？,0,YES,YES
2026-06-15 19:29:23,公司的采购与关联交易情况如何？,0,YES,YES
2026-06-15 19:29:24,公司的采购与关联交易情况如何？,0,YES,YES
2026-06-15 19:29:24,公司的业务运营模式是什么？,0,YES,YES
2026-06-15 19:29:24,公司的主要业务是什么？,0,YES,YES
2026-06-15 19:29:24,公司的业务运营模式是什么？,0,YES,YES
2026-06-15 19:29:24,这个文档主要讲什么内容？,0,YES,YES
2026-06-15 19:29:24,公司的业务运营模式是什么？,0,YES,YES
2026-06-15 19:29:24,公司的技术实力如何？,0,YES,YES
2026-06-15 19:29:24,这个文档主要讲什么内容？,0,YES,YES
2026-06-15 19:29:24,公司的业务运营模式是什么？,0,YES,YES
2026-06-15 19:29:24,公司的主要销售模式是什么？,0,YES,YES
2026-06-15 19:29:25,公司的采购与关联交易情况如何？,0,YES,YES
2026-06-15 19:29:25,这个文档主要讲什么内容？,0,YES,YES
2026-06-15 19:29:25,公司的主要业务是什么？,0,YES,YES
2026-06-15 19:29:25,公司的采购与关联交易情况如何？,0,YES,YES
2026-06-15 19:29:25,公司的业务运营模式是什么？,0,YES,YES
2026-06-15 19:29:25,公司的产品开发流程是什么？,0,YES,YES
2026-06-15 19:29:25,这个文档主要讲什么内容？,0,YES,YES
2026-06-15 19:29:26,公司的主要销售模式是什么？,0,YES,YES
2026-06-15 19:29:26,这个文档主要讲什么内容？,0,YES,YES
2026-06-15 19:29:26,这个文档主要讲什么内容？,0,YES,YES
2026-06-15 19:29:26,公司的主要业务是什么？,0,YES,YES
2026-06-15 19:29:26,公司的产品开发流程是什么？,0,YES,YES
2026-06-15 19:29:26,这个文档主要讲什么内容？,0,YES,YES
2026-06-15 19:29:26,公司的产品开发流程是什么？,0,YES,YES
2026-06-15 19:29:26,公司的主要业务是什么？,0,YES,YES
2026-06-15 19:29:26,公司的技术实力如何？,0,YES,YES
2026-06-15 19:29:26,这个文档主要讲什么内容？,0,YES,YES
2026-06-15 19:29:27,这个文档主要讲什么内容？,0,YES,YES
2026-06-15 19:29:27,公司的主要销售模式是什么？,0,YES,YES
2026-06-15 19:29:27,公司的主要销售模式是什么？,0,YES,YES
2026-06-15 19:29:27,公司的技术实力如何？,0,YES,YES
2026-06-15 19:29:27,公司的产品开发流程是什么？,0,YES,YES
2026-06-15 19:29:27,公司的主要销售模式是什么？,0,YES,YES
2026-06-15 19:29:27,公司的技术实力如何？,0,YES,YES
2026-06-15 19:29:27,公司的主要销售模式是什么？,0,YES,YES
2026-06-15 19:29:27,公司的主要业务是什么？,0,YES,YES
2026-06-15 19:29:28,公司的产品开发流程是什么？,0,YES,YES
2026-06-15 19:29:28,公司的主要销售模式是什么？,0,YES,YES
2026-06-15 19:29:28,公司的技术创新机制是什么？,0,YES,YES
2026-06-15 19:29:28,公司的技术实力如何？,0,YES,YES
2026-06-15 19:29:28,公司的技术创新机制是什么？,0,YES,YES
2026-06-15 19:29:28,公司的主要销售模式是什么？,0,YES,YES
2026-06-15 19:29:28,公司的技术创新机制是什么？,0,YES,YES
2026-06-15 19:29:28,公司的业务运营模式是什么？,0,YES,YES
2026-06-15 19:29:28,公司的主要销售模式是什么？,0,YES,YES
2026-06-15 19:29:29,公司的技术创新机制是什么？,0,YES,YES
2026-06-15 19:29:29,公司的产品开发流程是什么？,0,YES,YES
2026-06-15 19:29:29,公司的业务运营模式是什么？,0,YES,YES
2026-06-15 19:29:29,公司的主要销售模式是什么？,0,YES,YES
2026-06-15 19:29:29,公司的业务运营模式是什么？,0,YES,YES
2026-06-15 19:29:29,公司的产品开发流程是什么？,0,YES,YES
2026-06-15 19:29:29,公司的业务运营模式是什么？,0,YES,YES
2026-06-15 19:29:30,公司的产品开发流程是什么？,0,YES,YES
2026-06-15 19:29:30,公司的主要销售模式是什么？,319004,YES,NO
2026-06-15 19:29:30,这个文档主要讲什么内容？,0,YES,YES
2026-06-15 19:29:30,公司的采购与关联交易情况如何？,0,YES,YES
2026-06-15 19:29:30,公司的产品开发流程是什么？,0,YES,YES
2026-06-15 19:29:30,公司的技术实力如何？,0,YES,YES
2026-06-15 19:29:30,这个文档主要讲什么内容？,0,YES,YES
2026-06-15 19:29:30,公司的产品开发流程是什么？,0,YES,YES
2026-06-15 19:29:30,公司的技术创新机制是什么？,0,YES,YES
2026-06-15 19:29:30,公司的技术创新机制是什么？,0,YES,YES
2026-06-15 19:29:30,公司的采购与关联交易情况如何？,0,YES,YES
2026-06-15 19:29:31,公司的产品开发流程是什么？,0,YES,YES
2026-06-15 19:29:31,公司的采购与关联交易情况如何？,0,YES,YES
2026-06-15 19:29:31,公司的技术创新机制是什么？,0,YES,YES
2026-06-15 19:29:31,这个文档主要讲什么内容？,0,YES,YES
2026-06-15 19:29:31,公司的采购与关联交易情况如何？,0,YES,YES
2026-06-15 19:29:31,公司的业务运营模式是什么？,0,YES,YES
2026-06-15 19:29:32,公司的采购与关联交易情况如何？,0,YES,YES
2026-06-15 19:29:32,公司的技术创新机制是什么？,0,YES,YES
2026-06-15 19:29:32,公司的产品开发流程是什么？,0,YES,YES
2026-06-15 19:29:32,这个文档主要讲什么内容？,0,YES,YES
2026-06-15 19:29:32,公司的主要业务是什么？,0,YES,YES
2026-06-15 19:29:32,公司的技术创新机制是什么？,0,YES,YES
2026-06-15 19:29:32,公司的产品开发流程是什么？,0,YES,YES
2026-06-15 19:29:32,公司的采购与关联交易情况如何？,0,YES,YES
2026-06-15 19:29:32,公司的主要业务是什么？,0,YES,YES
2026-06-15 19:29:32,公司的主要业务是什么？,0,YES,YES
2026-06-15 19:29:33,公司的主要业务是什么？,0,YES,YES
2026-06-15 19:29:33,公司的主要销售模式是什么？,0,YES,YES
2026-06-15 19:29:33,公司的主要销售模式是什么？,0,YES,YES
2026-06-15 19:29:33,公司的技术创新机制是什么？,0,YES,YES
2026-06-15 19:29:33,公司的主要销售模式是什么？,0,YES,YES
2026-06-15 19:29:33,公司的主要销售模式是什么？,0,YES,YES
2026-06-15 19:29:33,公司的主要业务是什么？,0,YES,YES
2026-06-15 19:29:33,公司的采购与关联交易情况如何？,0,YES,YES
2026-06-15 19:29:33,公司的采购与关联交易情况如何？,0,YES,YES
2026-06-15 19:29:33,公司的主要业务是什么？,0,YES,YES
2026-06-15 19:29:33,公司的技术创新机制是什么？,0,YES,YES
2026-06-15 19:29:34,公司的技术实力如何？,0,YES,YES
2026-06-15 19:29:34,公司的产品开发流程是什么？,0,YES,YES
2026-06-15 19:29:34,这个文档主要讲什么内容？,0,YES,YES
2026-06-15 19:29:34,公司的技术实力如何？,0,YES,YES
2026-06-15 19:29:34,公司的技术实力如何？,0,YES,YES
2026-06-15 19:29:34,公司的技术实力如何？,0,YES,YES
2026-06-15 19:29:34,公司的采购与关联交易情况如何？,0,YES,YES
2026-06-15 19:29:34,公司的技术创新机制是什么？,0,YES,YES
2026-06-15 19:29:35,公司的采购与关联交易情况如何？,0,YES,YES
2026-06-15 19:29:35,公司的技术创新机制是什么？,0,YES,YES
2026-06-15 19:29:35,公司的技术实力如何？,0,YES,YES
2026-06-15 19:29:35,公司的产品开发流程是什么？,0,YES,YES
2026-06-15 19:29:35,公司的产品开发流程是什么？,0,YES,YES
2026-06-15 19:29:35,公司的主要业务是什么？,0,YES,YES
2026-06-15 19:29:36,公司的主要销售模式是什么？,0,YES,YES
2026-06-15 19:29:36,公司的产品开发流程是什么？,0,YES,YES
2026-06-15 19:29:36,公司的业务运营模式是什么？,0,YES,YES
2026-06-15 19:29:36,公司的采购与关联交易情况如何？,0,YES,YES
2026-06-15 19:29:36,公司的技术创新机制是什么？,0,YES,YES
2026-06-15 19:29:36,公司的技术实力如何？,0,YES,YES
2026-06-15 19:29:36,公司的主要业务是什么？,0,YES,YES
2026-06-15 19:29:36,公司的业务运营模式是什么？,0,YES,YES
2026-06-15 19:29:36,公司的业务运营模式是什么？,0,YES,YES
2026-06-15 19:29:37,公司的业务运营模式是什么？,0,YES,YES
2026-06-15 19:29:37,公司的业务运营模式是什么？,0,YES,YES
2026-06-15 19:29:37,公司的采购与关联交易情况如何？,0,YES,YES
2026-06-15 19:29:37,公司的主要业务是什么？,0,YES,YES
2026-06-15 19:29:37,公司的主要业务是什么？,0,YES,YES
2026-06-15 19:29:37,这个文档主要讲什么内容？,0,YES,YES
2026-06-15 19:29:37,公司的采购与关联交易情况如何？,0,YES,YES
2026-06-15 19:29:37,公司的技术创新机制是什么？,0,YES,YES
2026-06-15 19:29:37,公司的产品开发流程是什么？,0,YES,YES
2026-06-15 19:29:37,公司的技术创新机制是什么？,0,YES,YES
2026-06-15 19:29:38,公司的技术创新机制是什么？,0,YES,YES
2026-06-15 19:29:38,这个文档主要讲什么内容？,0,YES,YES
2026-06-15 19:29:38,公司的主要业务是什么？,0,YES,YES
2026-06-15 19:29:38,公司的业务运营模式是什么？,0,YES,YES
2026-06-15 19:29:38,这个文档主要讲什么内容？,0,YES,YES
2026-06-15 19:29:38,公司的主要业务是什么？,0,YES,YES
2026-06-15 19:29:38,公司的技术实力如何？,0,YES,YES
2026-06-15 19:29:38,公司的主要业务是什么？,0,YES,YES
2026-06-15 19:29:38,这个文档主要讲什么内容？,0,YES,YES
2026-06-15 19:29:38,公司的技术实力如何？,0,YES,YES
2026-06-15 19:29:38,公司的技术创新机制是什么？,0,YES,YES
2026-06-15 19:29:38,公司的采购与关联交易情况如何？,0,YES,YES
2026-06-15 19:29:39,这个文档主要讲什么内容？,0,YES,YES
2026-06-15 19:29:39,公司的技术实力如何？,0,YES,YES
2026-06-15 19:29:39,公司的技术实力如何？,0,YES,YES
2026-06-15 19:29:39,公司的主要销售模式是什么？,0,YES,YES
2026-06-15 19:29:39,公司的技术实力如何？,0,YES,YES
2026-06-15 19:29:39,公司的业务运营模式是什么？,0,YES,YES
2026-06-15 19:29:40,公司的主要业务是什么？,0,YES,YES
2026-06-15 19:29:40,公司的业务运营模式是什么？,0,YES,YES
2026-06-15 19:29:40,公司的技术实力如何？,0,YES,YES
2026-06-15 19:29:40,公司的采购与关联交易情况如何？,0,YES,YES
2026-06-15 19:29:40,这个文档主要讲什么内容？,0,YES,YES
2026-06-15 19:29:40,公司的主要销售模式是什么？,0,YES,YES
2026-06-15 19:29:40,公司的采购与关联交易情况如何？,0,YES,YES
2026-06-15 19:29:40,公司的采购与关联交易情况如何？,0,YES,YES
2026-06-15 19:29:40,公司的主要销售模式是什么？,0,YES,YES
2026-06-15 19:29:40,公司的采购与关联交易情况如何？,0,YES,YES
2026-06-15 19:29:40,公司的主要销售模式是什么？,0,YES,YES
2026-06-15 19:29:41,公司的业务运营模式是什么？,0,YES,YES
2026-06-15 19:29:41,这个文档主要讲什么内容？,0,YES,YES
2026-06-15 19:29:41,公司的主要销售模式是什么？,0,YES,YES
2026-06-15 19:29:41,公司的技术实力如何？,0,YES,YES
2026-06-15 19:29:41,公司的业务运营模式是什么？,0,YES,YES
2026-06-15 19:29:42,公司的业务运营模式是什么？,0,YES,YES
2026-06-15 19:29:42,公司的主要业务是什么？,0,YES,YES
2026-06-15 19:29:42,公司的产品开发流程是什么？,0,YES,YES
2026-06-15 19:29:42,公司的技术实力如何？,0,YES,YES
2026-06-15 19:29:42,公司的业务运营模式是什么？,0,YES,YES
2026-06-15 19:29:42,公司的主要业务是什么？,0,YES,YES
2026-06-15 19:29:42,公司的产品开发流程是什么？,0,YES,YES
2026-06-15 19:29:42,公司的主要业务是什么？,0,YES,YES
2026-06-15 19:29:42,公司的产品开发流程是什么？,0,YES,YES
2026-06-15 19:29:42,公司的主要销售模式是什么？,0,YES,YES
2026-06-15 19:29:42,这个文档主要讲什么内容？,0,YES,YES
2026-06-15 19:29:43,公司的主要销售模式是什么？,0,YES,YES
2026-06-15 19:29:43,公司的技术创新机制是什么？,0,YES,YES
2026-06-15 19:29:43,公司的主要业务是什么？,0,YES,YES
2026-06-15 19:29:43,公司的产品开发流程是什么？,0,YES,YES
2026-06-15 19:29:43,公司的产品开发流程是什么？,0,YES,YES
2026-06-15 19:29:43,公司的技术实力如何？,0,YES,YES
2026-06-15 19:29:43,这个文档主要讲什么内容？,0,YES,YES
2026-06-15 19:29:43,这个文档主要讲什么内容？,0,YES,YES
2026-06-15 19:29:44,公司的产品开发流程是什么？,0,YES,YES
2026-06-15 19:29:44,这个文档主要讲什么内容？,0,YES,YES
2026-06-15 19:29:44,这个文档主要讲什么内容？,0,YES,YES
2026-06-15 19:29:44,公司的产品开发流程是什么？,0,YES,YES
2026-06-15 19:29:44,公司的技术实力如何？,0,YES,YES
2026-06-15 19:29:44,公司的主要销售模式是什么？,0,YES,YES
2026-06-15 19:29:44,公司的业务运营模式是什么？,0,YES,YES
2026-06-15 19:29:44,公司的业务运营模式是什么？,0,YES,YES
2026-06-15 19:29:45,公司的业务运营模式是什么？,0,YES,YES
2026-06-15 19:29:45,公司的技术创新机制是什么？,0,YES,YES
2026-06-15 19:29:45,公司的技术实力如何？,0,YES,YES
2026-06-15 19:29:45,公司的采购与关联交易情况如何？,0,YES,YES
2026-06-15 19:29:45,公司的技术创新机制是什么？,0,YES,YES
2026-06-15 19:29:45,公司的技术创新机制是什么？,0,YES,YES
2026-06-15 19:29:45,公司的主要销售模式是什么？,0,YES,YES
2026-06-15 19:29:45,公司的产品开发流程是什么？,0,YES,YES
2026-06-15 19:29:46,公司的主要销售模式是什么？,0,YES,YES
2026-06-15 19:29:46,公司的技术创新机制是什么？,0,YES,YES
2026-06-15 19:29:46,公司的技术实力如何？,0,YES,YES
2026-06-15 19:29:46,公司的业务运营模式是什么？,0,YES,YES
2026-06-15 19:29:46,公司的主要销售模式是什么？,0,YES,YES
2026-06-15 19:29:46,公司的主要销售模式是什么？,0,YES,YES
2026-06-15 19:29:46,公司的技术创新机制是什么？,0,YES,YES
2026-06-15 19:29:47,这个文档主要讲什么内容？,0,YES,YES
2026-06-15 19:29:47,这个文档主要讲什么内容？,0,YES,YES
2026-06-15 19:29:47,公司的业务运营模式是什么？,0,YES,YES
2026-06-15 19:29:47,公司的主要业务是什么？,0,YES,YES
2026-06-15 19:29:47,公司的技术创新机制是什么？,0,YES,YES
2026-06-15 19:29:47,公司的产品开发流程是什么？,0,YES,YES
2026-06-15 19:29:47,这个文档主要讲什么内容？,0,YES,YES
2026-06-15 19:29:47,公司的采购与关联交易情况如何？,0,YES,YES
2026-06-15 19:29:47,公司的技术创新机制是什么？,0,YES,YES
2026-06-15 19:29:47,公司的采购与关联交易情况如何？,0,YES,YES
2026-06-15 19:29:48,公司的采购与关联交易情况如何？,0,YES,YES
2026-06-15 19:29:48,公司的采购与关联交易情况如何？,0,YES,YES
2026-06-15 19:29:48,公司的采购与关联交易情况如何？,0,YES,YES
2026-06-15 19:29:48,公司的产品开发流程是什么？,0,YES,YES
2026-06-15 19:29:48,公司的主要销售模式是什么？,0,YES,YES
2026-06-15 19:29:48,公司的产品开发流程是什么？,0,YES,YES
2026-06-15 19:29:48,公司的业务运营模式是什么？,0,YES,YES
2026-06-15 19:29:48,公司的技术创新机制是什么？,0,YES,YES
2026-06-15 19:29:49,公司的采购与关联交易情况如何？,0,YES,YES
2026-06-15 19:29:49,公司的采购与关联交易情况如何？,0,YES,YES
2026-06-15 19:29:49,公司的产品开发流程是什么？,0,YES,YES
2026-06-15 19:29:49,这个文档主要讲什么内容？,0,YES,YES
2026-06-15 19:29:49,这个文档主要讲什么内容？,0,YES,YES
2026-06-15 19:29:49,公司的技术创新机制是什么？,0,YES,YES
2026-06-15 19:29:49,公司的技术创新机制是什么？,0,YES,YES
2026-06-15 19:29:49,公司的主要业务是什么？,0,YES,YES
2026-06-15 19:29:50,公司的主要销售模式是什么？,0,YES,YES
2026-06-15 19:29:50,公司的主要销售模式是什么？,0,YES,YES
2026-06-15 19:29:50,公司的技术实力如何？,0,YES,YES
2026-06-15 19:29:50,公司的主要业务是什么？,0,YES,YES
2026-06-15 19:29:50,公司的主要业务是什么？,0,YES,YES
2026-06-15 19:29:50,公司的主要销售模式是什么？,0,YES,YES
2026-06-15 19:29:50,这个文档主要讲什么内容？,0,YES,YES
2026-06-15 19:29:50,公司的技术创新机制是什么？,0,YES,YES
2026-06-15 19:29:50,公司的采购与关联交易情况如何？,0,YES,YES
2026-06-15 19:29:50,公司的主要业务是什么？,0,YES,YES
2026-06-15 19:29:50,公司的采购与关联交易情况如何？,0,YES,YES
2026-06-15 19:29:50,公司的产品开发流程是什么？,0,YES,YES
2026-06-15 19:29:51,公司的主要业务是什么？,0,YES,YES
2026-06-15 19:29:51,公司的主要业务是什么？,0,YES,YES
2026-06-15 19:29:51,公司的产品开发流程是什么？,0,YES,YES
2026-06-15 19:29:51,公司的业务运营模式是什么？,0,YES,YES
2026-06-15 19:29:51,公司的产品开发流程是什么？,0,YES,YES
2026-06-15 19:29:51,公司的主要业务是什么？,0,YES,YES
2026-06-15 19:29:52,公司的主要销售模式是什么？,0,YES,YES
2026-06-15 19:29:52,公司的技术实力如何？,0,YES,YES
2026-06-15 19:29:52,公司的采购与关联交易情况如何？,0,YES,YES
2026-06-15 19:29:52,公司的技术实力如何？,0,YES,YES
2026-06-15 19:29:52,公司的产品开发流程是什么？,0,YES,YES
2026-06-15 19:29:52,公司的技术实力如何？,0,YES,YES
2026-06-15 19:29:52,公司的技术创新机制是什么？,0,YES,YES
2026-06-15 19:29:52,公司的技术创新机制是什么？,0,YES,YES
2026-06-15 19:29:52,公司的主要业务是什么？,0,YES,YES
2026-06-15 19:29:53,公司的技术实力如何？,0,YES,YES
2026-06-15 19:29:53,这个文档主要讲什么内容？,0,YES,YES
2026-06-15 19:29:53,公司的主要业务是什么？,0,YES,YES
2026-06-15 19:29:53,公司的技术实力如何？,0,YES,YES
2026-06-15 19:29:53,公司的技术实力如何？,0,YES,YES
2026-06-15 19:29:53,公司的主要销售模式是什么？,0,YES,YES
2026-06-15 19:29:53,公司的采购与关联交易情况如何？,0,YES,YES
2026-06-15 19:29:54,公司的技术实力如何？,0,YES,YES
2026-06-15 19:29:54,公司的技术实力如何？,0,YES,YES
2026-06-15 19:29:54,公司的技术创新机制是什么？,0,YES,YES
2026-06-15 19:29:54,公司的业务运营模式是什么？,0,YES,YES
2026-06-15 19:29:54,公司的业务运营模式是什么？,0,YES,YES
2026-06-15 19:29:54,公司的采购与关联交易情况如何？,0,YES,YES
2026-06-15 19:29:54,公司的业务运营模式是什么？,0,YES,YES
2026-06-15 19:29:54,公司的技术创新机制是什么？,0,YES,YES
2026-06-15 19:29:54,公司的技术实力如何？,0,YES,YES
2026-06-15 19:29:55,公司的业务运营模式是什么？,0,YES,YES
2026-06-15 19:29:55,公司的主要业务是什么？,0,YES,YES
2026-06-15 19:29:55,公司的业务运营模式是什么？,0,YES,YES
2026-06-15 19:29:55,公司的产品开发流程是什么？,0,YES,YES
2026-06-15 19:29:55,公司的业务运营模式是什么？,0,YES,YES
2026-06-15 19:29:55,公司的采购与关联交易情况如何？,0,YES,YES
2026-06-15 19:29:55,公司的采购与关联交易情况如何？,0,YES,YES
2026-06-15 19:29:55,公司的产品开发流程是什么？,0,YES,YES
2026-06-15 19:29:55,公司的主要业务是什么？,0,YES,YES
2026-06-15 19:29:55,公司的主要销售模式是什么？,0,YES,YES
2026-06-15 19:29:56,这个文档主要讲什么内容？,0,YES,YES
2026-06-15 19:29:56,这个文档主要讲什么内容？,0,YES,YES
2026-06-15 19:29:56,公司的主要业务是什么？,0,YES,YES
2026-06-15 19:29:56,公司的业务运营模式是什么？,0,YES,YES
2026-06-15 19:29:56,公司的业务运营模式是什么？,0,YES,YES
2026-06-15 19:29:56,这个文档主要讲什么内容？,0,YES,YES
2026-06-15 19:29:56,公司的业务运营模式是什么？,0,YES,YES
2026-06-15 19:29:57,公司的采购与关联交易情况如何？,0,YES,YES
2026-06-15 19:29:57,这个文档主要讲什么内容？,0,YES,YES
2026-06-15 19:29:57,这个文档主要讲什么内容？,0,YES,YES
2026-06-15 19:29:57,公司的技术实力如何？,0,YES,YES
2026-06-15 19:29:57,公司的产品开发流程是什么？,0,YES,YES
2026-06-15 19:29:57,公司的技术创新机制是什么？,0,YES,YES
2026-06-15 19:29:57,公司的技术创新机制是什么？,0,YES,YES
2026-06-15 19:29:57,公司的主要业务是什么？,0,YES,YES
2026-06-15 19:29:57,公司的主要业务是什么？,0,YES,YES
2026-06-15 19:29:57,公司的技术实力如何？,0,YES,YES
2026-06-15 19:29:57,这个文档主要讲什么内容？,0,YES,YES
2026-06-15 19:29:57,这个文档主要讲什么内容？,0,YES,YES
2026-06-15 19:29:58,这个文档主要讲什么内容？,0,YES,YES
2026-06-15 19:29:58,公司的技术实力如何？,0,YES,YES
2026-06-15 19:29:58,公司的主要销售模式是什么？,0,YES,YES
2026-06-15 19:29:58,这个文档主要讲什么内容？,0,YES,YES
2026-06-15 19:29:58,公司的主要销售模式是什么？,0,YES,YES
2026-06-15 19:29:58,公司的主要业务是什么？,0,YES,YES
2026-06-15 19:29:58,公司的技术创新机制是什么？,0,YES,YES
2026-06-15 19:29:58,公司的业务运营模式是什么？,0,YES,YES
2026-06-15 19:29:58,公司的采购与关联交易情况如何？,0,YES,YES
2026-06-15 19:29:58,公司的主要销售模式是什么？,0,YES,YES
2026-06-15 19:29:59,公司的主要销售模式是什么？,0,YES,YES
2026-06-15 19:29:59,公司的主要销售模式是什么？,0,YES,YES
2026-06-15 19:29:59,公司的业务运营模式是什么？,0,YES,YES
2026-06-15 19:29:59,公司的产品开发流程是什么？,0,YES,YES
2026-06-15 19:29:59,公司的主要销售模式是什么？,0,YES,YES
2026-06-15 19:29:59,公司的主要销售模式是什么？,0,YES,YES
2026-06-15 19:29:59,公司的技术实力如何？,0,YES,YES
2026-06-15 19:29:59,公司的业务运营模式是什么？,0,YES,YES
2026-06-15 19:29:59,公司的采购与关联交易情况如何？,0,YES,YES
2026-06-15 19:30:00,公司的技术实力如何？,0,YES,YES
2026-06-15 19:30:00,公司的技术实力如何？,0,YES,YES
2026-06-15 19:30:00,公司的主要销售模式是什么？,0,YES,YES
2026-06-15 19:30:00,公司的技术创新机制是什么？,0,YES,YES
2026-06-15 19:30:00,这个文档主要讲什么内容？,0,YES,YES
2026-06-15 19:30:00,这个文档主要讲什么内容？,0,YES,YES
2026-06-15 19:30:01,公司的产品开发流程是什么？,0,YES,YES
2026-06-15 19:30:01,公司的采购与关联交易情况如何？,0,YES,YES
2026-06-15 19:30:01,公司的主要销售模式是什么？,0,YES,YES
2026-06-15 19:30:01,公司的业务运营模式是什么？,0,YES,YES
2026-06-15 19:30:01,公司的产品开发流程是什么？,0,YES,YES
2026-06-15 19:30:01,公司的业务运营模式是什么？,0,YES,YES
2026-06-15 19:30:01,公司的主要业务是什么？,0,YES,YES
2026-06-15 19:30:01,公司的产品开发流程是什么？,0,YES,YES
2026-06-15 19:30:01,公司的采购与关联交易情况如何？,0,YES,YES
2026-06-15 19:30:01,公司的产品开发流程是什么？,0,YES,YES
2026-06-15 19:30:01,公司的业务运营模式是什么？,0,YES,YES
2026-06-15 19:30:01,公司的主要业务是什么？,0,YES,YES
2026-06-15 19:30:02,公司的产品开发流程是什么？,0,YES,YES
2026-06-15 19:30:02,这个文档主要讲什么内容？,0,YES,YES
2026-06-15 19:30:02,公司的产品开发流程是什么？,0,YES,YES
2026-06-15 19:30:02,公司的主要销售模式是什么？,0,YES,YES
2026-06-15 19:30:02,这个文档主要讲什么内容？,0,YES,YES
2026-06-15 19:30:02,公司的产品开发流程是什么？,0,YES,YES
2026-06-15 19:30:02,公司的主要业务是什么？,0,YES,YES
2026-06-15 19:30:02,公司的技术创新机制是什么？,0,YES,YES
2026-06-15 19:30:03,这个文档主要讲什么内容？,0,YES,YES
2026-06-15 19:30:03,公司的主要业务是什么？,0,YES,YES
2026-06-15 19:30:03,公司的技术创新机制是什么？,0,YES,YES
2026-06-15 19:30:03,公司的技术创新机制是什么？,0,YES,YES
2026-06-15 19:30:03,公司的技术实力如何？,0,YES,YES
2026-06-15 19:30:03,公司的技术创新机制是什么？,0,YES,YES
2026-06-15 19:30:03,公司的主要销售模式是什么？,0,YES,YES
2026-06-15 19:30:03,公司的产品开发流程是什么？,0,YES,YES
2026-06-15 19:30:04,公司的技术创新机制是什么？,0,YES,YES
2026-06-15 19:30:04,公司的产品开发流程是什么？,0,YES,YES
2026-06-15 19:30:04,公司的主要销售模式是什么？,0,YES,YES
2026-06-15 19:30:04,公司的技术实力如何？,0,YES,YES
2026-06-15 19:30:04,公司的技术创新机制是什么？,0,YES,YES
2026-06-15 19:30:04,公司的主要销售模式是什么？,0,YES,YES
2026-06-15 19:30:04,这个文档主要讲什么内容？,0,YES,YES
2026-06-15 19:30:04,公司的技术实力如何？,0,YES,YES
2026-06-15 19:30:04,公司的主要销售模式是什么？,0,YES,YES
2026-06-15 19:30:04,公司的技术创新机制是什么？,0,YES,YES
2026-06-15 19:30:04,公司的采购与关联交易情况如何？,0,YES,YES
2026-06-15 19:30:05,公司的技术创新机制是什么？,0,YES,YES
2026-06-15 19:30:05,公司的技术创新机制是什么？,0,YES,YES
2026-06-15 19:30:05,公司的采购与关联交易情况如何？,0,YES,YES
2026-06-15 19:30:05,公司的采购与关联交易情况如何？,0,YES,YES
2026-06-15 19:30:05,公司的采购与关联交易情况如何？,0,YES,YES
2026-06-15 19:30:05,公司的业务运营模式是什么？,0,YES,YES
2026-06-15 19:30:05,公司的业务运营模式是什么？,0,YES,YES
2026-06-15 19:30:06,公司的技术实力如何？,0,YES,YES
2026-06-15 19:30:06,公司的主要业务是什么？,0,YES,YES
2026-06-15 19:30:06,公司的产品开发流程是什么？,0,YES,YES
2026-06-15 19:30:06,公司的采购与关联交易情况如何？,0,YES,YES
2026-06-15 19:30:06,公司的主要销售模式是什么？,0,YES,YES
2026-06-15 19:30:06,公司的产品开发流程是什么？,0,YES,YES
2026-06-15 19:30:06,公司的采购与关联交易情况如何？,0,YES,YES
2026-06-15 19:30:06,公司的产品开发流程是什么？,0,YES,YES
2026-06-15 19:30:06,公司的采购与关联交易情况如何？,0,YES,YES
2026-06-15 19:30:06,公司的采购与关联交易情况如何？,0,YES,YES
2026-06-15 19:30:06,公司的产品开发流程是什么？,0,YES,YES
2026-06-15 19:30:06,公司的采购与关联交易情况如何？,0,YES,YES
2026-06-15 19:30:07,公司的业务运营模式是什么？,0,YES,YES
2026-06-15 19:30:07,这个文档主要讲什么内容？,0,YES,YES
2026-06-15 19:30:07,公司的技术实力如何？,0,YES,YES
2026-06-15 19:30:07,公司的主要业务是什么？,0,YES,YES
2026-06-15 19:30:07,公司的主要业务是什么？,0,YES,YES
2026-06-15 19:30:07,公司的主要业务是什么？,0,YES,YES
2026-06-15 19:30:07,公司的主要业务是什么？,0,YES,YES
2026-06-15 19:30:08,公司的主要业务是什么？,0,YES,YES
2026-06-15 19:30:08,公司的主要业务是什么？,0,YES,YES
2026-06-15 19:30:08,公司的技术创新机制是什么？,0,YES,YES
2026-06-15 19:30:08,公司的业务运营模式是什么？,0,YES,YES
2026-06-15 19:30:08,公司的主要业务是什么？,0,YES,YES
2026-06-15 19:30:08,公司的产品开发流程是什么？,0,YES,YES
2026-06-15 19:30:08,公司的技术创新机制是什么？,0,YES,YES
2026-06-15 19:30:08,公司的技术创新机制是什么？,0,YES,YES
2026-06-15 19:30:08,公司的技术创新机制是什么？,0,YES,YES
2026-06-15 19:30:08,这个文档主要讲什么内容？,0,YES,YES
2026-06-15 19:30:08,公司的主要业务是什么？,0,YES,YES
2026-06-15 19:30:09,公司的业务运营模式是什么？,0,YES,YES
2026-06-15 19:30:09,公司的主要销售模式是什么？,0,YES,YES
2026-06-15 19:30:09,这个文档主要讲什么内容？,0,YES,YES
2026-06-15 19:30:09,公司的技术实力如何？,0,YES,YES
2026-06-15 19:30:09,公司的技术实力如何？,0,YES,YES
2026-06-15 19:30:09,公司的技术实力如何？,0,YES,YES
2026-06-15 19:30:09,公司的采购与关联交易情况如何？,0,YES,YES
2026-06-15 19:30:09,公司的采购与关联交易情况如何？,0,YES,YES
2026-06-15 19:30:10,公司的技术实力如何？,0,YES,YES
2026-06-15 19:30:10,公司的主要销售模式是什么？,0,YES,YES
2026-06-15 19:30:10,这个文档主要讲什么内容？,0,YES,YES
2026-06-15 19:30:10,公司的技术实力如何？,0,YES,YES
2026-06-15 19:30:10,公司的技术创新机制是什么？,0,YES,YES
2026-06-15 19:30:10,公司的技术实力如何？,0,YES,YES
2026-06-15 19:30:10,公司的技术实力如何？,0,YES,YES
2026-06-15 19:30:11,公司的技术实力如何？,0,YES,YES
2026-06-15 19:30:11,公司的采购与关联交易情况如何？,0,YES,YES
2026-06-15 19:30:11,公司的主要销售模式是什么？,0,YES,YES
2026-06-15 19:30:11,公司的主要业务是什么？,0,YES,YES
2026-06-15 19:30:11,公司的采购与关联交易情况如何？,0,YES,YES
2026-06-15 19:30:11,这个文档主要讲什么内容？,0,YES,YES
2026-06-15 19:30:11,公司的产品开发流程是什么？,0,YES,YES
2026-06-15 19:30:11,公司的业务运营模式是什么？,0,YES,YES
2026-06-15 19:30:11,公司的主要销售模式是什么？,0,YES,YES
2026-06-15 19:30:11,公司的业务运营模式是什么？,0,YES,YES
2026-06-15 19:30:12,公司的业务运营模式是什么？,0,YES,YES
2026-06-15 19:30:12,公司的主要业务是什么？,0,YES,YES
2026-06-15 19:30:12,公司的业务运营模式是什么？,0,YES,YES
2026-06-15 19:30:12,公司的主要业务是什么？,0,YES,YES
2026-06-15 19:30:12,公司的业务运营模式是什么？,0,YES,YES
2026-06-15 19:30:12,公司的采购与关联交易情况如何？,0,YES,YES
2026-06-15 19:30:12,公司的技术实力如何？,0,YES,YES
2026-06-15 19:30:12,公司的业务运营模式是什么？,0,YES,YES
2026-06-15 19:30:12,公司的业务运营模式是什么？,0,YES,YES
2026-06-15 19:30:12,公司的主要业务是什么？,0,YES,YES
2026-06-15 19:30:12,这个文档主要讲什么内容？,0,YES,YES
2026-06-15 19:30:13,公司的产品开发流程是什么？,0,YES,YES
2026-06-15 19:30:13,公司的业务运营模式是什么？,0,YES,YES
2026-06-15 19:30:13,公司的产品开发流程是什么？,0,YES,YES
2026-06-15 19:30:13,这个文档主要讲什么内容？,0,YES,YES
2026-06-15 19:30:13,公司的主要销售模式是什么？,0,YES,YES
2026-06-15 19:30:13,公司的业务运营模式是什么？,0,YES,YES
2026-06-15 19:30:13,这个文档主要讲什么内容？,0,YES,YES
2026-06-15 19:30:13,公司的技术实力如何？,0,YES,YES
2026-06-15 19:30:13,公司的主要业务是什么？,0,YES,YES
2026-06-15 19:30:14,公司的技术创新机制是什么？,0,YES,YES
2026-06-15 19:30:14,这个文档主要讲什么内容？,0,YES,YES
2026-06-15 19:30:14,公司的主要销售模式是什么？,0,YES,YES
2026-06-15 19:30:14,这个文档主要讲什么内容？,0,YES,YES
2026-06-15 19:30:14,公司的技术创新机制是什么？,0,YES,YES
2026-06-15 19:30:14,公司的产品开发流程是什么？,0,YES,YES
2026-06-15 19:30:14,公司的产品开发流程是什么？,0,YES,YES
2026-06-15 19:30:14,公司的技术实力如何？,0,YES,YES
2026-06-15 19:30:14,这个文档主要讲什么内容？,0,YES,YES
2026-06-15 19:30:14,公司的技术创新机制是什么？,0,YES,YES
2026-06-15 19:30:15,公司的技术实力如何？,0,YES,YES
2026-06-15 19:30:15,公司的技术实力如何？,0,YES,YES
2026-06-15 19:30:15,这个文档主要讲什么内容？,0,YES,YES
2026-06-15 19:30:15,公司的业务运营模式是什么？,0,YES,YES
2026-06-15 19:30:15,公司的主要销售模式是什么？,0,YES,YES
2026-06-15 19:30:15,公司的主要销售模式是什么？,0,YES,YES
2026-06-15 19:30:15,公司的采购与关联交易情况如何？,0,YES,YES
2026-06-15 19:30:15,这个文档主要讲什么内容？,0,YES,YES
2026-06-15 19:30:15,公司的主要销售模式是什么？,0,YES,YES
2026-06-15 19:30:16,公司的采购与关联交易情况如何？,0,YES,YES
2026-06-15 19:30:16,公司的采购与关联交易情况如何？,0,YES,YES
2026-06-15 19:30:16,公司的产品开发流程是什么？,0,YES,YES
2026-06-15 19:30:16,这个文档主要讲什么内容？,0,YES,YES
2026-06-15 19:30:16,公司的主要销售模式是什么？,0,YES,YES
2026-06-15 19:30:16,公司的主要销售模式是什么？,0,YES,YES
2026-06-15 19:30:16,公司的技术创新机制是什么？,0,YES,YES
2026-06-15 19:30:16,公司的技术创新机制是什么？,0,YES,YES
2026-06-15 19:30:17,公司的主要销售模式是什么？,0,YES,YES
2026-06-15 19:30:17,公司的产品开发流程是什么？,0,YES,YES
2026-06-15 19:30:17,公司的主要业务是什么？,0,YES,YES
2026-06-15 19:30:17,公司的主要业务是什么？,0,YES,YES
2026-06-15 19:30:17,公司的业务运营模式是什么？,0,YES,YES
2026-06-15 19:30:17,这个文档主要讲什么内容？,0,YES,YES
2026-06-15 19:30:17,公司的产品开发流程是什么？,0,YES,YES
2026-06-15 19:30:17,公司的采购与关联交易情况如何？,0,YES,YES
2026-06-15 19:30:17,公司的业务运营模式是什么？,0,YES,YES
2026-06-15 19:30:17,公司的产品开发流程是什么？,0,YES,YES
2026-06-15 19:30:18,公司的产品开发流程是什么？,0,YES,YES
2026-06-15 19:30:18,公司的主要销售模式是什么？,0,YES,YES
2026-06-15 19:30:18,公司的业务运营模式是什么？,0,YES,YES
2026-06-15 19:30:18,公司的主要业务是什么？,0,YES,YES
2026-06-15 19:30:18,公司的技术创新机制是什么？,0,YES,YES
2026-06-15 19:30:18,公司的产品开发流程是什么？,0,YES,YES
2026-06-15 19:30:18,公司的技术创新机制是什么？,0,YES,YES
2026-06-15 19:30:18,公司的主要销售模式是什么？,0,YES,YES
2026-06-15 19:30:18,公司的采购与关联交易情况如何？,0,YES,YES
2026-06-15 19:30:18,公司的技术创新机制是什么？,0,YES,YES
2026-06-15 19:30:19,这个文档主要讲什么内容？,0,YES,YES
2026-06-15 19:30:19,公司的产品开发流程是什么？,0,YES,YES
2026-06-15 19:30:19,这个文档主要讲什么内容？,0,YES,YES
2026-06-15 19:30:19,公司的技术创新机制是什么？,0,YES,YES
2026-06-15 19:30:19,这个文档主要讲什么内容？,0,YES,YES
2026-06-15 19:30:19,公司的技术实力如何？,0,YES,YES
2026-06-15 19:30:19,公司的业务运营模式是什么？,242343,YES,NO
2026-06-15 19:30:19,公司的技术实力如何？,0,YES,YES
2026-06-15 19:30:19,公司的技术实力如何？,0,YES,YES
2026-06-15 19:30:20,公司的主要销售模式是什么？,0,YES,YES
2026-06-15 19:30:20,公司的技术创新机制是什么？,0,YES,YES
2026-06-15 19:30:20,公司的主要销售模式是什么？,0,YES,YES
2026-06-15 19:30:20,公司的主要销售模式是什么？,0,YES,YES
2026-06-15 19:30:20,公司的主要业务是什么？,0,YES,YES
2026-06-15 19:30:20,公司的产品开发流程是什么？,0,YES,YES
2026-06-15 19:30:20,公司的业务运营模式是什么？,0,YES,YES
2026-06-15 19:30:20,这个文档主要讲什么内容？,0,YES,YES
2026-06-15 19:30:20,公司的主要业务是什么？,0,YES,YES
2026-06-15 19:30:20,公司的采购与关联交易情况如何？,0,YES,YES
2026-06-15 19:30:20,公司的业务运营模式是什么？,0,YES,YES
2026-06-15 19:30:20,公司的采购与关联交易情况如何？,0,YES,YES
2026-06-15 19:30:21,公司的主要销售模式是什么？,0,YES,YES
2026-06-15 19:30:21,公司的采购与关联交易情况如何？,0,YES,YES
2026-06-15 19:30:21,公司的技术创新机制是什么？,0,YES,YES
2026-06-15 19:30:21,公司的产品开发流程是什么？,0,YES,YES
2026-06-15 19:30:21,公司的技术创新机制是什么？,0,YES,YES
2026-06-15 19:30:21,公司的产品开发流程是什么？,0,YES,YES
2026-06-15 19:30:21,公司的采购与关联交易情况如何？,0,YES,YES
2026-06-15 19:30:21,公司的采购与关联交易情况如何？,0,YES,YES
2026-06-15 19:30:22,公司的主要销售模式是什么？,0,YES,YES
2026-06-15 19:30:22,公司的产品开发流程是什么？,0,YES,YES
2026-06-15 19:30:22,公司的业务运营模式是什么？,0,YES,YES
2026-06-15 19:30:22,公司的技术创新机制是什么？,0,YES,YES
2026-06-15 19:30:22,公司的产品开发流程是什么？,0,YES,YES
2026-06-15 19:30:22,公司的技术实力如何？,0,YES,YES
2026-06-15 19:30:23,公司的技术实力如何？,0,YES,YES
2026-06-15 19:30:23,公司的主要业务是什么？,0,YES,YES
2026-06-15 19:30:23,公司的采购与关联交易情况如何？,0,YES,YES
2026-06-15 19:30:23,公司的技术创新机制是什么？,0,YES,YES
2026-06-15 19:30:23,这个文档主要讲什么内容？,0,YES,YES
2026-06-15 19:30:23,这个文档主要讲什么内容？,0,YES,YES
2026-06-15 19:30:23,公司的主要业务是什么？,0,YES,YES
2026-06-15 19:30:23,这个文档主要讲什么内容？,0,YES,YES
2026-06-15 19:30:23,公司的技术创新机制是什么？,0,YES,YES
2026-06-15 19:30:23,公司的主要业务是什么？,0,YES,YES
2026-06-15 19:30:23,公司的产品开发流程是什么？,0,YES,YES
2026-06-15 19:30:23,公司的采购与关联交易情况如何？,0,YES,YES
2026-06-15 19:30:23,公司的产品开发流程是什么？,0,YES,YES
2026-06-15 19:30:23,公司的主要业务是什么？,0,YES,YES
2026-06-15 19:30:24,公司的主要业务是什么？,0,YES,YES
2026-06-15 19:30:24,公司的采购与关联交易情况如何？,0,YES,YES
2026-06-15 19:30:24,公司的技术实力如何？,0,YES,YES
2026-06-15 19:30:24,公司的技术创新机制是什么？,0,YES,YES
2026-06-15 19:30:24,公司的技术创新机制是什么？,0,YES,YES
2026-06-15 19:30:24,公司的业务运营模式是什么？,0,YES,YES
2026-06-15 19:30:24,公司的主要销售模式是什么？,0,YES,YES
2026-06-15 19:30:24,公司的技术创新机制是什么？,0,YES,YES
2026-06-15 19:30:25,公司的主要业务是什么？,0,YES,YES
2026-06-15 19:30:25,公司的技术实力如何？,0,YES,YES
2026-06-15 19:30:25,公司的业务运营模式是什么？,0,YES,YES
2026-06-15 19:30:25,公司的主要业务是什么？,0,YES,YES
2026-06-15 19:30:25,公司的采购与关联交易情况如何？,0,YES,YES
2026-06-15 19:30:25,公司的主要销售模式是什么？,0,YES,YES
2026-06-15 19:30:25,公司的技术实力如何？,0,YES,YES
2026-06-15 19:30:25,公司的主要销售模式是什么？,0,YES,YES
2026-06-15 19:30:26,公司的采购与关联交易情况如何？,0,YES,YES
2026-06-15 19:30:26,公司的采购与关联交易情况如何？,0,YES,YES
2026-06-15 19:30:26,公司的主要业务是什么？,0,YES,YES
2026-06-15 19:30:26,公司的技术创新机制是什么？,0,YES,YES
2026-06-15 19:30:26,公司的业务运营模式是什么？,0,YES,YES
2026-06-15 19:30:26,公司的采购与关联交易情况如何？,0,YES,YES
2026-06-15 19:30:26,公司的技术实力如何？,0,YES,YES
2026-06-15 19:30:26,公司的技术实力如何？,0,YES,YES
2026-06-15 19:30:26,公司的技术实力如何？,0,YES,YES
2026-06-15 19:30:26,公司的业务运营模式是什么？,0,YES,YES
2026-06-15 19:30:26,公司的主要业务是什么？,0,YES,YES
2026-06-15 19:30:27,公司的产品开发流程是什么？,0,YES,YES
2026-06-15 19:30:27,公司的技术实力如何？,0,YES,YES
2026-06-15 19:30:27,公司的主要业务是什么？,0,YES,YES
2026-06-15 19:30:27,公司的业务运营模式是什么？,0,YES,YES
2026-06-15 19:30:27,这个文档主要讲什么内容？,0,YES,YES
2026-06-15 19:30:27,公司的采购与关联交易情况如何？,0,YES,YES
2026-06-15 19:30:27,公司的产品开发流程是什么？,0,YES,YES
2026-06-15 19:30:27,公司的产品开发流程是什么？,0,YES,YES
2026-06-15 19:30:27,这个文档主要讲什么内容？,0,YES,YES
2026-06-15 19:30:27,公司的技术实力如何？,0,YES,YES
2026-06-15 19:30:28,公司的业务运营模式是什么？,0,YES,YES
2026-06-15 19:30:28,这个文档主要讲什么内容？,0,YES,YES
2026-06-15 19:30:28,公司的业务运营模式是什么？,0,YES,YES
2026-06-15 19:30:28,这个文档主要讲什么内容？,0,YES,YES
2026-06-15 19:30:28,公司的主要业务是什么？,0,YES,YES
2026-06-15 19:30:28,公司的业务运营模式是什么？,0,YES,YES
2026-06-15 19:30:29,公司的采购与关联交易情况如何？,0,YES,YES
2026-06-15 19:30:29,公司的技术实力如何？,0,YES,YES
2026-06-15 19:30:29,公司的技术创新机制是什么？,0,YES,YES
2026-06-15 19:30:29,公司的技术实力如何？,0,YES,YES
2026-06-15 19:30:29,这个文档主要讲什么内容？,0,YES,YES
2026-06-15 19:30:29,公司的主要业务是什么？,0,YES,YES
2026-06-15 19:30:29,公司的主要销售模式是什么？,0,YES,YES
2026-06-15 19:30:29,公司的主要业务是什么？,0,YES,YES
2026-06-15 19:30:29,公司的业务运营模式是什么？,0,YES,YES
2026-06-15 19:30:29,公司的技术创新机制是什么？,0,YES,YES
2026-06-15 19:30:29,公司的主要销售模式是什么？,0,YES,YES
2026-06-15 19:30:29,公司的业务运营模式是什么？,0,YES,YES
2026-06-15 19:30:29,公司的技术创新机制是什么？,0,YES,YES
2026-06-15 19:30:30,这个文档主要讲什么内容？,0,YES,YES
2026-06-15 19:30:30,公司的主要销售模式是什么？,0,YES,YES
2026-06-15 19:30:30,公司的技术实力如何？,0,YES,YES
2026-06-15 19:30:30,公司的主要销售模式是什么？,0,YES,YES
2026-06-15 19:30:30,公司的主要业务是什么？,0,YES,YES
2026-06-15 19:30:30,这个文档主要讲什么内容？,0,YES,YES
2026-06-15 19:30:30,公司的产品开发流程是什么？,0,YES,YES
2026-06-15 19:30:31,公司的采购与关联交易情况如何？,0,YES,YES
2026-06-15 19:30:31,这个文档主要讲什么内容？,0,YES,YES
2026-06-15 19:30:31,公司的主要销售模式是什么？,0,YES,YES
2026-06-15 19:30:31,公司的业务运营模式是什么？,0,YES,YES
2026-06-15 19:30:31,公司的采购与关联交易情况如何？,0,YES,YES
2026-06-15 19:30:31,公司的技术实力如何？,0,YES,YES
2026-06-15 19:30:31,公司的产品开发流程是什么？,0,YES,YES
2026-06-15 19:30:31,公司的主要销售模式是什么？,0,YES,YES
2026-06-15 19:30:31,公司的业务运营模式是什么？,0,YES,YES
2026-06-15 19:30:31,这个文档主要讲什么内容？,0,YES,YES
2026-06-15 19:30:31,这个文档主要讲什么内容？,0,YES,YES
2026-06-15 19:30:32,公司的主要业务是什么？,0,YES,YES
2026-06-15 19:30:32,公司的产品开发流程是什么？,0,YES,YES
2026-06-15 19:30:32,公司的采购与关联交易情况如何？,0,YES,YES
2026-06-15 19:30:32,公司的技术实力如何？,0,YES,YES
2026-06-15 19:30:32,公司的技术实力如何？,0,YES,YES
2026-06-15 19:30:32,公司的产品开发流程是什么？,0,YES,YES
2026-06-15 19:30:32,公司的技术创新机制是什么？,0,YES,YES
2026-06-15 19:30:32,这个文档主要讲什么内容？,0,YES,YES
2026-06-15 19:30:32,公司的业务运营模式是什么？,0,YES,YES
2026-06-15 19:30:32,公司的产品开发流程是什么？,0,YES,YES
2026-06-15 19:30:32,公司的技术创新机制是什么？,0,YES,YES
2026-06-15 19:30:32,公司的主要销售模式是什么？,0,YES,YES
2026-06-15 19:30:33,公司的产品开发流程是什么？,0,YES,YES
2026-06-15 19:30:33,公司的主要销售模式是什么？,0,YES,YES
2026-06-15 19:30:33,公司的主要销售模式是什么？,0,YES,YES
2026-06-15 19:30:33,公司的业务运营模式是什么？,0,YES,YES
2026-06-15 19:30:33,这个文档主要讲什么内容？,0,YES,YES
2026-06-15 19:30:33,公司的主要销售模式是什么？,0,YES,YES
2026-06-15 19:30:33,公司的主要业务是什么？,0,YES,YES
2026-06-15 19:30:33,公司的技术创新机制是什么？,0,YES,YES
2026-06-15 19:30:33,公司的技术创新机制是什么？,0,YES,YES
2026-06-15 19:30:34,公司的采购与关联交易情况如何？,0,YES,YES
2026-06-15 19:30:34,公司的产品开发流程是什么？,0,YES,YES
2026-06-15 19:30:34,公司的业务运营模式是什么？,0,YES,YES
2026-06-15 19:30:34,这个文档主要讲什么内容？,0,YES,YES
2026-06-15 19:30:34,公司的主要业务是什么？,0,YES,YES
2026-06-15 19:30:34,公司的技术实力如何？,0,YES,YES
2026-06-15 19:30:34,这个文档主要讲什么内容？,0,YES,YES
2026-06-15 19:30:34,公司的产品开发流程是什么？,0,YES,YES
2026-06-15 19:30:34,公司的采购与关联交易情况如何？,0,YES,YES
2026-06-15 19:30:34,公司的采购与关联交易情况如何？,0,YES,YES
2026-06-15 19:30:34,公司的主要销售模式是什么？,0,YES,YES
2026-06-15 19:30:35,公司的技术创新机制是什么？,0,YES,YES
2026-06-15 19:30:35,公司的产品开发流程是什么？,0,YES,YES
2026-06-15 19:30:35,公司的主要销售模式是什么？,0,YES,YES
2026-06-15 19:30:35,公司的技术创新机制是什么？,0,YES,YES
2026-06-15 19:30:35,公司的业务运营模式是什么？,0,YES,YES
2026-06-15 19:30:35,公司的技术实力如何？,0,YES,YES
2026-06-15 19:30:35,公司的主要销售模式是什么？,0,YES,YES
2026-06-15 19:30:35,公司的采购与关联交易情况如何？,0,YES,YES
2026-06-15 19:30:35,公司的技术创新机制是什么？,0,YES,YES
2026-06-15 19:30:36,公司的产品开发流程是什么？,0,YES,YES
2026-06-15 19:30:36,公司的主要业务是什么？,0,YES,YES
2026-06-15 19:30:36,公司的业务运营模式是什么？,0,YES,YES
2026-06-15 19:30:36,公司的技术实力如何？,0,YES,YES
2026-06-15 19:30:36,公司的主要销售模式是什么？,0,YES,YES
2026-06-15 19:30:36,公司的技术创新机制是什么？,0,YES,YES
2026-06-15 19:30:37,这个文档主要讲什么内容？,0,YES,YES
2026-06-15 19:30:37,公司的主要业务是什么？,0,YES,YES
2026-06-15 19:30:37,公司的采购与关联交易情况如何？,0,YES,YES
2026-06-15 19:30:37,公司的技术实力如何？,0,YES,YES
2026-06-15 19:30:37,公司的主要业务是什么？,0,YES,YES
2026-06-15 19:30:37,公司的产品开发流程是什么？,0,YES,YES
2026-06-15 19:30:37,公司的采购与关联交易情况如何？,0,YES,YES
2026-06-15 19:30:37,公司的产品开发流程是什么？,0,YES,YES
2026-06-15 19:30:37,公司的主要业务是什么？,0,YES,YES
2026-06-15 19:30:37,公司的采购与关联交易情况如何？,0,YES,YES
2026-06-15 19:30:37,公司的产品开发流程是什么？,0,YES,YES
2026-06-15 19:30:37,公司的技术创新机制是什么？,0,YES,YES
2026-06-15 19:30:37,这个文档主要讲什么内容？,0,YES,YES
2026-06-15 19:30:37,公司的技术创新机制是什么？,0,YES,YES
2026-06-15 19:30:38,公司的业务运营模式是什么？,0,YES,YES
2026-06-15 19:30:38,公司的业务运营模式是什么？,0,YES,YES
2026-06-15 19:30:38,公司的主要业务是什么？,0,YES,YES
2026-06-15 19:30:38,公司的技术实力如何？,0,YES,YES
2026-06-15 19:30:38,这个文档主要讲什么内容？,0,YES,YES
2026-06-15 19:30:38,公司的主要销售模式是什么？,0,YES,YES
2026-06-15 19:30:39,公司的技术实力如何？,0,YES,YES
2026-06-15 19:30:39,公司的主要销售模式是什么？,0,YES,YES
2026-06-15 19:30:39,公司的主要业务是什么？,0,YES,YES
2026-06-15 19:30:39,公司的主要业务是什么？,0,YES,YES
2026-06-15 19:30:39,公司的技术创新机制是什么？,0,YES,YES
2026-06-15 19:30:39,公司的业务运营模式是什么？,0,YES,YES
2026-06-15 19:30:39,公司的产品开发流程是什么？,0,YES,YES
2026-06-15 19:30:39,公司的采购与关联交易情况如何？,0,YES,YES
2026-06-15 19:30:39,这个文档主要讲什么内容？,0,YES,YES
2026-06-15 19:30:39,公司的技术实力如何？,0,YES,YES
2026-06-15 19:30:39,公司的技术实力如何？,0,YES,YES
2026-06-15 19:30:40,这个文档主要讲什么内容？,0,YES,YES
2026-06-15 19:30:40,公司的技术创新机制是什么？,0,YES,YES
2026-06-15 19:30:40,公司的技术创新机制是什么？,0,YES,YES
2026-06-15 19:30:40,公司的业务运营模式是什么？,0,YES,YES
2026-06-15 19:30:40,这个文档主要讲什么内容？,0,YES,YES
2026-06-15 19:30:40,公司的采购与关联交易情况如何？,0,YES,YES
2026-06-15 19:30:40,公司的采购与关联交易情况如何？,0,YES,YES
2026-06-15 19:30:40,公司的采购与关联交易情况如何？,0,YES,YES
2026-06-15 19:30:40,公司的主要销售模式是什么？,0,YES,YES
2026-06-15 19:30:40,公司的主要业务是什么？,0,YES,YES
2026-06-15 19:30:41,公司的产品开发流程是什么？,0,YES,YES
2026-06-15 19:30:41,公司的业务运营模式是什么？,0,YES,YES
2026-06-15 19:30:41,公司的技术实力如何？,0,YES,YES
2026-06-15 19:30:41,公司的主要销售模式是什么？,0,YES,YES
2026-06-15 19:30:41,公司的采购与关联交易情况如何？,0,YES,YES
2026-06-15 19:30:41,公司的主要销售模式是什么？,0,YES,YES
2026-06-15 19:30:41,公司的业务运营模式是什么？,0,YES,YES
2026-06-15 19:30:41,公司的产品开发流程是什么？,0,YES,YES
2026-06-15 19:30:41,公司的主要业务是什么？,0,YES,YES
2026-06-15 19:30:41,公司的技术实力如何？,0,YES,YES
2026-06-15 19:30:41,公司的产品开发流程是什么？,0,YES,YES
2026-06-15 19:30:42,公司的业务运营模式是什么？,0,YES,YES
2026-06-15 19:30:42,公司的技术创新机制是什么？,0,YES,YES
2026-06-15 19:30:42,公司的主要业务是什么？,0,YES,YES
2026-06-15 19:30:42,公司的采购与关联交易情况如何？,0,YES,YES
2026-06-15 19:30:42,这个文档主要讲什么内容？,0,YES,YES
2026-06-15 19:30:42,公司的主要业务是什么？,0,YES,YES
2026-06-15 19:30:42,公司的主要销售模式是什么？,0,YES,YES
2026-06-15 19:30:42,这个文档主要讲什么内容？,0,YES,YES
2026-06-15 19:30:43,公司的技术创新机制是什么？,0,YES,YES
2026-06-15 19:30:43,公司的技术实力如何？,0,YES,YES
2026-06-15 19:30:43,公司的技术实力如何？,0,YES,YES
2026-06-15 19:30:43,这个文档主要讲什么内容？,0,YES,YES
2026-06-15 19:30:43,公司的技术创新机制是什么？,0,YES,YES
2026-06-15 19:30:43,公司的产品开发流程是什么？,0,YES,YES
2026-06-15 19:30:43,公司的技术实力如何？,0,YES,YES
2026-06-15 19:30:43,公司的采购与关联交易情况如何？,0,YES,YES
2026-06-15 19:30:43,公司的技术创新机制是什么？,0,YES,YES
2026-06-15 19:30:43,公司的业务运营模式是什么？,0,YES,YES
2026-06-15 19:30:43,公司的业务运营模式是什么？,0,YES,YES
2026-06-15 19:30:43,这个文档主要讲什么内容？,0,YES,YES
2026-06-15 19:30:43,公司的主要销售模式是什么？,0,YES,YES
2026-06-15 19:30:44,公司的产品开发流程是什么？,0,YES,YES
2026-06-15 19:30:44,公司的产品开发流程是什么？,0,YES,YES
2026-06-15 19:30:44,公司的主要业务是什么？,0,YES,YES
2026-06-15 19:30:44,公司的业务运营模式是什么？,0,YES,YES
2026-06-15 19:30:44,公司的采购与关联交易情况如何？,0,YES,YES
2026-06-15 19:30:44,公司的技术实力如何？,0,YES,YES
2026-06-15 19:30:44,公司的主要销售模式是什么？,0,YES,YES
2026-06-15 19:30:44,公司的采购与关联交易情况如何？,0,YES,YES
2026-06-15 19:30:45,公司的主要业务是什么？,0,YES,YES
2026-06-15 19:30:45,公司的技术创新机制是什么？,0,YES,YES
2026-06-15 19:30:45,公司的主要销售模式是什么？,0,YES,YES
2026-06-15 19:30:45,公司的产品开发流程是什么？,0,YES,YES
2026-06-15 19:30:45,公司的主要销售模式是什么？,0,YES,YES
2026-06-15 19:30:45,公司的业务运营模式是什么？,0,YES,YES
2026-06-15 19:30:45,公司的业务运营模式是什么？,0,YES,YES
2026-06-15 19:30:45,公司的技术实力如何？,0,YES,YES
2026-06-15 19:30:45,这个文档主要讲什么内容？,0,YES,YES
2026-06-15 19:30:45,公司的采购与关联交易情况如何？,0,YES,YES
2026-06-15 19:30:45,公司的技术创新机制是什么？,0,YES,YES
2026-06-15 19:30:46,这个文档主要讲什么内容？,0,YES,YES
2026-06-15 19:30:46,这个文档主要讲什么内容？,0,YES,YES
2026-06-15 19:30:46,公司的主要业务是什么？,0,YES,YES
2026-06-15 19:30:46,公司的主要业务是什么？,0,YES,YES
2026-06-15 19:30:46,公司的技术创新机制是什么？,0,YES,YES
2026-06-15 19:30:46,这个文档主要讲什么内容？,0,YES,YES
2026-06-15 19:30:47,公司的产品开发流程是什么？,0,YES,YES
2026-06-15 19:30:47,公司的主要销售模式是什么？,0,YES,YES
2026-06-15 19:30:47,公司的主要业务是什么？,0,YES,YES
2026-06-15 19:30:47,公司的采购与关联交易情况如何？,0,YES,YES
2026-06-15 19:30:47,公司的技术创新机制是什么？,0,YES,YES
2026-06-15 19:30:47,公司的技术实力如何？,0,YES,YES
2026-06-15 19:30:47,公司的产品开发流程是什么？,0,YES,YES
2026-06-15 19:30:47,公司的主要销售模式是什么？,0,YES,YES
2026-06-15 19:30:47,公司的业务运营模式是什么？,0,YES,YES
2026-06-15 19:30:47,公司的技术实力如何？,0,YES,YES
2026-06-15 19:30:47,这个文档主要讲什么内容？,0,YES,YES
2026-06-15 19:30:48,公司的产品开发流程是什么？,0,YES,YES
2026-06-15 19:30:48,公司的主要销售模式是什么？,0,YES,YES
2026-06-15 19:30:48,公司的业务运营模式是什么？,0,YES,YES
2026-06-15 19:30:48,公司的主要业务是什么？,0,YES,YES
2026-06-15 19:30:48,公司的主要销售模式是什么？,0,YES,YES
2026-06-15 19:30:48,公司的采购与关联交易情况如何？,0,YES,YES
2026-06-15 19:30:48,公司的技术实力如何？,0,YES,YES
2026-06-15 19:30:48,这个文档主要讲什么内容？,0,YES,YES
2026-06-15 19:30:48,公司的技术创新机制是什么？,0,YES,YES
2026-06-15 19:30:48,公司的采购与关联交易情况如何？,0,YES,YES
2026-06-15 19:30:49,公司的业务运营模式是什么？,0,YES,YES
2026-06-15 19:30:49,公司的产品开发流程是什么？,0,YES,YES
2026-06-15 19:30:49,公司的技术实力如何？,0,YES,YES
2026-06-15 19:30:49,公司的技术创新机制是什么？,0,YES,YES
2026-06-15 19:30:49,公司的技术创新机制是什么？,0,YES,YES
2026-06-15 19:30:49,公司的技术实力如何？,0,YES,YES
2026-06-15 19:30:49,公司的采购与关联交易情况如何？,0,YES,YES
2026-06-15 19:30:49,公司的主要业务是什么？,0,YES,YES
2026-06-15 19:30:50,公司的业务运营模式是什么？,0,YES,YES
2026-06-15 19:30:50,公司的产品开发流程是什么？,0,YES,YES
2026-06-15 19:30:50,公司的主要业务是什么？,0,YES,YES
2026-06-15 19:30:50,公司的采购与关联交易情况如何？,0,YES,YES
2026-06-15 19:30:50,公司的产品开发流程是什么？,0,YES,YES
2026-06-15 19:30:50,这个文档主要讲什么内容？,0,YES,YES
2026-06-15 19:30:50,公司的采购与关联交易情况如何？,0,YES,YES
2026-06-15 19:30:50,公司的业务运营模式是什么？,0,YES,YES
2026-06-15 19:30:50,公司的主要销售模式是什么？,0,YES,YES
2026-06-15 19:30:50,公司的技术创新机制是什么？,0,YES,YES
2026-06-15 19:30:50,公司的主要销售模式是什么？,0,YES,YES
2026-06-15 19:30:51,公司的产品开发流程是什么？,0,YES,YES
2026-06-15 19:30:51,这个文档主要讲什么内容？,0,YES,YES
2026-06-15 19:30:51,公司的主要业务是什么？,0,YES,YES
2026-06-15 19:30:51,公司的技术实力如何？,0,YES,YES
2026-06-15 19:30:51,公司的采购与关联交易情况如何？,0,YES,YES
2026-06-15 19:30:51,公司的业务运营模式是什么？,0,YES,YES
2026-06-15 19:30:51,公司的主要业务是什么？,0,YES,YES
2026-06-15 19:30:51,公司的技术创新机制是什么？,0,YES,YES
2026-06-15 19:30:51,公司的产品开发流程是什么？,0,YES,YES
2026-06-15 19:30:52,公司的技术实力如何？,0,YES,YES
2026-06-15 19:30:52,这个文档主要讲什么内容？,0,YES,YES
2026-06-15 19:30:52,公司的产品开发流程是什么？,0,YES,YES
2026-06-15 19:30:52,这个文档主要讲什么内容？,0,YES,YES
2026-06-15 19:30:52,公司的主要业务是什么？,0,YES,YES
2026-06-15 19:30:52,公司的业务运营模式是什么？,0,YES,YES
2026-06-15 19:30:53,公司的技术实力如何？,0,YES,YES
2026-06-15 19:30:53,公司的主要销售模式是什么？,0,YES,YES
2026-06-15 19:30:53,公司的技术实力如何？,0,YES,YES
2026-06-15 19:30:53,公司的采购与关联交易情况如何？,0,YES,YES
2026-06-15 19:30:53,公司的主要业务是什么？,0,YES,YES
2026-06-15 19:30:53,公司的主要销售模式是什么？,0,YES,YES
2026-06-15 19:30:53,公司的业务运营模式是什么？,0,YES,YES
2026-06-15 19:30:53,这个文档主要讲什么内容？,0,YES,YES
2026-06-15 19:30:54,公司的业务运营模式是什么？,0,YES,YES
2026-06-15 19:30:54,公司的主要销售模式是什么？,0,YES,YES
2026-06-15 19:30:54,公司的业务运营模式是什么？,0,YES,YES
2026-06-15 19:30:54,公司的主要业务是什么？,0,YES,YES
2026-06-15 19:30:54,公司的主要销售模式是什么？,0,YES,YES
2026-06-15 19:30:54,公司的产品开发流程是什么？,0,YES,YES
2026-06-15 19:30:54,公司的主要业务是什么？,0,YES,YES
2026-06-15 19:30:54,公司的技术实力如何？,0,YES,YES
2026-06-15 19:30:54,公司的技术实力如何？,0,YES,YES
2026-06-15 19:30:55,这个文档主要讲什么内容？,0,YES,YES
2026-06-15 19:30:55,公司的产品开发流程是什么？,0,YES,YES
2026-06-15 19:30:55,公司的产品开发流程是什么？,0,YES,YES
2026-06-15 19:30:55,这个文档主要讲什么内容？,0,YES,YES
2026-06-15 19:30:55,公司的主要销售模式是什么？,0,YES,YES
2026-06-15 19:30:55,公司的业务运营模式是什么？,0,YES,YES
2026-06-15 19:30:56,公司的技术实力如何？,0,YES,YES
2026-06-15 19:30:56,公司的产品开发流程是什么？,0,YES,YES
2026-06-15 19:30:56,这个文档主要讲什么内容？,0,YES,YES
2026-06-15 19:30:56,公司的技术实力如何？,0,YES,YES
2026-06-15 19:30:56,公司的主要销售模式是什么？,0,YES,YES
2026-06-15 19:30:57,这个文档主要讲什么内容？,0,YES,YES
2026-06-15 19:30:57,公司的主要销售模式是什么？,0,YES,YES
2026-06-15 19:30:57,公司的业务运营模式是什么？,0,YES,YES
2026-06-15 19:30:57,公司的业务运营模式是什么？,0,YES,YES
2026-06-15 19:30:57,公司的业务运营模式是什么？,0,YES,YES
2026-06-15 19:30:57,这个文档主要讲什么内容？,0,YES,YES
2026-06-15 19:30:58,公司的产品开发流程是什么？,0,YES,YES
2026-06-15 19:30:58,公司的主要销售模式是什么？,0,YES,YES
2026-06-15 19:30:58,公司的产品开发流程是什么？,0,YES,YES
2026-06-15 19:30:58,公司的业务运营模式是什么？,0,YES,YES
2026-06-15 19:30:58,公司的主要销售模式是什么？,0,YES,YES
2026-06-15 19:30:59,这个文档主要讲什么内容？,0,YES,YES
2026-06-15 19:30:59,这个文档主要讲什么内容？,0,YES,YES
2026-06-15 19:30:59,公司的产品开发流程是什么？,0,YES,YES
2026-06-15 19:31:00,公司的产品开发流程是什么？,0,YES,YES
2026-06-15 19:31:00,这个文档主要讲什么内容？,0,YES,YES
2026-06-15 19:31:00,这个文档主要讲什么内容？,0,YES,YES
2026-06-15 19:31:00,公司的主要销售模式是什么？,0,YES,YES
2026-06-15 19:31:01,公司的主要销售模式是什么？,0,YES,YES
2026-06-15 19:31:01,公司的主要销售模式是什么？,0,YES,YES
2026-06-15 19:31:01,公司的产品开发流程是什么？,0,YES,YES
2026-06-15 19:31:01,公司的主要销售模式是什么？,0,YES,YES
2026-06-15 19:31:02,公司的主要销售模式是什么？,0,YES,YES
2026-06-15 19:31:02,公司的产品开发流程是什么？,0,YES,YES
2026-06-15 19:31:02,公司的产品开发流程是什么？,0,YES,YES
2026-06-15 19:31:03,公司的采购与关联交易情况如何？,9293,YES,NO
2026-06-15 19:31:03,公司的产品开发流程是什么？,0,YES,YES
2026-06-15 19:31:04,公司的产品开发流程是什么？,0,YES,YES
2026-06-15 19:31:04,公司的技术创新机制是什么？,9980,YES,NO
2026-06-15 19:31:04,公司的技术创新机制是什么？,0,YES,YES
2026-06-15 19:31:04,公司的产品开发流程是什么？,0,YES,YES
2026-06-15 19:31:05,公司的主要业务是什么？,0,YES,YES
2026-06-15 19:31:06,公司的技术创新机制是什么？,0,YES,YES
2026-06-15 19:31:06,公司的采购与关联交易情况如何？,0,YES,YES
2026-06-15 19:31:06,公司的技术创新机制是什么？,0,YES,YES
2026-06-15 19:31:06,公司的技术实力如何？,0,YES,YES
2026-06-15 19:31:07,公司的技术创新机制是什么？,0,YES,YES
2026-06-15 19:31:07,公司的采购与关联交易情况如何？,0,YES,YES
2026-06-15 19:31:07,公司的主要业务是什么？,0,YES,YES
2026-06-15 19:31:07,公司的采购与关联交易情况如何？,0,YES,YES
2026-06-15 19:31:08,公司的业务运营模式是什么？,0,YES,YES
2026-06-15 19:31:08,公司的主要业务是什么？,0,YES,YES
2026-06-15 19:31:08,公司的技术创新机制是什么？,8721,YES,NO
2026-06-15 19:31:08,公司的技术创新机制是什么？,14884,YES,NO
2026-06-15 19:31:08,公司的采购与关联交易情况如何？,0,YES,YES
2026-06-15 19:31:09,公司的采购与关联交易情况如何？,0,YES,YES
2026-06-15 19:31:10,公司的技术实力如何？,0,YES,YES
2026-06-15 19:31:10,公司的技术实力如何？,0,YES,YES
2026-06-15 19:31:10,公司的主要业务是什么？,0,YES,YES
2026-06-15 19:31:11,公司的采购与关联交易情况如何？,0,YES,YES
2026-06-15 19:31:11,这个文档主要讲什么内容？,0,YES,YES
2026-06-15 19:31:11,公司的主要业务是什么？,0,YES,YES
2026-06-15 19:31:11,公司的业务运营模式是什么？,0,YES,YES
2026-06-15 19:31:11,公司的采购与关联交易情况如何？,0,YES,YES
2026-06-15 19:31:11,公司的主要业务是什么？,0,YES,YES
2026-06-15 19:31:12,公司的主要业务是什么？,0,YES,YES
2026-06-15 19:31:12,公司的业务运营模式是什么？,0,YES,YES
2026-06-15 19:31:12,公司的主要业务是什么？,0,YES,YES
2026-06-15 19:31:12,公司的技术实力如何？,0,YES,YES
2026-06-15 19:31:13,公司的主要销售模式是什么？,0,YES,YES
2026-06-15 19:31:13,公司的技术创新机制是什么？,16477,YES,NO
2026-06-15 19:31:13,公司的技术实力如何？,0,YES,YES
2026-06-15 19:31:13,这个文档主要讲什么内容？,0,YES,YES
2026-06-15 19:31:13,公司的技术实力如何？,0,YES,YES
2026-06-15 19:31:13,公司的技术创新机制是什么？,11217,YES,NO
2026-06-15 19:31:14,这个文档主要讲什么内容？,0,YES,YES
2026-06-15 19:31:14,公司的技术实力如何？,0,YES,YES
2026-06-15 19:31:15,公司的技术实力如何？,0,YES,YES
2026-06-15 19:31:15,公司的业务运营模式是什么？,0,YES,YES
2026-06-15 19:31:15,公司的业务运营模式是什么？,0,YES,YES
2026-06-15 19:31:15,公司的主要销售模式是什么？,0,YES,YES
2026-06-15 19:31:15,公司的技术创新机制是什么？,23171,YES,NO
2026-06-15 19:31:15,公司的产品开发流程是什么？,0,YES,YES
2026-06-15 19:31:15,公司的采购与关联交易情况如何？,0,YES,YES
2026-06-15 19:31:15,公司的采购与关联交易情况如何？,0,YES,YES
2026-06-15 19:31:16,公司的业务运营模式是什么？,0,YES,YES
2026-06-15 19:31:16,公司的主要销售模式是什么？,0,YES,YES
2026-06-15 19:31:16,公司的业务运营模式是什么？,0,YES,YES
2026-06-15 19:31:16,公司的业务运营模式是什么？,0,YES,YES
2026-06-15 19:31:16,公司的技术创新机制是什么？,0,YES,YES
2026-06-15 19:31:17,公司的产品开发流程是什么？,0,YES,YES
2026-06-15 19:31:17,公司的技术创新机制是什么？,19464,YES,NO
2026-06-15 19:31:17,这个文档主要讲什么内容？,0,YES,YES
2026-06-15 19:31:17,公司的技术创新机制是什么？,13270,YES,NO
2026-06-15 19:31:17,这个文档主要讲什么内容？,0,YES,YES
2026-06-15 19:31:17,这个文档主要讲什么内容？,0,YES,YES
2026-06-15 19:31:18,公司的技术创新机制是什么？,23752,YES,NO
2026-06-15 19:31:18,这个文档主要讲什么内容？,0,YES,YES
2026-06-15 19:31:18,公司的采购与关联交易情况如何？,0,YES,YES
2026-06-15 19:31:18,这个文档主要讲什么内容？,0,YES,YES
2026-06-15 19:31:18,公司的主要销售模式是什么？,0,YES,YES
2026-06-15 19:31:19,公司的产品开发流程是什么？,0,YES,YES
2026-06-15 19:31:19,公司的技术创新机制是什么？,0,YES,YES
2026-06-15 19:31:19,公司的采购与关联交易情况如何？,0,YES,YES
2026-06-15 19:31:19,公司的主要销售模式是什么？,0,YES,YES
2026-06-15 19:31:19,公司的采购与关联交易情况如何？,0,YES,YES
2026-06-15 19:31:20,公司的技术创新机制是什么？,0,YES,YES
2026-06-15 19:31:20,公司的产品开发流程是什么？,0,YES,YES
2026-06-15 19:31:20,公司的主要销售模式是什么？,0,YES,YES
2026-06-15 19:31:20,公司的采购与关联交易情况如何？,0,YES,YES
2026-06-15 19:31:20,公司的主要销售模式是什么？,0,YES,YES
2026-06-15 19:31:20,公司的主要销售模式是什么？,0,YES,YES
2026-06-15 19:31:21,公司的技术创新机制是什么？,23496,YES,NO
2026-06-15 19:31:21,公司的采购与关联交易情况如何？,0,YES,YES
2026-06-15 19:31:21,公司的业务运营模式是什么？,304004,YES,NO
2026-06-15 19:31:22,公司的采购与关联交易情况如何？,0,YES,YES
2026-06-15 19:31:22,公司的产品开发流程是什么？,0,YES,YES
2026-06-15 19:31:22,公司的产品开发流程是什么？,0,YES,YES
2026-06-15 19:31:22,公司的采购与关联交易情况如何？,0,YES,YES
2026-06-15 19:31:22,公司的产品开发流程是什么？,0,YES,YES
2026-06-15 19:31:22,这个文档主要讲什么内容？,0,YES,YES
2026-06-15 19:31:22,公司的产品开发流程是什么？,0,YES,YES
2026-06-15 19:31:23,公司的技术创新机制是什么？,0,YES,YES
2026-06-15 19:31:23,公司的采购与关联交易情况如何？,0,YES,YES
2026-06-15 19:31:23,公司的技术创新机制是什么？,0,YES,YES
2026-06-15 19:31:24,公司的技术创新机制是什么？,0,YES,YES
2026-06-15 19:31:24,公司的主要业务是什么？,6954,YES,NO
2026-06-15 19:31:24,公司的主要销售模式是什么？,0,YES,YES
2026-06-15 19:31:24,公司的技术创新机制是什么？,0,YES,YES
2026-06-15 19:31:24,公司的主要业务是什么？,0,YES,YES
2026-06-15 19:31:25,公司的技术创新机制是什么？,26857,YES,NO
2026-06-15 19:31:25,公司的技术创新机制是什么？,0,YES,YES
2026-06-15 19:31:25,公司的采购与关联交易情况如何？,0,YES,YES
2026-06-15 19:31:25,公司的主要业务是什么？,8676,YES,NO
2026-06-15 19:31:26,公司的技术创新机制是什么？,24559,YES,NO
2026-06-15 19:31:26,公司的主要业务是什么？,0,YES,YES
2026-06-15 19:31:26,公司的采购与关联交易情况如何？,0,YES,YES
2026-06-15 19:31:26,公司的采购与关联交易情况如何？,0,YES,YES
2026-06-15 19:31:26,公司的产品开发流程是什么？,0,YES,YES
2026-06-15 19:31:26,公司的采购与关联交易情况如何？,0,YES,YES
2026-06-15 19:31:26,公司的主要业务是什么？,6048,YES,NO
2026-06-15 19:31:27,公司的采购与关联交易情况如何？,0,YES,YES
2026-06-15 19:31:27,公司的采购与关联交易情况如何？,0,YES,YES
2026-06-15 19:31:27,公司的主要业务是什么？,0,YES,YES
2026-06-15 19:31:28,公司的采购与关联交易情况如何？,0,YES,YES
2026-06-15 19:31:28,公司的主要业务是什么？,0,YES,YES
2026-06-15 19:31:28,公司的主要业务是什么？,0,YES,YES
2026-06-15 19:31:28,公司的主要业务是什么？,0,YES,YES
2026-06-15 19:31:28,公司的技术创新机制是什么？,0,YES,YES
2026-06-15 19:31:28,公司的主要业务是什么？,0,YES,YES
2026-06-15 19:31:29,公司的主要业务是什么？,0,YES,YES
2026-06-15 19:31:29,公司的主要业务是什么？,0,YES,YES
2026-06-15 19:31:30,公司的采购与关联交易情况如何？,0,YES,YES
2026-06-15 19:31:32,公司的技术创新机制是什么？,31545,YES,NO
2026-06-15 19:31:32,公司的主要业务是什么？,0,YES,YES
2026-06-15 19:31:34,公司的采购与关联交易情况如何？,0,YES,YES
2026-06-15 19:31:36,公司的主要业务是什么？,15142,YES,NO
2026-06-15 19:31:37,公司的主要业务是什么？,0,YES,YES
2026-06-15 19:31:44,公司的技术创新机制是什么？,39925,YES,NO
2026-06-15 19:31:47,公司的采购与关联交易情况如何？,0,YES,YES
2026-06-15 19:31:48,公司的主要业务是什么？,0,YES,YES
2026-06-15 19:32:30,公司的技术实力如何？,61919,YES,NO
2026-06-15 19:32:31,公司的业务运营模式是什么？,0,YES,YES
2026-06-15 19:32:33,这个文档主要讲什么内容？,0,YES,YES
2026-06-15 19:32:34,公司的主要销售模式是什么？,0,YES,YES
2026-06-15 19:32:35,公司的产品开发流程是什么？,0,YES,YES
2026-06-15 19:32:38,公司的技术创新机制是什么？,0,YES,YES
2026-06-15 19:32:40,公司的采购与关联交易情况如何？,0,YES,YES
2026-06-15 19:32:43,公司的主要业务是什么？,0,YES,YES
2026-06-15 19:32:44,公司的技术实力如何？,78912,YES,NO
2026-06-15 19:32:45,公司的技术实力如何？,0,YES,YES
2026-06-15 19:32:47,公司的业务运营模式是什么？,0,YES,YES
2026-06-15 19:32:48,公司的业务运营模式是什么？,0,YES,YES
2026-06-15 19:32:49,这个文档主要讲什么内容？,0,YES,YES
2026-06-15 19:32:50,这个文档主要讲什么内容？,0,YES,YES
2026-06-15 19:32:51,公司的技术实力如何？,84382,YES,NO
2026-06-15 19:32:51,公司的主要销售模式是什么？,0,YES,YES
2026-06-15 19:32:51,公司的主要销售模式是什么？,0,YES,YES
2026-06-15 19:32:54,公司的业务运营模式是什么？,0,YES,YES
2026-06-15 19:32:57,这个文档主要讲什么内容？,0,YES,YES
2026-06-15 19:32:58,公司的主要销售模式是什么？,0,YES,YES
2026-06-15 19:33:03,公司的产品开发流程是什么？,10366,YES,NO
2026-06-15 19:33:03,公司的技术实力如何？,97329,YES,NO
2026-06-15 19:33:04,公司的业务运营模式是什么？,0,YES,YES
2026-06-15 19:33:05,公司的技术创新机制是什么？,0,YES,YES
2026-06-15 19:33:05,公司的主要业务是什么？,103932,YES,NO
2026-06-15 19:33:06,这个文档主要讲什么内容？,0,YES,YES
2026-06-15 19:33:07,公司的技术实力如何？,0,YES,YES
2026-06-15 19:33:07,公司的采购与关联交易情况如何？,0,YES,YES
2026-06-15 19:33:08,公司的技术实力如何？,100753,YES,NO
2026-06-15 19:33:08,公司的主要销售模式是什么？,0,YES,YES
2026-06-15 19:33:09,公司的主要业务是什么？,0,YES,YES
2026-06-15 19:33:09,公司的业务运营模式是什么？,0,YES,YES
2026-06-15 19:33:09,公司的产品开发流程是什么？,0,YES,YES
2026-06-15 19:33:11,公司的技术实力如何？,0,YES,YES
2026-06-15 19:33:11,公司的技术创新机制是什么？,0,YES,YES
2026-06-15 19:33:11,公司的业务运营模式是什么？,0,YES,YES
2026-06-15 19:33:12,这个文档主要讲什么内容？,0,YES,YES
2026-06-15 19:33:12,公司的采购与关联交易情况如何？,0,YES,YES
2026-06-15 19:33:13,公司的业务运营模式是什么？,0,YES,YES
2026-06-15 19:33:13,公司的主要销售模式是什么？,0,YES,YES
2026-06-15 19:33:14,公司的产品开发流程是什么？,12360,YES,NO
2026-06-15 19:33:14,这个文档主要讲什么内容？,0,YES,YES
2026-06-15 19:33:14,这个文档主要讲什么内容？,0,YES,YES
2026-06-15 19:33:15,公司的主要业务是什么？,0,YES,YES
2026-06-15 19:33:15,公司的技术创新机制是什么？,0,YES,YES
2026-06-15 19:33:15,公司的产品开发流程是什么？,0,YES,YES
2026-06-15 19:33:15,公司的主要销售模式是什么？,0,YES,YES
2026-06-15 19:33:15,公司的产品开发流程是什么？,21874,YES,NO
2026-06-15 19:33:16,公司的技术实力如何？,105995,YES,NO
2026-06-15 19:33:16,公司的主要销售模式是什么？,0,YES,YES
2026-06-15 19:33:17,公司的技术实力如何？,0,YES,YES
2026-06-15 19:33:17,公司的产品开发流程是什么？,0,YES,YES
2026-06-15 19:33:17,公司的技术创新机制是什么？,0,YES,YES
2026-06-15 19:33:17,公司的技术创新机制是什么？,0,YES,YES
2026-06-15 19:33:17,公司的采购与关联交易情况如何？,0,YES,YES
2026-06-15 19:33:18,公司的技术创新机制是什么？,0,YES,YES
2026-06-15 19:33:18,公司的业务运营模式是什么？,0,YES,YES
2026-06-15 19:33:18,公司的产品开发流程是什么？,0,YES,YES
2026-06-15 19:33:19,公司的主要业务是什么？,0,YES,YES
2026-06-15 19:33:19,公司的采购与关联交易情况如何？,0,YES,YES
2026-06-15 19:33:19,公司的业务运营模式是什么？,0,YES,YES
2026-06-15 19:33:20,公司的采购与关联交易情况如何？,0,YES,YES
2026-06-15 19:33:20,公司的采购与关联交易情况如何？,0,YES,YES
2026-06-15 19:33:20,这个文档主要讲什么内容？,0,YES,YES
2026-06-15 19:33:20,公司的主要业务是什么？,0,YES,YES
2026-06-15 19:33:21,公司的主要业务是什么？,0,YES,YES
2026-06-15 19:33:21,公司的技术实力如何？,0,YES,YES
2026-06-15 19:33:21,公司的技术创新机制是什么？,0,YES,YES
2026-06-15 19:33:21,这个文档主要讲什么内容？,0,YES,YES
2026-06-15 19:33:22,公司的主要业务是什么？,0,YES,YES
2026-06-15 19:33:23,公司的技术实力如何？,0,YES,YES
2026-06-15 19:33:23,公司的采购与关联交易情况如何？,0,YES,YES
2026-06-15 19:33:23,公司的技术实力如何？,0,YES,YES
2026-06-15 19:33:23,公司的主要销售模式是什么？,0,YES,YES
2026-06-15 19:33:24,公司的业务运营模式是什么？,0,YES,YES
2026-06-15 19:33:24,公司的主要销售模式是什么？,0,YES,YES
2026-06-15 19:33:24,公司的业务运营模式是什么？,0,YES,YES
2026-06-15 19:33:24,公司的技术实力如何？,0,YES,YES
2026-06-15 19:33:25,公司的主要业务是什么？,0,YES,YES
2026-06-15 19:33:25,公司的业务运营模式是什么？,0,YES,YES
2026-06-15 19:33:25,公司的产品开发流程是什么？,0,YES,YES
2026-06-15 19:33:25,公司的产品开发流程是什么？,0,YES,YES
2026-06-15 19:33:25,公司的业务运营模式是什么？,0,YES,YES
2026-06-15 19:33:26,这个文档主要讲什么内容？,0,YES,YES
2026-06-15 19:33:26,公司的技术实力如何？,111437,YES,NO
2026-06-15 19:33:26,这个文档主要讲什么内容？,0,YES,YES
2026-06-15 19:33:26,公司的技术实力如何？,0,YES,YES
2026-06-15 19:33:27,公司的技术创新机制是什么？,0,YES,YES
2026-06-15 19:33:27,公司的业务运营模式是什么？,0,YES,YES
2026-06-15 19:33:27,这个文档主要讲什么内容？,0,YES,YES
2026-06-15 19:33:28,公司的技术创新机制是什么？,0,YES,YES
2026-06-15 19:33:28,公司的业务运营模式是什么？,0,YES,YES
2026-06-15 19:33:28,公司的采购与关联交易情况如何？,0,YES,YES
2026-06-15 19:33:28,公司的主要销售模式是什么？,0,YES,YES
2026-06-15 19:33:29,公司的主要销售模式是什么？,0,YES,YES
2026-06-15 19:33:29,公司的主要销售模式是什么？,0,YES,YES
2026-06-15 19:33:30,公司的产品开发流程是什么？,0,YES,YES
2026-06-15 19:33:30,公司的采购与关联交易情况如何？,0,YES,YES
2026-06-15 19:33:30,公司的产品开发流程是什么？,0,YES,YES
2026-06-15 19:33:30,公司的主要业务是什么？,0,YES,YES
2026-06-15 19:33:31,公司的产品开发流程是什么？,0,YES,YES
2026-06-15 19:33:31,公司的技术创新机制是什么？,0,YES,YES
2026-06-15 19:33:31,公司的技术实力如何？,0,YES,YES
2026-06-15 19:33:32,公司的主要业务是什么？,0,YES,YES
2026-06-15 19:33:32,这个文档主要讲什么内容？,4711,YES,NO
2026-06-15 19:33:33,公司的技术创新机制是什么？,0,YES,YES
2026-06-15 19:33:33,公司的业务运营模式是什么？,0,YES,YES
2026-06-15 19:33:33,公司的技术创新机制是什么？,0,YES,YES
2026-06-15 19:33:33,公司的技术实力如何？,0,YES,YES
2026-06-15 19:33:34,公司的采购与关联交易情况如何？,0,YES,YES
2026-06-15 19:33:34,公司的采购与关联交易情况如何？,0,YES,YES
2026-06-15 19:33:35,公司的主要业务是什么？,0,YES,YES
2026-06-15 19:33:35,公司的主要销售模式是什么？,0,YES,YES
2026-06-15 19:33:35,公司的采购与关联交易情况如何？,0,YES,YES
2026-06-15 19:33:35,这个文档主要讲什么内容？,0,YES,YES
2026-06-15 19:33:35,公司的主要业务是什么？,0,YES,YES
2026-06-15 19:33:36,公司的业务运营模式是什么？,0,YES,YES
2026-06-15 19:33:37,公司的主要业务是什么？,0,YES,YES
2026-06-15 19:33:37,这个文档主要讲什么内容？,0,YES,YES
2026-06-15 19:33:37,公司的主要销售模式是什么？,0,YES,YES
2026-06-15 19:33:38,公司的技术实力如何？,0,YES,YES
2026-06-15 19:33:38,公司的技术实力如何？,0,YES,YES
2026-06-15 19:33:38,公司的产品开发流程是什么？,0,YES,YES
2026-06-15 19:33:38,公司的主要销售模式是什么？,0,YES,YES
2026-06-15 19:33:39,公司的产品开发流程是什么？,0,YES,YES
2026-06-15 19:33:39,公司的业务运营模式是什么？,0,YES,YES
2026-06-15 19:33:40,公司的产品开发流程是什么？,0,YES,YES
2026-06-15 19:33:40,公司的技术实力如何？,0,YES,YES
2026-06-15 19:33:40,公司的业务运营模式是什么？,0,YES,YES
2026-06-15 19:33:40,公司的技术创新机制是什么？,0,YES,YES
2026-06-15 19:33:40,公司的技术创新机制是什么？,0,YES,YES
2026-06-15 19:33:41,这个文档主要讲什么内容？,0,YES,YES
2026-06-15 19:33:41,公司的技术实力如何？,130064,YES,NO
2026-06-15 19:33:41,公司的技术创新机制是什么？,0,YES,YES
2026-06-15 19:33:41,这个文档主要讲什么内容？,0,YES,YES
2026-06-15 19:33:42,公司的业务运营模式是什么？,0,YES,YES
2026-06-15 19:33:42,公司的采购与关联交易情况如何？,0,YES,YES
2026-06-15 19:33:42,公司的采购与关联交易情况如何？,0,YES,YES
2026-06-15 19:33:43,公司的主要销售模式是什么？,0,YES,YES
2026-06-15 19:33:43,公司的采购与关联交易情况如何？,0,YES,YES
2026-06-15 19:33:43,公司的主要销售模式是什么？,0,YES,YES
2026-06-15 19:33:44,公司的业务运营模式是什么？,0,YES,YES
2026-06-15 19:33:44,公司的主要业务是什么？,0,YES,YES
2026-06-15 19:33:44,这个文档主要讲什么内容？,0,YES,YES
2026-06-15 19:33:45,公司的产品开发流程是什么？,0,YES,YES
2026-06-15 19:33:45,公司的主要销售模式是什么？,0,YES,YES
2026-06-15 19:33:45,公司的产品开发流程是什么？,0,YES,YES
2026-06-15 19:33:45,公司的主要业务是什么？,0,YES,YES
2026-06-15 19:33:45,公司的主要业务是什么？,0,YES,YES
2026-06-15 19:33:46,这个文档主要讲什么内容？,0,YES,YES
2026-06-15 19:33:46,公司的技术创新机制是什么？,0,YES,YES
2026-06-15 19:33:46,公司的技术创新机制是什么？,0,YES,YES
2026-06-15 19:33:46,公司的技术实力如何？,0,YES,YES
2026-06-15 19:33:47,公司的主要销售模式是什么？,0,YES,YES
2026-06-15 19:33:47,公司的技术实力如何？,0,YES,YES
2026-06-15 19:33:47,公司的技术实力如何？,0,YES,YES
2026-06-15 19:33:47,公司的采购与关联交易情况如何？,0,YES,YES
2026-06-15 19:33:48,公司的产品开发流程是什么？,0,YES,YES
2026-06-15 19:33:48,公司的业务运营模式是什么？,0,YES,YES
2026-06-15 19:33:48,公司的产品开发流程是什么？,0,YES,YES
2026-06-15 19:33:48,公司的采购与关联交易情况如何？,0,YES,YES
2026-06-15 19:33:48,公司的业务运营模式是什么？,0,YES,YES
2026-06-15 19:33:49,公司的技术实力如何？,118353,YES,NO
2026-06-15 19:33:49,公司的技术创新机制是什么？,0,YES,YES
2026-06-15 19:33:50,公司的主要业务是什么？,0,YES,YES
2026-06-15 19:33:50,公司的业务运营模式是什么？,0,YES,YES
2026-06-15 19:33:50,这个文档主要讲什么内容？,0,YES,YES
2026-06-15 19:33:50,公司的业务运营模式是什么？,0,YES,YES
2026-06-15 19:33:50,公司的技术创新机制是什么？,0,YES,YES
2026-06-15 19:33:50,公司的主要业务是什么？,0,YES,YES
2026-06-15 19:33:51,这个文档主要讲什么内容？,0,YES,YES
2026-06-15 19:33:51,公司的技术实力如何？,0,YES,YES
2026-06-15 19:33:51,这个文档主要讲什么内容？,0,YES,YES
2026-06-15 19:33:52,公司的采购与关联交易情况如何？,0,YES,YES
2026-06-15 19:33:52,公司的采购与关联交易情况如何？,0,YES,YES
2026-06-15 19:33:53,这个文档主要讲什么内容？,0,YES,YES
2026-06-15 19:33:53,公司的主要销售模式是什么？,0,YES,YES
2026-06-15 19:33:53,公司的技术实力如何？,0,YES,YES
2026-06-15 19:33:53,公司的业务运营模式是什么？,0,YES,YES
2026-06-15 19:33:53,公司的主要销售模式是什么？,0,YES,YES
2026-06-15 19:33:53,公司的主要销售模式是什么？,0,YES,YES
2026-06-15 19:33:53,公司的主要业务是什么？,0,YES,YES
2026-06-15 19:33:54,公司的主要业务是什么？,0,YES,YES
2026-06-15 19:33:54,公司的产品开发流程是什么？,0,YES,YES
2026-06-15 19:33:54,公司的产品开发流程是什么？,0,YES,YES
2026-06-15 19:33:54,公司的主要销售模式是什么？,0,YES,YES
2026-06-15 19:33:54,公司的业务运营模式是什么？,0,YES,YES
2026-06-15 19:38:24,这个文档主要讲什么内容？,5922,YES,NO
2026-06-15 19:38:25,这个文档主要讲什么内容？,6240,YES,NO
2026-06-15 19:38:25,这个文档主要讲什么内容？,6445,YES,NO
2026-06-15 19:38:25,这个文档主要讲什么内容？,5794,YES,NO
2026-06-15 19:38:26,这个文档主要讲什么内容？,6066,YES,NO
2026-06-15 19:38:27,这个文档主要讲什么内容？,7048,YES,NO
2026-06-15 19:38:27,这个文档主要讲什么内容？,7054,YES,NO
2026-06-15 19:38:27,这个文档主要讲什么内容？,8297,YES,NO
2026-06-15 19:38:27,这个文档主要讲什么内容？,7671,YES,NO
2026-06-15 19:38:29,这个文档主要讲什么内容？,10931,YES,NO
2026-06-15 19:38:35,这个文档主要讲什么内容？,14227,YES,NO
2026-06-15 19:38:40,公司的主要销售模式是什么？,13109,YES,NO
2026-06-15 19:38:45,公司的主要销售模式是什么？,8261,YES,NO
2026-06-15 19:39:08,这个文档主要讲什么内容？,46843,YES,NO
2026-06-15 19:39:10,公司的主要销售模式是什么？,0,YES,YES
2026-06-15 19:39:16,公司的产品开发流程是什么？,34274,YES,NO
2026-06-15 19:39:31,公司的技术创新机制是什么？,13293,YES,NO
2026-06-15 19:39:33,公司的产品开发流程是什么？,21037,YES,NO
2026-06-15 19:39:35,公司的技术创新机制是什么？,0,YES,YES
2026-06-15 19:39:36,公司的主要销售模式是什么？,68647,YES,NO
2026-06-15 19:39:38,公司的产品开发流程是什么？,0,YES,YES
2026-06-15 19:39:40,公司的技术创新机制是什么？,0,YES,YES
2026-06-15 19:39:43,公司的采购与关联交易情况如何？,6195,YES,NO
2026-06-15 19:39:46,公司的主要销售模式是什么？,76765,YES,NO
2026-06-15 19:39:46,公司的采购与关联交易情况如何？,13323,YES,NO
2026-06-15 19:39:48,公司的产品开发流程是什么？,0,YES,YES
2026-06-15 19:39:49,公司的技术创新机制是什么？,0,YES,YES
2026-06-15 19:39:50,公司的采购与关联交易情况如何？,0,YES,YES
2026-06-15 19:39:54,公司的主要业务是什么？,8455,YES,NO
2026-06-15 19:39:54,公司的主要销售模式是什么？,82319,YES,NO
2026-06-15 19:39:55,公司的产品开发流程是什么？,0,YES,YES
2026-06-15 19:39:55,公司的主要业务是什么？,7719,YES,NO
2026-06-15 19:39:58,公司的技术创新机制是什么？,0,YES,YES
2026-06-15 19:39:59,公司的采购与关联交易情况如何？,18029,YES,NO
2026-06-15 19:39:59,公司的主要业务是什么？,6990,YES,NO
2026-06-15 19:40:01,公司的采购与关联交易情况如何？,0,YES,YES
2026-06-15 19:40:01,公司的主要业务是什么？,0,YES,YES
2026-06-15 19:40:02,公司的主要业务是什么？,0,YES,YES
2026-06-15 19:40:03,公司的技术实力如何？,7859,YES,NO
2026-06-15 19:40:05,公司的技术实力如何？,0,YES,YES
2026-06-15 19:40:09,公司的技术实力如何？,7146,YES,NO
2026-06-15 19:40:09,公司的技术实力如何？,8955,YES,NO
2026-06-15 19:40:09,公司的技术实力如何？,12740,YES,NO
2026-06-15 19:40:12,公司的主要销售模式是什么？,104539,YES,NO
2026-06-15 19:40:14,公司的产品开发流程是什么？,0,YES,YES
2026-06-15 19:40:16,公司的技术创新机制是什么？,0,YES,YES
2026-06-15 19:40:17,公司的采购与关联交易情况如何？,0,YES,YES
2026-06-15 19:40:19,公司的主要业务是什么？,0,YES,YES
2026-06-15 19:40:20,公司的业务运营模式是什么？,13115,YES,NO
2026-06-15 19:40:21,公司的技术实力如何？,0,YES,YES
2026-06-15 19:40:22,这个文档主要讲什么内容？,0,YES,YES
2026-06-15 19:40:24,公司的业务运营模式是什么？,0,YES,YES
2026-06-15 19:40:24,公司的主要销售模式是什么？,0,YES,YES
2026-06-15 19:40:26,这个文档主要讲什么内容？,0,YES,YES
2026-06-15 19:40:26,公司的业务运营模式是什么？,20954,YES,NO
2026-06-15 19:40:26,公司的业务运营模式是什么？,13783,YES,NO
2026-06-15 19:40:26,公司的产品开发流程是什么？,0,YES,YES
2026-06-15 19:40:27,公司的主要销售模式是什么？,0,YES,YES
2026-06-15 19:40:28,这个文档主要讲什么内容？,0,YES,YES
2026-06-15 19:40:29,这个文档主要讲什么内容？,0,YES,YES
2026-06-15 19:40:29,公司的技术创新机制是什么？,0,YES,YES
2026-06-15 19:40:30,公司的产品开发流程是什么？,0,YES,YES
2026-06-15 19:40:30,公司的主要销售模式是什么？,0,YES,YES
2026-06-15 19:40:31,公司的采购与关联交易情况如何？,0,YES,YES
2026-06-15 19:40:32,公司的主要销售模式是什么？,0,YES,YES
2026-06-15 19:40:32,公司的产品开发流程是什么？,0,YES,YES
2026-06-15 19:40:33,公司的技术创新机制是什么？,0,YES,YES
2026-06-15 19:40:33,公司的主要业务是什么？,0,YES,YES
2026-06-15 19:40:34,这个文档主要讲什么内容？,133124,YES,NO
2026-06-15 19:40:34,公司的采购与关联交易情况如何？,0,YES,YES
2026-06-15 19:40:34,公司的产品开发流程是什么？,0,YES,YES
2026-06-15 19:40:35,公司的技术创新机制是什么？,0,YES,YES
2026-06-15 19:40:35,公司的技术实力如何？,0,YES,YES
2026-06-15 19:40:35,公司的主要业务是什么？,0,YES,YES
2026-06-15 19:40:36,公司的采购与关联交易情况如何？,0,YES,YES
2026-06-15 19:40:36,公司的主要销售模式是什么？,0,YES,YES
2026-06-15 19:40:37,公司的技术创新机制是什么？,0,YES,YES
2026-06-15 19:40:37,公司的业务运营模式是什么？,0,YES,YES
2026-06-15 19:40:38,公司的技术实力如何？,0,YES,YES
2026-06-15 19:40:38,公司的主要业务是什么？,0,YES,YES
2026-06-15 19:40:38,公司的产品开发流程是什么？,0,YES,YES
2026-06-15 19:40:39,这个文档主要讲什么内容？,0,YES,YES
2026-06-15 19:40:39,公司的业务运营模式是什么？,0,YES,YES
2026-06-15 19:40:39,公司的技术创新机制是什么？,0,YES,YES
2026-06-15 19:40:40,公司的技术实力如何？,0,YES,YES
2026-06-15 19:40:40,公司的采购与关联交易情况如何？,0,YES,YES
2026-06-15 19:40:41,这个文档主要讲什么内容？,0,YES,YES
2026-06-15 19:40:41,公司的采购与关联交易情况如何？,0,YES,YES
2026-06-15 19:40:42,公司的主要销售模式是什么？,0,YES,YES
2026-06-15 19:40:42,公司的业务运营模式是什么？,0,YES,YES
2026-06-15 19:40:42,公司的主要业务是什么？,0,YES,YES
2026-06-15 19:40:42,公司的主要销售模式是什么？,0,YES,YES
2026-06-15 19:40:42,公司的主要业务是什么？,0,YES,YES
2026-06-15 19:40:43,这个文档主要讲什么内容？,0,YES,YES
2026-06-15 19:40:44,公司的产品开发流程是什么？,0,YES,YES
2026-06-15 19:40:44,公司的产品开发流程是什么？,0,YES,YES
2026-06-15 19:40:45,公司的技术实力如何？,0,YES,YES
2026-06-15 19:40:45,公司的主要销售模式是什么？,0,YES,YES
2026-06-15 19:40:45,公司的技术实力如何？,0,YES,YES
2026-06-15 19:40:45,公司的技术创新机制是什么？,0,YES,YES
2026-06-15 19:40:46,公司的技术创新机制是什么？,0,YES,YES
2026-06-15 19:40:46,公司的产品开发流程是什么？,0,YES,YES
2026-06-15 19:40:47,公司的业务运营模式是什么？,0,YES,YES
2026-06-15 19:40:48,公司的采购与关联交易情况如何？,0,YES,YES
2026-06-15 19:40:48,公司的业务运营模式是什么？,0,YES,YES
2026-06-15 19:40:48,公司的采购与关联交易情况如何？,0,YES,YES
2026-06-15 19:40:49,公司的技术创新机制是什么？,0,YES,YES
2026-06-15 19:40:49,这个文档主要讲什么内容？,0,YES,YES
2026-06-15 19:40:49,公司的主要业务是什么？,0,YES,YES
2026-06-15 19:40:50,这个文档主要讲什么内容？,0,YES,YES
2026-06-15 19:40:50,公司的主要销售模式是什么？,141809,YES,NO
2026-06-15 19:40:51,公司的主要业务是什么？,0,YES,YES
2026-06-15 19:40:51,公司的技术实力如何？,0,YES,YES
2026-06-15 19:40:51,公司的主要销售模式是什么？,0,YES,YES
2026-06-15 19:40:52,公司的采购与关联交易情况如何？,0,YES,YES
2026-06-15 19:40:52,公司的主要销售模式是什么？,0,YES,YES
2026-06-15 19:40:52,公司的产品开发流程是什么？,0,YES,YES
2026-06-15 19:40:53,公司的主要业务是什么？,0,YES,YES
2026-06-15 19:40:53,公司的产品开发流程是什么？,0,YES,YES
2026-06-15 19:40:53,公司的技术实力如何？,0,YES,YES
2026-06-15 19:40:53,公司的技术创新机制是什么？,0,YES,YES
2026-06-15 19:40:53,公司的产品开发流程是什么？,0,YES,YES
2026-06-15 19:40:54,公司的技术实力如何？,0,YES,YES
2026-06-15 19:40:54,公司的业务运营模式是什么？,0,YES,YES
2026-06-15 19:40:55,公司的技术创新机制是什么？,0,YES,YES
2026-06-15 19:40:55,公司的技术创新机制是什么？,0,YES,YES
2026-06-15 19:40:55,公司的业务运营模式是什么？,0,YES,YES
2026-06-15 19:40:56,公司的采购与关联交易情况如何？,0,YES,YES
2026-06-15 19:40:56,公司的采购与关联交易情况如何？,0,YES,YES
2026-06-15 19:40:56,公司的采购与关联交易情况如何？,0,YES,YES
2026-06-15 19:40:57,这个文档主要讲什么内容？,0,YES,YES
2026-06-15 19:40:57,这个文档主要讲什么内容？,0,YES,YES
2026-06-15 19:40:57,公司的业务运营模式是什么？,0,YES,YES
2026-06-15 19:40:57,公司的主要业务是什么？,0,YES,YES
2026-06-15 19:40:58,公司的主要业务是什么？,0,YES,YES
2026-06-15 19:40:59,公司的主要销售模式是什么？,0,YES,YES
2026-06-15 19:40:59,公司的技术实力如何？,0,YES,YES
2026-06-15 19:40:59,公司的主要业务是什么？,0,YES,YES
2026-06-15 19:40:59,这个文档主要讲什么内容？,0,YES,YES
2026-06-15 19:41:00,公司的主要销售模式是什么？,0,YES,YES
2026-06-15 19:41:00,这个文档主要讲什么内容？,158295,YES,NO
2026-06-15 19:41:00,公司的技术实力如何？,0,YES,YES
2026-06-15 19:41:00,公司的技术实力如何？,0,YES,YES
2026-06-15 19:41:00,公司的产品开发流程是什么？,0,YES,YES
2026-06-15 19:41:01,公司的业务运营模式是什么？,0,YES,YES
2026-06-15 19:41:01,公司的主要销售模式是什么？,0,YES,YES
2026-06-15 19:41:01,公司的主要销售模式是什么？,0,YES,YES
2026-06-15 19:41:02,公司的业务运营模式是什么？,0,YES,YES
2026-06-15 19:41:02,公司的产品开发流程是什么？,0,YES,YES
2026-06-15 19:41:02,这个文档主要讲什么内容？,0,YES,YES
2026-06-15 19:41:02,公司的产品开发流程是什么？,0,YES,YES
2026-06-15 19:41:03,公司的技术创新机制是什么？,0,YES,YES
2026-06-15 19:41:03,公司的业务运营模式是什么？,0,YES,YES
2026-06-15 19:41:03,这个文档主要讲什么内容？,162562,YES,NO
2026-06-15 19:41:03,公司的产品开发流程是什么？,0,YES,YES
2026-06-15 19:41:04,这个文档主要讲什么内容？,0,YES,YES
2026-06-15 19:41:04,公司的技术创新机制是什么？,0,YES,YES
2026-06-15 19:41:04,这个文档主要讲什么内容？,0,YES,YES
2026-06-15 19:41:04,公司的采购与关联交易情况如何？,0,YES,YES
2026-06-15 19:41:05,公司的主要销售模式是什么？,0,YES,YES
2026-06-15 19:41:05,公司的主要销售模式是什么？,0,YES,YES
2026-06-15 19:41:05,公司的技术创新机制是什么？,0,YES,YES
2026-06-15 19:41:05,公司的技术创新机制是什么？,0,YES,YES
2026-06-15 19:41:06,公司的主要业务是什么？,0,YES,YES
2026-06-15 19:41:06,公司的主要销售模式是什么？,0,YES,YES
2026-06-15 19:41:06,公司的采购与关联交易情况如何？,0,YES,YES
2026-06-15 19:41:07,公司的主要销售模式是什么？,0,YES,YES
2026-06-15 19:41:07,公司的产品开发流程是什么？,0,YES,YES
2026-06-15 19:41:07,公司的主要销售模式是什么？,159476,YES,NO
2026-06-15 19:41:07,公司的采购与关联交易情况如何？,0,YES,YES
2026-06-15 19:41:07,公司的技术实力如何？,0,YES,YES
2026-06-15 19:41:08,公司的产品开发流程是什么？,0,YES,YES
2026-06-15 19:41:08,公司的采购与关联交易情况如何？,0,YES,YES
2026-06-15 19:41:08,公司的产品开发流程是什么？,0,YES,YES
2026-06-15 19:41:08,公司的产品开发流程是什么？,0,YES,YES
2026-06-15 19:41:09,公司的技术创新机制是什么？,0,YES,YES
2026-06-15 19:41:09,公司的主要业务是什么？,0,YES,YES
2026-06-15 19:41:09,公司的业务运营模式是什么？,0,YES,YES
2026-06-15 19:41:09,公司的主要业务是什么？,0,YES,YES
2026-06-15 19:41:09,公司的产品开发流程是什么？,0,YES,YES
2026-06-15 19:41:09,公司的主要业务是什么？,0,YES,YES
2026-06-15 19:41:09,公司的技术创新机制是什么？,0,YES,YES
2026-06-15 19:41:10,公司的技术创新机制是什么？,0,YES,YES
2026-06-15 19:41:10,这个文档主要讲什么内容？,0,YES,YES
2026-06-15 19:41:11,公司的技术实力如何？,0,YES,YES
2026-06-15 19:41:11,公司的技术实力如何？,0,YES,YES
2026-06-15 19:41:11,公司的技术创新机制是什么？,0,YES,YES
2026-06-15 19:41:11,公司的技术实力如何？,0,YES,YES
2026-06-15 19:41:11,公司的采购与关联交易情况如何？,0,YES,YES
2026-06-15 19:41:11,公司的技术创新机制是什么？,0,YES,YES
2026-06-15 19:41:11,公司的采购与关联交易情况如何？,0,YES,YES
2026-06-15 19:41:12,公司的主要销售模式是什么？,0,YES,YES
2026-06-15 19:41:12,公司的主要业务是什么？,0,YES,YES
2026-06-15 19:41:12,这个文档主要讲什么内容？,171842,YES,NO
2026-06-15 19:41:12,公司的业务运营模式是什么？,0,YES,YES
2026-06-15 19:41:13,公司的业务运营模式是什么？,0,YES,YES
2026-06-15 19:41:13,公司的采购与关联交易情况如何？,0,YES,YES
2026-06-15 19:41:13,公司的主要业务是什么？,0,YES,YES
2026-06-15 19:41:13,公司的采购与关联交易情况如何？,0,YES,YES
2026-06-15 19:41:14,公司的采购与关联交易情况如何？,0,YES,YES
2026-06-15 19:41:14,公司的技术实力如何？,0,YES,YES
2026-06-15 19:41:14,这个文档主要讲什么内容？,0,YES,YES
2026-06-15 19:41:14,公司的业务运营模式是什么？,0,YES,YES
2026-06-15 19:41:14,公司的主要销售模式是什么？,0,YES,YES
2026-06-15 19:41:15,公司的产品开发流程是什么？,0,YES,YES
2026-06-15 19:41:15,公司的主要销售模式是什么？,0,YES,YES
2026-06-15 19:41:15,公司的主要业务是什么？,0,YES,YES
2026-06-15 19:41:15,公司的技术实力如何？,0,YES,YES
2026-06-15 19:41:15,公司的主要业务是什么？,0,YES,YES
2026-06-15 19:41:15,公司的业务运营模式是什么？,0,YES,YES
2026-06-15 19:41:15,这个文档主要讲什么内容？,0,YES,YES
2026-06-15 19:41:16,公司的主要业务是什么？,0,YES,YES
2026-06-15 19:41:17,这个文档主要讲什么内容？,0,YES,YES
2026-06-15 19:41:17,公司的技术实力如何？,0,YES,YES
2026-06-15 19:41:17,这个文档主要讲什么内容？,0,YES,YES
2026-06-15 19:41:17,公司的技术实力如何？,0,YES,YES
2026-06-15 19:41:17,公司的产品开发流程是什么？,0,YES,YES
2026-06-15 19:41:17,公司的产品开发流程是什么？,0,YES,YES
2026-06-15 19:41:17,公司的技术创新机制是什么？,0,YES,YES
2026-06-15 19:41:18,公司的业务运营模式是什么？,0,YES,YES
2026-06-15 19:41:18,公司的业务运营模式是什么？,0,YES,YES
2026-06-15 19:41:18,公司的主要销售模式是什么？,0,YES,YES
2026-06-15 19:41:18,公司的技术实力如何？,0,YES,YES
2026-06-15 19:41:18,公司的技术创新机制是什么？,0,YES,YES
2026-06-15 19:41:18,公司的主要销售模式是什么？,0,YES,YES
2026-06-15 19:41:18,公司的主要销售模式是什么？,0,YES,YES
2026-06-15 19:41:19,这个文档主要讲什么内容？,0,YES,YES
2026-06-15 19:41:19,这个文档主要讲什么内容？,0,YES,YES
2026-06-15 19:41:19,公司的采购与关联交易情况如何？,0,YES,YES
2026-06-15 19:41:19,公司的业务运营模式是什么？,0,YES,YES
2026-06-15 19:41:20,公司的技术创新机制是什么？,0,YES,YES
2026-06-15 19:41:20,公司的业务运营模式是什么？,0,YES,YES
2026-06-15 19:41:20,公司的采购与关联交易情况如何？,0,YES,YES
2026-06-15 19:41:20,公司的产品开发流程是什么？,0,YES,YES
2026-06-15 19:41:20,公司的产品开发流程是什么？,0,YES,YES
2026-06-15 19:41:20,公司的主要销售模式是什么？,0,YES,YES
2026-06-15 19:41:21,公司的产品开发流程是什么？,0,YES,YES
2026-06-15 19:41:21,公司的主要销售模式是什么？,0,YES,YES
2026-06-15 19:41:21,这个文档主要讲什么内容？,0,YES,YES
2026-06-15 19:41:21,公司的主要业务是什么？,0,YES,YES
2026-06-15 19:41:22,这个文档主要讲什么内容？,0,YES,YES
2026-06-15 19:41:22,公司的主要业务是什么？,0,YES,YES
2026-06-15 19:41:22,公司的采购与关联交易情况如何？,0,YES,YES
2026-06-15 19:41:22,公司的技术创新机制是什么？,0,YES,YES
2026-06-15 19:41:22,公司的产品开发流程是什么？,0,YES,YES
2026-06-15 19:41:22,公司的技术创新机制是什么？,0,YES,YES
2026-06-15 19:41:23,公司的技术创新机制是什么？,0,YES,YES
2026-06-15 19:41:23,公司的技术实力如何？,0,YES,YES
2026-06-15 19:41:23,这个文档主要讲什么内容？,181505,YES,NO
2026-06-15 19:41:23,公司的主要销售模式是什么？,0,YES,YES
2026-06-15 19:41:23,公司的产品开发流程是什么？,0,YES,YES
2026-06-15 19:41:24,公司的技术实力如何？,0,YES,YES
2026-06-15 19:41:24,公司的主要销售模式是什么？,0,YES,YES
2026-06-15 19:41:24,公司的技术创新机制是什么？,0,YES,YES
2026-06-15 19:41:24,公司的主要业务是什么？,0,YES,YES
2026-06-15 19:41:25,公司的采购与关联交易情况如何？,0,YES,YES
2026-06-15 19:41:25,公司的采购与关联交易情况如何？,0,YES,YES
2026-06-15 19:41:25,公司的技术创新机制是什么？,0,YES,YES
2026-06-15 19:41:25,公司的产品开发流程是什么？,0,YES,YES
2026-06-15 19:41:25,公司的采购与关联交易情况如何？,0,YES,YES
2026-06-15 19:41:25,公司的主要销售模式是什么？,0,YES,YES
2026-06-15 19:41:25,公司的业务运营模式是什么？,0,YES,YES
2026-06-15 19:41:26,公司的技术实力如何？,0,YES,YES
2026-06-15 19:41:26,公司的采购与关联交易情况如何？,0,YES,YES
2026-06-15 19:41:26,公司的技术创新机制是什么？,0,YES,YES
2026-06-15 19:41:26,公司的采购与关联交易情况如何？,0,YES,YES
2026-06-15 19:41:26,公司的产品开发流程是什么？,0,YES,YES
2026-06-15 19:41:27,公司的主要业务是什么？,0,YES,YES
2026-06-15 19:41:27,公司的业务运营模式是什么？,0,YES,YES
2026-06-15 19:41:27,这个文档主要讲什么内容？,0,YES,YES
2026-06-15 19:41:27,公司的业务运营模式是什么？,0,YES,YES
2026-06-15 19:41:27,公司的产品开发流程是什么？,0,YES,YES
2026-06-15 19:41:27,公司的主要业务是什么？,0,YES,YES
2026-06-15 19:41:27,公司的主要业务是什么？,0,YES,YES
2026-06-15 19:41:28,公司的主要业务是什么？,0,YES,YES
2026-06-15 19:41:28,公司的主要销售模式是什么？,0,YES,YES
2026-06-15 19:41:28,公司的主要业务是什么？,0,YES,YES
2026-06-15 19:41:28,这个文档主要讲什么内容？,0,YES,YES
2026-06-15 19:41:29,这个文档主要讲什么内容？,0,YES,YES
2026-06-15 19:41:29,公司的技术创新机制是什么？,0,YES,YES
2026-06-15 19:41:29,公司的技术实力如何？,0,YES,YES
2026-06-15 19:41:29,公司的技术创新机制是什么？,0,YES,YES
2026-06-15 19:41:29,公司的采购与关联交易情况如何？,0,YES,YES
2026-06-15 19:41:29,公司的产品开发流程是什么？,0,YES,YES
2026-06-15 19:41:29,公司的技术实力如何？,0,YES,YES
2026-06-15 19:41:30,公司的技术实力如何？,0,YES,YES
2026-06-15 19:41:30,这个文档主要讲什么内容？,188192,YES,NO
2026-06-15 19:41:30,公司的技术实力如何？,0,YES,YES
2026-06-15 19:41:30,公司的采购与关联交易情况如何？,0,YES,YES
2026-06-15 19:41:30,公司的技术实力如何？,0,YES,YES
2026-06-15 19:41:30,公司的业务运营模式是什么？,0,YES,YES
2026-06-15 19:41:30,公司的主要业务是什么？,0,YES,YES
2026-06-15 19:41:31,公司的业务运营模式是什么？,0,YES,YES
2026-06-15 19:41:31,公司的采购与关联交易情况如何？,0,YES,YES
2026-06-15 19:41:31,公司的业务运营模式是什么？,0,YES,YES
2026-06-15 19:41:31,公司的主要销售模式是什么？,0,YES,YES
2026-06-15 19:41:31,公司的主要销售模式是什么？,0,YES,YES
2026-06-15 19:41:31,这个文档主要讲什么内容？,0,YES,YES
2026-06-15 19:41:32,公司的主要销售模式是什么？,0,YES,YES
2026-06-15 19:41:32,这个文档主要讲什么内容？,0,YES,YES
2026-06-15 19:41:32,公司的业务运营模式是什么？,0,YES,YES
2026-06-15 19:41:32,公司的技术创新机制是什么？,0,YES,YES
2026-06-15 19:41:32,公司的业务运营模式是什么？,0,YES,YES
2026-06-15 19:41:32,公司的产品开发流程是什么？,0,YES,YES
2026-06-15 19:41:33,公司的主要业务是什么？,0,YES,YES
2026-06-15 19:41:33,公司的技术实力如何？,0,YES,YES
2026-06-15 19:41:33,公司的产品开发流程是什么？,0,YES,YES
2026-06-15 19:41:33,这个文档主要讲什么内容？,0,YES,YES
2026-06-15 19:41:33,这个文档主要讲什么内容？,0,YES,YES
2026-06-15 19:41:33,公司的产品开发流程是什么？,0,YES,YES
2026-06-15 19:41:34,公司的技术实力如何？,0,YES,YES
2026-06-15 19:41:34,公司的业务运营模式是什么？,0,YES,YES
2026-06-15 19:41:34,公司的主要销售模式是什么？,0,YES,YES
2026-06-15 19:41:34,公司的主要业务是什么？,0,YES,YES
2026-06-15 19:41:34,这个文档主要讲什么内容？,0,YES,YES
2026-06-15 19:41:35,公司的主要销售模式是什么？,0,YES,YES
2026-06-15 19:41:35,公司的技术创新机制是什么？,0,YES,YES
2026-06-15 19:41:35,公司的技术创新机制是什么？,0,YES,YES
2026-06-15 19:41:35,公司的采购与关联交易情况如何？,0,YES,YES
2026-06-15 19:41:35,公司的业务运营模式是什么？,0,YES,YES
2026-06-15 19:41:35,公司的技术创新机制是什么？,0,YES,YES
2026-06-15 19:41:35,公司的产品开发流程是什么？,0,YES,YES
2026-06-15 19:41:35,公司的主要销售模式是什么？,0,YES,YES
2026-06-15 19:41:35,这个文档主要讲什么内容？,0,YES,YES
2026-06-15 19:41:36,公司的产品开发流程是什么？,0,YES,YES
2026-06-15 19:41:36,公司的主要销售模式是什么？,0,YES,YES
2026-06-15 19:41:36,公司的采购与关联交易情况如何？,0,YES,YES
2026-06-15 19:41:36,公司的技术创新机制是什么？,0,YES,YES
2026-06-15 19:41:36,这个文档主要讲什么内容？,0,YES,YES
2026-06-15 19:41:36,公司的产品开发流程是什么？,0,YES,YES
2026-06-15 19:41:37,公司的技术实力如何？,0,YES,YES
2026-06-15 19:41:37,公司的主要销售模式是什么？,0,YES,YES
2026-06-15 19:41:37,公司的采购与关联交易情况如何？,0,YES,YES
2026-06-15 19:41:37,公司的主要业务是什么？,0,YES,YES
2026-06-15 19:41:37,公司的主要销售模式是什么？,189291,YES,NO
2026-06-15 19:41:37,公司的采购与关联交易情况如何？,0,YES,YES
2026-06-15 19:41:38,公司的技术创新机制是什么？,0,YES,YES
2026-06-15 19:41:38,公司的主要销售模式是什么？,0,YES,YES
2026-06-15 19:41:38,公司的产品开发流程是什么？,0,YES,YES
2026-06-15 19:41:38,公司的主要业务是什么？,0,YES,YES
2026-06-15 19:41:38,公司的技术创新机制是什么？,0,YES,YES
2026-06-15 19:41:38,公司的业务运营模式是什么？,0,YES,YES
2026-06-15 19:41:38,公司的主要业务是什么？,0,YES,YES
2026-06-15 19:41:39,公司的主要业务是什么？,0,YES,YES
2026-06-15 19:41:39,公司的技术实力如何？,0,YES,YES
2026-06-15 19:41:39,公司的采购与关联交易情况如何？,0,YES,YES
2026-06-15 19:41:39,公司的产品开发流程是什么？,0,YES,YES
2026-06-15 19:41:39,公司的采购与关联交易情况如何？,0,YES,YES
2026-06-15 19:41:39,公司的采购与关联交易情况如何？,0,YES,YES
2026-06-15 19:41:39,公司的主要销售模式是什么？,0,YES,YES
2026-06-15 19:41:40,公司的产品开发流程是什么？,0,YES,YES
2026-06-15 19:41:40,公司的产品开发流程是什么？,0,YES,YES
2026-06-15 19:41:40,公司的技术创新机制是什么？,0,YES,YES
2026-06-15 19:41:40,公司的技术实力如何？,0,YES,YES
2026-06-15 19:41:40,公司的业务运营模式是什么？,0,YES,YES
2026-06-15 19:41:40,公司的主要业务是什么？,0,YES,YES
2026-06-15 19:41:40,公司的技术实力如何？,0,YES,YES
2026-06-15 19:41:40,这个文档主要讲什么内容？,0,YES,YES
2026-06-15 19:41:41,公司的主要业务是什么？,0,YES,YES
2026-06-15 19:41:41,公司的产品开发流程是什么？,0,YES,YES
2026-06-15 19:41:41,公司的技术实力如何？,0,YES,YES
2026-06-15 19:41:41,公司的采购与关联交易情况如何？,0,YES,YES
2026-06-15 19:41:41,公司的技术创新机制是什么？,0,YES,YES
2026-06-15 19:41:41,公司的业务运营模式是什么？,0,YES,YES
2026-06-15 19:41:41,公司的主要业务是什么？,0,YES,YES
2026-06-15 19:41:42,公司的主要销售模式是什么？,0,YES,YES
2026-06-15 19:41:42,公司的技术创新机制是什么？,0,YES,YES
2026-06-15 19:41:42,公司的技术创新机制是什么？,0,YES,YES
2026-06-15 19:41:42,公司的技术创新机制是什么？,0,YES,YES
2026-06-15 19:41:43,公司的技术实力如何？,0,YES,YES
2026-06-15 19:41:43,公司的采购与关联交易情况如何？,0,YES,YES
2026-06-15 19:41:43,公司的技术实力如何？,0,YES,YES
2026-06-15 19:41:43,这个文档主要讲什么内容？,0,YES,YES
2026-06-15 19:41:43,公司的业务运营模式是什么？,0,YES,YES
2026-06-15 19:41:43,公司的主要业务是什么？,0,YES,YES
2026-06-15 19:41:43,这个文档主要讲什么内容？,0,YES,YES
2026-06-15 19:41:43,公司的采购与关联交易情况如何？,0,YES,YES
2026-06-15 19:41:43,公司的业务运营模式是什么？,0,YES,YES
2026-06-15 19:41:43,公司的采购与关联交易情况如何？,0,YES,YES
2026-06-15 19:41:44,公司的业务运营模式是什么？,0,YES,YES
2026-06-15 19:41:44,公司的技术实力如何？,0,YES,YES
2026-06-15 19:41:44,公司的技术实力如何？,0,YES,YES
2026-06-15 19:41:44,公司的主要业务是什么？,0,YES,YES
2026-06-15 19:41:44,公司的产品开发流程是什么？,0,YES,YES
2026-06-15 19:41:44,公司的主要业务是什么？,0,YES,YES
2026-06-15 19:41:44,公司的主要销售模式是什么？,0,YES,YES
2026-06-15 19:41:45,公司的业务运营模式是什么？,0,YES,YES
2026-06-15 19:41:45,这个文档主要讲什么内容？,0,YES,YES
2026-06-15 19:41:45,公司的业务运营模式是什么？,0,YES,YES
2026-06-15 19:41:45,公司的采购与关联交易情况如何？,0,YES,YES
2026-06-15 19:41:45,这个文档主要讲什么内容？,0,YES,YES
2026-06-15 19:41:46,公司的主要销售模式是什么？,0,YES,YES
2026-06-15 19:41:46,公司的技术实力如何？,0,YES,YES
2026-06-15 19:41:46,这个文档主要讲什么内容？,0,YES,YES
2026-06-15 19:41:46,公司的主要业务是什么？,0,YES,YES
2026-06-15 19:41:46,公司的技术创新机制是什么？,0,YES,YES
2026-06-15 19:41:47,公司的技术实力如何？,0,YES,YES
2026-06-15 19:41:47,公司的业务运营模式是什么？,0,YES,YES
2026-06-15 19:41:47,这个文档主要讲什么内容？,0,YES,YES
2026-06-15 19:41:47,公司的产品开发流程是什么？,0,YES,YES
2026-06-15 19:41:47,公司的主要销售模式是什么？,0,YES,YES
2026-06-15 19:41:48,公司的业务运营模式是什么？,0,YES,YES
2026-06-15 19:41:48,公司的主要销售模式是什么？,0,YES,YES
2026-06-15 19:41:48,公司的技术实力如何？,0,YES,YES
2026-06-15 19:41:48,这个文档主要讲什么内容？,0,YES,YES
2026-06-15 19:41:48,这个文档主要讲什么内容？,0,YES,YES
2026-06-15 19:41:48,公司的主要业务是什么？,0,YES,YES
2026-06-15 19:41:48,公司的主要销售模式是什么？,0,YES,YES
2026-06-15 19:41:48,公司的业务运营模式是什么？,0,YES,YES
2026-06-15 19:41:48,公司的产品开发流程是什么？,0,YES,YES
2026-06-15 19:41:49,公司的技术创新机制是什么？,0,YES,YES
2026-06-15 19:41:49,公司的采购与关联交易情况如何？,0,YES,YES
2026-06-15 19:41:49,公司的产品开发流程是什么？,0,YES,YES
2026-06-15 19:41:49,公司的产品开发流程是什么？,0,YES,YES
2026-06-15 19:41:49,公司的产品开发流程是什么？,0,YES,YES
2026-06-15 19:41:50,公司的主要销售模式是什么？,0,YES,YES
2026-06-15 19:41:50,公司的主要销售模式是什么？,0,YES,YES
2026-06-15 19:41:50,公司的主要销售模式是什么？,0,YES,YES
2026-06-15 19:41:50,这个文档主要讲什么内容？,0,YES,YES
2026-06-15 19:41:50,这个文档主要讲什么内容？,0,YES,YES
2026-06-15 19:41:50,公司的业务运营模式是什么？,0,YES,YES
2026-06-15 19:41:50,公司的技术实力如何？,0,YES,YES
2026-06-15 19:41:50,公司的技术创新机制是什么？,0,YES,YES
2026-06-15 19:41:51,公司的主要业务是什么？,0,YES,YES
2026-06-15 19:41:51,公司的产品开发流程是什么？,0,YES,YES
2026-06-15 19:41:51,公司的采购与关联交易情况如何？,0,YES,YES
2026-06-15 19:41:51,公司的技术创新机制是什么？,0,YES,YES
2026-06-15 19:41:51,公司的技术创新机制是什么？,0,YES,YES
2026-06-15 19:41:51,公司的技术创新机制是什么？,0,YES,YES
2026-06-15 19:41:51,公司的产品开发流程是什么？,0,YES,YES
2026-06-15 19:41:51,公司的产品开发流程是什么？,0,YES,YES
2026-06-15 19:41:51,公司的主要销售模式是什么？,0,YES,YES
2026-06-15 19:41:52,公司的技术创新机制是什么？,0,YES,YES
2026-06-15 19:41:52,公司的业务运营模式是什么？,0,YES,YES
2026-06-15 19:41:52,这个文档主要讲什么内容？,0,YES,YES
2026-06-15 19:41:52,公司的采购与关联交易情况如何？,0,YES,YES
2026-06-15 19:41:52,公司的技术创新机制是什么？,0,YES,YES
2026-06-15 19:41:52,公司的技术实力如何？,0,YES,YES
2026-06-15 19:41:52,公司的采购与关联交易情况如何？,0,YES,YES
2026-06-15 19:41:53,公司的主要销售模式是什么？,0,YES,YES
2026-06-15 19:41:53,公司的产品开发流程是什么？,0,YES,YES
2026-06-15 19:41:54,这个文档主要讲什么内容？,0,YES,YES
2026-06-15 19:41:54,公司的主要业务是什么？,0,YES,YES
2026-06-15 19:41:54,公司的采购与关联交易情况如何？,0,YES,YES
2026-06-15 19:41:54,公司的技术创新机制是什么？,0,YES,YES
2026-06-15 19:41:54,公司的产品开发流程是什么？,0,YES,YES
2026-06-15 19:41:54,公司的业务运营模式是什么？,0,YES,YES
2026-06-15 19:41:54,公司的采购与关联交易情况如何？,0,YES,YES
2026-06-15 19:41:55,公司的采购与关联交易情况如何？,0,YES,YES
2026-06-15 19:41:55,公司的采购与关联交易情况如何？,0,YES,YES
2026-06-15 19:41:55,公司的技术实力如何？,0,YES,YES
2026-06-15 19:41:55,这个文档主要讲什么内容？,0,YES,YES
2026-06-15 19:41:55,公司的主要业务是什么？,0,YES,YES
2026-06-15 19:41:55,公司的主要业务是什么？,0,YES,YES
2026-06-15 19:41:55,公司的技术创新机制是什么？,0,YES,YES
2026-06-15 19:41:55,公司的主要销售模式是什么？,0,YES,YES
2026-06-15 19:41:55,公司的采购与关联交易情况如何？,0,YES,YES
2026-06-15 19:41:55,公司的主要业务是什么？,0,YES,YES
2026-06-15 19:41:56,公司的主要业务是什么？,0,YES,YES
2026-06-15 19:41:56,公司的主要销售模式是什么？,0,YES,YES
2026-06-15 19:41:56,公司的技术创新机制是什么？,0,YES,YES
2026-06-15 19:41:56,公司的技术实力如何？,0,YES,YES
2026-06-15 19:41:57,公司的主要销售模式是什么？,0,YES,YES
2026-06-15 19:41:57,公司的主要业务是什么？,0,YES,YES
2026-06-15 19:41:57,公司的采购与关联交易情况如何？,0,YES,YES
2026-06-15 19:41:57,公司的业务运营模式是什么？,0,YES,YES
2026-06-15 19:41:57,公司的主要业务是什么？,0,YES,YES
2026-06-15 19:41:57,公司的技术实力如何？,0,YES,YES
2026-06-15 19:41:58,公司的主要业务是什么？,0,YES,YES
2026-06-15 19:41:58,公司的产品开发流程是什么？,0,YES,YES
2026-06-15 19:41:58,公司的技术实力如何？,0,YES,YES
2026-06-15 19:41:58,公司的产品开发流程是什么？,0,YES,YES
2026-06-15 19:41:58,公司的采购与关联交易情况如何？,0,YES,YES
2026-06-15 19:41:58,公司的技术实力如何？,0,YES,YES
2026-06-15 19:41:58,公司的主要业务是什么？,0,YES,YES
2026-06-15 19:41:58,公司的产品开发流程是什么？,0,YES,YES
2026-06-15 19:41:58,公司的业务运营模式是什么？,0,YES,YES
2026-06-15 19:41:59,公司的业务运营模式是什么？,107142,YES,NO
2026-06-15 19:41:59,公司的技术实力如何？,0,YES,YES
2026-06-15 19:41:59,这个文档主要讲什么内容？,0,YES,YES
2026-06-15 19:41:59,公司的技术实力如何？,0,YES,YES
2026-06-15 19:41:59,公司的主要业务是什么？,0,YES,YES
2026-06-15 19:41:59,公司的业务运营模式是什么？,0,YES,YES
2026-06-15 19:42:00,公司的技术实力如何？,0,YES,YES
2026-06-15 19:42:00,公司的业务运营模式是什么？,0,YES,YES
2026-06-15 19:42:00,公司的技术实力如何？,0,YES,YES
2026-06-15 19:42:00,公司的技术创新机制是什么？,0,YES,YES
2026-06-15 19:42:00,公司的主要销售模式是什么？,0,YES,YES
2026-06-15 19:42:01,公司的技术创新机制是什么？,0,YES,YES
2026-06-15 19:42:01,这个文档主要讲什么内容？,0,YES,YES
2026-06-15 19:42:01,这个文档主要讲什么内容？,0,YES,YES
2026-06-15 19:42:01,公司的技术实力如何？,0,YES,YES
2026-06-15 19:42:01,公司的业务运营模式是什么？,0,YES,YES
2026-06-15 19:42:01,公司的业务运营模式是什么？,0,YES,YES
2026-06-15 19:42:01,这个文档主要讲什么内容？,0,YES,YES
2026-06-15 19:42:01,公司的技术创新机制是什么？,0,YES,YES
2026-06-15 19:42:01,这个文档主要讲什么内容？,0,YES,YES
2026-06-15 19:42:02,公司的业务运营模式是什么？,0,YES,YES
2026-06-15 19:42:02,公司的业务运营模式是什么？,0,YES,YES
2026-06-15 19:42:02,公司的产品开发流程是什么？,194098,YES,NO
2026-06-15 19:42:02,公司的主要销售模式是什么？,0,YES,YES
2026-06-15 19:42:02,公司的采购与关联交易情况如何？,0,YES,YES
2026-06-15 19:42:02,公司的产品开发流程是什么？,0,YES,YES
2026-06-15 19:42:02,公司的采购与关联交易情况如何？,0,YES,YES
2026-06-15 19:42:03,公司的业务运营模式是什么？,0,YES,YES
2026-06-15 19:42:03,这个文档主要讲什么内容？,0,YES,YES
2026-06-15 19:42:03,公司的业务运营模式是什么？,0,YES,YES
2026-06-15 19:42:03,公司的技术创新机制是什么？,0,YES,YES
2026-06-15 19:42:03,这个文档主要讲什么内容？,0,YES,YES
2026-06-15 19:42:03,公司的采购与关联交易情况如何？,0,YES,YES
2026-06-15 19:42:03,公司的主要销售模式是什么？,0,YES,YES
2026-06-15 19:42:03,公司的主要销售模式是什么？,0,YES,YES
2026-06-15 19:42:04,公司的主要销售模式是什么？,0,YES,YES
2026-06-15 19:42:04,这个文档主要讲什么内容？,0,YES,YES
2026-06-15 19:42:04,公司的主要销售模式是什么？,0,YES,YES
2026-06-15 19:42:04,公司的主要业务是什么？,0,YES,YES
2026-06-15 19:42:04,公司的主要业务是什么？,0,YES,YES
2026-06-15 19:42:04,公司的产品开发流程是什么？,0,YES,YES
2026-06-15 19:42:04,公司的技术创新机制是什么？,0,YES,YES
2026-06-15 19:42:04,公司的产品开发流程是什么？,0,YES,YES
2026-06-15 19:42:05,这个文档主要讲什么内容？,0,YES,YES
2026-06-15 19:42:05,公司的采购与关联交易情况如何？,0,YES,YES
2026-06-15 19:42:05,这个文档主要讲什么内容？,0,YES,YES
2026-06-15 19:42:05,这个文档主要讲什么内容？,0,YES,YES
2026-06-15 19:42:06,公司的主要业务是什么？,0,YES,YES
2026-06-15 19:42:06,公司的主要销售模式是什么？,0,YES,YES
2026-06-15 19:42:06,公司的主要销售模式是什么？,0,YES,YES
2026-06-15 19:42:06,公司的技术实力如何？,0,YES,YES
2026-06-15 19:42:06,公司的产品开发流程是什么？,0,YES,YES
2026-06-15 19:42:06,公司的产品开发流程是什么？,0,YES,YES
2026-06-15 19:42:06,公司的技术创新机制是什么？,0,YES,YES
2026-06-15 19:42:06,公司的技术创新机制是什么？,0,YES,YES
2026-06-15 19:42:06,公司的产品开发流程是什么？,0,YES,YES
2026-06-15 19:42:06,公司的技术实力如何？,0,YES,YES
2026-06-15 19:42:07,公司的技术实力如何？,0,YES,YES
2026-06-15 19:42:07,公司的产品开发流程是什么？,0,YES,YES
2026-06-15 19:42:07,公司的主要销售模式是什么？,0,YES,YES
2026-06-15 19:42:07,公司的采购与关联交易情况如何？,0,YES,YES
2026-06-15 19:42:07,公司的主要销售模式是什么？,0,YES,YES
2026-06-15 19:42:07,公司的主要销售模式是什么？,0,YES,YES
2026-06-15 19:42:08,公司的技术创新机制是什么？,0,YES,YES
2026-06-15 19:42:08,公司的主要业务是什么？,0,YES,YES
2026-06-15 19:42:08,公司的业务运营模式是什么？,0,YES,YES
2026-06-15 19:42:08,公司的产品开发流程是什么？,0,YES,YES
2026-06-15 19:42:08,公司的采购与关联交易情况如何？,0,YES,YES
2026-06-15 19:42:08,公司的技术创新机制是什么？,0,YES,YES
2026-06-15 19:42:08,公司的业务运营模式是什么？,0,YES,YES
2026-06-15 19:42:09,公司的业务运营模式是什么？,0,YES,YES
2026-06-15 19:42:09,公司的采购与关联交易情况如何？,0,YES,YES
2026-06-15 19:42:09,公司的技术创新机制是什么？,0,YES,YES
2026-06-15 19:42:09,公司的技术创新机制是什么？,0,YES,YES
2026-06-15 19:42:09,公司的产品开发流程是什么？,0,YES,YES
2026-06-15 19:42:09,这个文档主要讲什么内容？,0,YES,YES
2026-06-15 19:42:09,公司的主要业务是什么？,0,YES,YES
2026-06-15 19:42:10,公司的采购与关联交易情况如何？,0,YES,YES
2026-06-15 19:42:10,公司的产品开发流程是什么？,0,YES,YES
2026-06-15 19:42:10,这个文档主要讲什么内容？,0,YES,YES
2026-06-15 19:42:10,公司的技术创新机制是什么？,0,YES,YES
2026-06-15 19:42:10,公司的产品开发流程是什么？,0,YES,YES
2026-06-15 19:42:10,公司的技术创新机制是什么？,0,YES,YES
2026-06-15 19:42:11,公司的主要业务是什么？,0,YES,YES
2026-06-15 19:42:11,公司的技术实力如何？,0,YES,YES
2026-06-15 19:42:11,公司的采购与关联交易情况如何？,0,YES,YES
2026-06-15 19:42:11,公司的采购与关联交易情况如何？,0,YES,YES
2026-06-15 19:42:11,公司的主要业务是什么？,0,YES,YES
2026-06-15 19:42:11,这个文档主要讲什么内容？,0,YES,YES
2026-06-15 19:42:11,公司的主要销售模式是什么？,0,YES,YES
2026-06-15 19:42:12,公司的技术创新机制是什么？,0,YES,YES
2026-06-15 19:42:12,公司的业务运营模式是什么？,0,YES,YES
2026-06-15 19:42:12,公司的采购与关联交易情况如何？,0,YES,YES
2026-06-15 19:42:12,公司的采购与关联交易情况如何？,0,YES,YES
2026-06-15 19:42:12,公司的主要销售模式是什么？,0,YES,YES
2026-06-15 19:42:12,公司的主要业务是什么？,0,YES,YES
2026-06-15 19:42:12,公司的技术实力如何？,0,YES,YES
2026-06-15 19:42:12,公司的技术实力如何？,0,YES,YES
2026-06-15 19:42:13,公司的主要业务是什么？,0,YES,YES
2026-06-15 19:42:13,公司的采购与关联交易情况如何？,0,YES,YES
2026-06-15 19:42:13,公司的技术创新机制是什么？,0,YES,YES
2026-06-15 19:42:13,公司的产品开发流程是什么？,0,YES,YES
2026-06-15 19:42:14,公司的技术实力如何？,0,YES,YES
2026-06-15 19:42:14,公司的主要业务是什么？,0,YES,YES
2026-06-15 19:42:14,公司的采购与关联交易情况如何？,0,YES,YES
2026-06-15 19:42:14,这个文档主要讲什么内容？,0,YES,YES
2026-06-15 19:42:14,公司的产品开发流程是什么？,0,YES,YES
2026-06-15 19:42:14,公司的主要销售模式是什么？,0,YES,YES
2026-06-15 19:42:14,公司的采购与关联交易情况如何？,0,YES,YES
2026-06-15 19:42:14,公司的业务运营模式是什么？,0,YES,YES
2026-06-15 19:42:14,公司的主要业务是什么？,0,YES,YES
2026-06-15 19:42:15,公司的技术创新机制是什么？,0,YES,YES
2026-06-15 19:42:15,公司的技术实力如何？,0,YES,YES
2026-06-15 19:42:15,公司的主要业务是什么？,0,YES,YES
2026-06-15 19:42:15,公司的技术实力如何？,0,YES,YES
2026-06-15 19:42:15,公司的业务运营模式是什么？,0,YES,YES
2026-06-15 19:42:15,公司的主要业务是什么？,0,YES,YES
2026-06-15 19:42:15,公司的业务运营模式是什么？,0,YES,YES
2026-06-15 19:42:15,公司的技术实力如何？,0,YES,YES
2026-06-15 19:42:16,公司的主要销售模式是什么？,0,YES,YES
2026-06-15 19:42:16,公司的产品开发流程是什么？,0,YES,YES
2026-06-15 19:42:16,公司的主要业务是什么？,0,YES,YES
2026-06-15 19:42:16,这个文档主要讲什么内容？,0,YES,YES
2026-06-15 19:42:16,公司的采购与关联交易情况如何？,0,YES,YES
2026-06-15 19:42:16,公司的主要业务是什么？,0,YES,YES
2026-06-15 19:42:16,这个文档主要讲什么内容？,0,YES,YES
2026-06-15 19:42:17,公司的技术创新机制是什么？,0,YES,YES
2026-06-15 19:42:17,公司的产品开发流程是什么？,0,YES,YES
2026-06-15 19:42:17,公司的技术实力如何？,0,YES,YES
2026-06-15 19:42:17,公司的技术实力如何？,0,YES,YES
2026-06-15 19:42:17,公司的技术实力如何？,0,YES,YES
2026-06-15 19:42:17,公司的主要业务是什么？,0,YES,YES
2026-06-15 19:42:17,公司的业务运营模式是什么？,0,YES,YES
2026-06-15 19:42:18,公司的业务运营模式是什么？,0,YES,YES
2026-06-15 19:42:18,公司的业务运营模式是什么？,0,YES,YES
2026-06-15 19:42:18,公司的主要销售模式是什么？,0,YES,YES
2026-06-15 19:42:18,公司的采购与关联交易情况如何？,0,YES,YES
2026-06-15 19:42:18,公司的技术创新机制是什么？,0,YES,YES
2026-06-15 19:42:18,这个文档主要讲什么内容？,0,YES,YES
2026-06-15 19:42:18,公司的技术创新机制是什么？,0,YES,YES
2026-06-15 19:42:18,公司的技术实力如何？,0,YES,YES
2026-06-15 19:42:19,公司的业务运营模式是什么？,0,YES,YES
2026-06-15 19:42:19,公司的主要销售模式是什么？,0,YES,YES
2026-06-15 19:42:19,公司的业务运营模式是什么？,0,YES,YES
2026-06-15 19:42:19,公司的主要销售模式是什么？,0,YES,YES
2026-06-15 19:42:19,公司的技术实力如何？,0,YES,YES
2026-06-15 19:42:19,公司的业务运营模式是什么？,0,YES,YES
2026-06-15 19:42:20,公司的采购与关联交易情况如何？,0,YES,YES
2026-06-15 19:42:20,公司的采购与关联交易情况如何？,0,YES,YES
2026-06-15 19:42:20,这个文档主要讲什么内容？,0,YES,YES
2026-06-15 19:42:20,公司的业务运营模式是什么？,0,YES,YES
2026-06-15 19:42:20,公司的产品开发流程是什么？,0,YES,YES
2026-06-15 19:42:20,公司的技术实力如何？,0,YES,YES
2026-06-15 19:42:20,公司的产品开发流程是什么？,0,YES,YES
2026-06-15 19:42:20,公司的主要业务是什么？,0,YES,YES
2026-06-15 19:42:20,这个文档主要讲什么内容？,0,YES,YES
2026-06-15 19:42:20,这个文档主要讲什么内容？,0,YES,YES
2026-06-15 19:42:20,这个文档主要讲什么内容？,0,YES,YES
2026-06-15 19:42:20,这个文档主要讲什么内容？,0,YES,YES
2026-06-15 19:42:20,公司的产品开发流程是什么？,0,YES,YES
2026-06-15 19:42:21,公司的主要业务是什么？,0,YES,YES
2026-06-15 19:42:21,这个文档主要讲什么内容？,0,YES,YES
2026-06-15 19:42:21,公司的主要销售模式是什么？,0,YES,YES
2026-06-15 19:42:21,这个文档主要讲什么内容？,0,YES,YES
2026-06-15 19:42:22,公司的主要销售模式是什么？,0,YES,YES
2026-06-15 19:42:22,公司的业务运营模式是什么？,0,YES,YES
2026-06-15 19:42:22,公司的技术创新机制是什么？,0,YES,YES
2026-06-15 19:42:22,公司的主要业务是什么？,0,YES,YES
2026-06-15 19:42:22,公司的技术实力如何？,0,YES,YES
2026-06-15 19:42:22,公司的主要销售模式是什么？,0,YES,YES
2026-06-15 19:42:22,公司的主要销售模式是什么？,0,YES,YES
2026-06-15 19:42:22,公司的业务运营模式是什么？,0,YES,YES
2026-06-15 19:42:23,公司的主要销售模式是什么？,0,YES,YES
2026-06-15 19:42:23,公司的主要销售模式是什么？,0,YES,YES
2026-06-15 19:42:23,公司的技术创新机制是什么？,0,YES,YES
2026-06-15 19:42:23,公司的技术实力如何？,0,YES,YES
2026-06-15 19:42:23,公司的技术创新机制是什么？,0,YES,YES
2026-06-15 19:42:23,公司的产品开发流程是什么？,0,YES,YES
2026-06-15 19:42:24,这个文档主要讲什么内容？,0,YES,YES
2026-06-15 19:42:24,公司的产品开发流程是什么？,0,YES,YES
2026-06-15 19:42:24,公司的产品开发流程是什么？,0,YES,YES
2026-06-15 19:42:24,公司的采购与关联交易情况如何？,0,YES,YES
2026-06-15 19:42:24,公司的主要销售模式是什么？,0,YES,YES
2026-06-15 19:42:24,公司的技术实力如何？,0,YES,YES
2026-06-15 19:42:24,这个文档主要讲什么内容？,0,YES,YES
2026-06-15 19:42:25,公司的业务运营模式是什么？,0,YES,YES
2026-06-15 19:42:25,公司的产品开发流程是什么？,0,YES,YES
2026-06-15 19:42:25,公司的主要销售模式是什么？,0,YES,YES
2026-06-15 19:42:25,公司的产品开发流程是什么？,0,YES,YES
2026-06-15 19:42:25,公司的主要业务是什么？,0,YES,YES
2026-06-15 19:42:25,公司的采购与关联交易情况如何？,0,YES,YES
2026-06-15 19:42:25,公司的技术创新机制是什么？,0,YES,YES
2026-06-15 19:42:25,公司的产品开发流程是什么？,0,YES,YES
2026-06-15 19:42:26,公司的业务运营模式是什么？,0,YES,YES
2026-06-15 19:42:26,公司的业务运营模式是什么？,0,YES,YES
2026-06-15 19:42:26,公司的采购与关联交易情况如何？,0,YES,YES
2026-06-15 19:42:26,公司的技术创新机制是什么？,0,YES,YES
2026-06-15 19:42:26,公司的技术创新机制是什么？,0,YES,YES
2026-06-15 19:42:26,公司的技术创新机制是什么？,0,YES,YES
2026-06-15 19:42:26,公司的产品开发流程是什么？,0,YES,YES
2026-06-15 19:42:27,公司的采购与关联交易情况如何？,0,YES,YES
2026-06-15 19:42:27,公司的技术创新机制是什么？,0,YES,YES
2026-06-15 19:42:27,公司的产品开发流程是什么？,0,YES,YES
2026-06-15 19:42:27,这个文档主要讲什么内容？,0,YES,YES
2026-06-15 19:42:27,公司的主要销售模式是什么？,0,YES,YES
2026-06-15 19:42:27,公司的技术实力如何？,0,YES,YES
2026-06-15 19:42:27,公司的采购与关联交易情况如何？,0,YES,YES
2026-06-15 19:42:27,这个文档主要讲什么内容？,0,YES,YES
2026-06-15 19:42:28,公司的技术创新机制是什么？,0,YES,YES
2026-06-15 19:42:28,公司的采购与关联交易情况如何？,0,YES,YES
2026-06-15 19:42:28,这个文档主要讲什么内容？,0,YES,YES
2026-06-15 19:42:28,公司的技术创新机制是什么？,0,YES,YES
2026-06-15 19:42:28,公司的主要业务是什么？,0,YES,YES
2026-06-15 19:42:28,公司的采购与关联交易情况如何？,0,YES,YES
2026-06-15 19:42:28,公司的主要业务是什么？,0,YES,YES
2026-06-15 19:42:29,公司的产品开发流程是什么？,0,YES,YES
2026-06-15 19:42:29,公司的主要销售模式是什么？,0,YES,YES
2026-06-15 19:42:29,公司的业务运营模式是什么？,0,YES,YES
2026-06-15 19:42:29,公司的采购与关联交易情况如何？,0,YES,YES
2026-06-15 19:42:29,公司的采购与关联交易情况如何？,0,YES,YES
2026-06-15 19:42:29,公司的主要销售模式是什么？,0,YES,YES
2026-06-15 19:42:29,公司的技术创新机制是什么？,0,YES,YES
2026-06-15 19:42:29,公司的主要业务是什么？,0,YES,YES
2026-06-15 19:42:29,这个文档主要讲什么内容？,247945,YES,NO
2026-06-15 19:42:29,公司的主要业务是什么？,0,YES,YES
2026-06-15 19:42:29,公司的主要业务是什么？,0,YES,YES
2026-06-15 19:42:30,公司的技术实力如何？,0,YES,YES
2026-06-15 19:42:30,公司的主要业务是什么？,0,YES,YES
2026-06-15 19:42:30,公司的主要销售模式是什么？,0,YES,YES
2026-06-15 19:42:30,公司的技术创新机制是什么？,0,YES,YES
2026-06-15 19:42:30,公司的产品开发流程是什么？,0,YES,YES
2026-06-15 19:42:30,公司的主要业务是什么？,0,YES,YES
2026-06-15 19:42:30,公司的技术实力如何？,0,YES,YES
2026-06-15 19:42:30,公司的技术实力如何？,0,YES,YES
2026-06-15 19:42:31,这个文档主要讲什么内容？,0,YES,YES
2026-06-15 19:42:31,公司的技术实力如何？,0,YES,YES
2026-06-15 19:42:31,公司的主要业务是什么？,0,YES,YES
2026-06-15 19:42:31,公司的技术实力如何？,0,YES,YES
2026-06-15 19:42:31,公司的技术实力如何？,0,YES,YES
2026-06-15 19:42:31,公司的采购与关联交易情况如何？,0,YES,YES
2026-06-15 19:42:31,公司的产品开发流程是什么？,0,YES,YES
2026-06-15 19:42:31,公司的采购与关联交易情况如何？,0,YES,YES
2026-06-15 19:42:32,公司的业务运营模式是什么？,0,YES,YES
2026-06-15 19:42:32,公司的主要销售模式是什么？,0,YES,YES
2026-06-15 19:42:32,公司的主要销售模式是什么？,0,YES,YES
2026-06-15 19:42:32,公司的产品开发流程是什么？,0,YES,YES
2026-06-15 19:42:32,公司的技术实力如何？,0,YES,YES
2026-06-15 19:42:32,公司的业务运营模式是什么？,0,YES,YES
2026-06-15 19:42:33,公司的主要业务是什么？,0,YES,YES
2026-06-15 19:42:33,公司的业务运营模式是什么？,0,YES,YES
2026-06-15 19:42:33,公司的业务运营模式是什么？,0,YES,YES
2026-06-15 19:42:33,公司的采购与关联交易情况如何？,0,YES,YES
2026-06-15 19:42:33,这个文档主要讲什么内容？,0,YES,YES
2026-06-15 19:42:33,公司的技术创新机制是什么？,0,YES,YES
2026-06-15 19:42:33,公司的技术实力如何？,0,YES,YES
2026-06-15 19:42:33,公司的业务运营模式是什么？,0,YES,YES
2026-06-15 19:42:33,公司的技术创新机制是什么？,0,YES,YES
2026-06-15 19:42:33,公司的业务运营模式是什么？,0,YES,YES
2026-06-15 19:42:33,公司的技术创新机制是什么？,0,YES,YES
2026-06-15 19:42:34,公司的业务运营模式是什么？,0,YES,YES
2026-06-15 19:42:34,公司的业务运营模式是什么？,0,YES,YES
2026-06-15 19:42:34,这个文档主要讲什么内容？,0,YES,YES
2026-06-15 19:42:34,公司的主要业务是什么？,0,YES,YES
2026-06-15 19:42:34,公司的产品开发流程是什么？,0,YES,YES
2026-06-15 19:42:34,公司的采购与关联交易情况如何？,0,YES,YES
2026-06-15 19:42:35,公司的产品开发流程是什么？,0,YES,YES
2026-06-15 19:42:35,公司的技术实力如何？,0,YES,YES
2026-06-15 19:42:35,公司的采购与关联交易情况如何？,0,YES,YES
2026-06-15 19:42:35,公司的主要销售模式是什么？,0,YES,YES
2026-06-15 19:42:35,这个文档主要讲什么内容？,0,YES,YES
2026-06-15 19:42:35,公司的主要销售模式是什么？,0,YES,YES
2026-06-15 19:42:36,这个文档主要讲什么内容？,0,YES,YES
2026-06-15 19:42:36,这个文档主要讲什么内容？,0,YES,YES
2026-06-15 19:42:36,公司的主要业务是什么？,0,YES,YES
2026-06-15 19:42:36,公司的主要业务是什么？,0,YES,YES
2026-06-15 19:42:36,公司的技术创新机制是什么？,0,YES,YES
2026-06-15 19:42:36,公司的技术创新机制是什么？,0,YES,YES
2026-06-15 19:42:36,公司的主要业务是什么？,0,YES,YES
2026-06-15 19:42:36,公司的业务运营模式是什么？,0,YES,YES
2026-06-15 19:42:36,这个文档主要讲什么内容？,0,YES,YES
2026-06-15 19:42:36,公司的采购与关联交易情况如何？,0,YES,YES
2026-06-15 19:42:37,公司的技术实力如何？,0,YES,YES
2026-06-15 19:42:37,公司的产品开发流程是什么？,0,YES,YES
2026-06-15 19:42:37,公司的主要销售模式是什么？,0,YES,YES
2026-06-15 19:42:37,这个文档主要讲什么内容？,0,YES,YES
2026-06-15 19:42:37,这个文档主要讲什么内容？,0,YES,YES
2026-06-15 19:42:37,公司的主要销售模式是什么？,0,YES,YES
2026-06-15 19:42:37,公司的技术实力如何？,0,YES,YES
2026-06-15 19:42:37,公司的技术实力如何？,0,YES,YES
2026-06-15 19:42:38,公司的采购与关联交易情况如何？,0,YES,YES
2026-06-15 19:42:38,公司的主要销售模式是什么？,0,YES,YES
2026-06-15 19:42:38,公司的产品开发流程是什么？,0,YES,YES
2026-06-15 19:42:38,公司的主要销售模式是什么？,0,YES,YES
2026-06-15 19:42:38,公司的主要销售模式是什么？,0,YES,YES
2026-06-15 19:42:38,公司的技术实力如何？,0,YES,YES
2026-06-15 19:42:38,公司的技术创新机制是什么？,0,YES,YES
2026-06-15 19:42:38,这个文档主要讲什么内容？,0,YES,YES
2026-06-15 19:42:38,公司的采购与关联交易情况如何？,0,YES,YES
2026-06-15 19:42:39,公司的主要业务是什么？,0,YES,YES
2026-06-15 19:42:39,公司的产品开发流程是什么？,0,YES,YES
2026-06-15 19:42:39,公司的业务运营模式是什么？,0,YES,YES
2026-06-15 19:42:39,公司的产品开发流程是什么？,0,YES,YES
2026-06-15 19:42:39,公司的业务运营模式是什么？,0,YES,YES
2026-06-15 19:42:39,公司的主要销售模式是什么？,0,YES,YES
2026-06-15 19:42:39,公司的业务运营模式是什么？,0,YES,YES
2026-06-15 19:42:39,公司的技术创新机制是什么？,0,YES,YES
2026-06-15 19:42:39,公司的采购与关联交易情况如何？,0,YES,YES
2026-06-15 19:42:40,公司的产品开发流程是什么？,0,YES,YES
2026-06-15 19:42:40,公司的主要销售模式是什么？,0,YES,YES
2026-06-15 19:42:40,公司的主要业务是什么？,0,YES,YES
2026-06-15 19:42:40,公司的产品开发流程是什么？,0,YES,YES
2026-06-15 19:42:40,公司的产品开发流程是什么？,0,YES,YES
2026-06-15 19:42:40,公司的业务运营模式是什么？,0,YES,YES
2026-06-15 19:42:40,公司的技术实力如何？,0,YES,YES
2026-06-15 19:42:41,公司的主要业务是什么？,0,YES,YES
2026-06-15 19:42:41,这个文档主要讲什么内容？,0,YES,YES
2026-06-15 19:42:41,公司的主要业务是什么？,0,YES,YES
2026-06-15 19:42:41,公司的技术创新机制是什么？,0,YES,YES
2026-06-15 19:42:41,公司的采购与关联交易情况如何？,0,YES,YES
2026-06-15 19:42:41,公司的产品开发流程是什么？,0,YES,YES
2026-06-15 19:42:41,公司的技术创新机制是什么？,0,YES,YES
2026-06-15 19:42:41,公司的技术创新机制是什么？,0,YES,YES
2026-06-15 19:42:42,公司的产品开发流程是什么？,0,YES,YES
2026-06-15 19:42:42,公司的技术创新机制是什么？,0,YES,YES
2026-06-15 19:42:42,这个文档主要讲什么内容？,0,YES,YES
2026-06-15 19:42:42,公司的技术实力如何？,0,YES,YES
2026-06-15 19:42:42,这个文档主要讲什么内容？,0,YES,YES
2026-06-15 19:42:42,公司的技术创新机制是什么？,0,YES,YES
2026-06-15 19:42:42,公司的技术实力如何？,0,YES,YES
2026-06-15 19:42:42,公司的业务运营模式是什么？,0,YES,YES
2026-06-15 19:42:42,公司的技术实力如何？,0,YES,YES
2026-06-15 19:42:43,这个文档主要讲什么内容？,0,YES,YES
2026-06-15 19:42:43,公司的采购与关联交易情况如何？,0,YES,YES
2026-06-15 19:42:43,公司的主要销售模式是什么？,0,YES,YES
2026-06-15 19:42:43,公司的采购与关联交易情况如何？,0,YES,YES
2026-06-15 19:42:43,公司的采购与关联交易情况如何？,0,YES,YES
2026-06-15 19:42:43,公司的业务运营模式是什么？,0,YES,YES
2026-06-15 19:42:43,公司的主要业务是什么？,0,YES,YES
2026-06-15 19:42:43,公司的主要销售模式是什么？,0,YES,YES
2026-06-15 19:42:44,公司的采购与关联交易情况如何？,0,YES,YES
2026-06-15 19:42:44,公司的主要销售模式是什么？,0,YES,YES
2026-06-15 19:42:44,公司的技术创新机制是什么？,0,YES,YES
2026-06-15 19:42:44,公司的采购与关联交易情况如何？,0,YES,YES
2026-06-15 19:42:44,公司的技术创新机制是什么？,0,YES,YES
2026-06-15 19:42:44,公司的业务运营模式是什么？,0,YES,YES
2026-06-15 19:42:44,公司的主要销售模式是什么？,255581,YES,NO
2026-06-15 19:42:44,公司的主要销售模式是什么？,0,YES,YES
2026-06-15 19:42:44,公司的业务运营模式是什么？,0,YES,YES
2026-06-15 19:42:44,这个文档主要讲什么内容？,0,YES,YES
2026-06-15 19:42:45,公司的主要业务是什么？,0,YES,YES
2026-06-15 19:42:45,公司的主要业务是什么？,0,YES,YES
2026-06-15 19:42:45,公司的主要业务是什么？,0,YES,YES
2026-06-15 19:42:46,公司的产品开发流程是什么？,0,YES,YES
2026-06-15 19:42:46,这个文档主要讲什么内容？,0,YES,YES
2026-06-15 19:42:46,公司的主要业务是什么？,0,YES,YES
2026-06-15 19:42:46,公司的产品开发流程是什么？,0,YES,YES
2026-06-15 19:42:46,公司的技术实力如何？,0,YES,YES
2026-06-15 19:42:46,这个文档主要讲什么内容？,0,YES,YES
2026-06-15 19:42:46,公司的采购与关联交易情况如何？,0,YES,YES
2026-06-15 19:42:47,公司的产品开发流程是什么？,0,YES,YES
2026-06-15 19:42:47,这个文档主要讲什么内容？,0,YES,YES
2026-06-15 19:42:47,公司的产品开发流程是什么？,0,YES,YES
2026-06-15 19:42:47,公司的主要业务是什么？,0,YES,YES
2026-06-15 19:42:47,公司的技术实力如何？,0,YES,YES
2026-06-15 19:42:47,公司的主要销售模式是什么？,0,YES,YES
2026-06-15 19:42:47,公司的采购与关联交易情况如何？,0,YES,YES
2026-06-15 19:42:47,公司的产品开发流程是什么？,0,YES,YES
2026-06-15 19:42:47,公司的技术实力如何？,0,YES,YES
2026-06-15 19:42:47,公司的技术创新机制是什么？,0,YES,YES
2026-06-15 19:42:47,公司的技术实力如何？,0,YES,YES
2026-06-15 19:42:47,公司的主要销售模式是什么？,0,YES,YES
2026-06-15 19:42:47,公司的技术实力如何？,0,YES,YES
2026-06-15 19:42:48,公司的技术创新机制是什么？,0,YES,YES
2026-06-15 19:42:48,公司的主要销售模式是什么？,0,YES,YES
2026-06-15 19:42:48,公司的产品开发流程是什么？,0,YES,YES
2026-06-15 19:42:48,公司的技术实力如何？,0,YES,YES
2026-06-15 19:42:48,公司的主要销售模式是什么？,0,YES,YES
2026-06-15 19:42:48,公司的业务运营模式是什么？,0,YES,YES
2026-06-15 19:42:49,公司的技术创新机制是什么？,0,YES,YES
2026-06-15 19:42:49,公司的产品开发流程是什么？,0,YES,YES
2026-06-15 19:42:49,公司的主要业务是什么？,0,YES,YES
2026-06-15 19:42:49,公司的技术创新机制是什么？,0,YES,YES
2026-06-15 19:42:49,公司的主要销售模式是什么？,261943,YES,NO
2026-06-15 19:42:49,公司的主要业务是什么？,0,YES,YES
2026-06-15 19:42:49,公司的业务运营模式是什么？,0,YES,YES
2026-06-15 19:42:49,公司的技术创新机制是什么？,0,YES,YES
2026-06-15 19:42:49,公司的业务运营模式是什么？,0,YES,YES
2026-06-15 19:42:49,公司的采购与关联交易情况如何？,0,YES,YES
2026-06-15 19:42:50,公司的业务运营模式是什么？,0,YES,YES
2026-06-15 19:42:50,公司的业务运营模式是什么？,0,YES,YES
2026-06-15 19:42:50,公司的采购与关联交易情况如何？,0,YES,YES
2026-06-15 19:42:50,公司的技术创新机制是什么？,0,YES,YES
2026-06-15 19:42:50,公司的产品开发流程是什么？,0,YES,YES
2026-06-15 19:42:50,公司的产品开发流程是什么？,0,YES,YES
2026-06-15 19:42:51,这个文档主要讲什么内容？,0,YES,YES
2026-06-15 19:42:51,这个文档主要讲什么内容？,0,YES,YES
2026-06-15 19:42:51,公司的采购与关联交易情况如何？,0,YES,YES
2026-06-15 19:42:51,公司的采购与关联交易情况如何？,0,YES,YES
2026-06-15 19:42:51,公司的产品开发流程是什么？,0,YES,YES
2026-06-15 19:42:51,公司的业务运营模式是什么？,0,YES,YES
2026-06-15 19:42:51,公司的技术实力如何？,0,YES,YES
2026-06-15 19:42:51,公司的技术创新机制是什么？,0,YES,YES
2026-06-15 19:42:51,公司的主要业务是什么？,0,YES,YES
2026-06-15 19:42:51,公司的采购与关联交易情况如何？,0,YES,YES
2026-06-15 19:42:52,公司的技术实力如何？,0,YES,YES
2026-06-15 19:42:52,公司的采购与关联交易情况如何？,0,YES,YES
2026-06-15 19:42:52,公司的技术创新机制是什么？,0,YES,YES
2026-06-15 19:42:52,这个文档主要讲什么内容？,0,YES,YES
2026-06-15 19:42:52,这个文档主要讲什么内容？,0,YES,YES
2026-06-15 19:42:52,公司的采购与关联交易情况如何？,0,YES,YES
2026-06-15 19:42:52,公司的主要销售模式是什么？,0,YES,YES
2026-06-15 19:42:52,公司的主要业务是什么？,0,YES,YES
2026-06-15 19:42:52,公司的主要业务是什么？,0,YES,YES
2026-06-15 19:42:52,这个文档主要讲什么内容？,0,YES,YES
2026-06-15 19:42:53,公司的技术创新机制是什么？,0,YES,YES
2026-06-15 19:42:53,公司的技术实力如何？,0,YES,YES
2026-06-15 19:42:53,这个文档主要讲什么内容？,0,YES,YES
2026-06-15 19:42:53,公司的主要业务是什么？,0,YES,YES
2026-06-15 19:42:53,公司的主要销售模式是什么？,0,YES,YES
2026-06-15 19:42:53,公司的业务运营模式是什么？,0,YES,YES
2026-06-15 19:42:53,公司的技术创新机制是什么？,0,YES,YES
2026-06-15 19:42:53,公司的业务运营模式是什么？,0,YES,YES
2026-06-15 19:42:53,公司的主要业务是什么？,0,YES,YES
2026-06-15 19:42:53,公司的采购与关联交易情况如何？,0,YES,YES
2026-06-15 19:42:54,公司的技术实力如何？,0,YES,YES
2026-06-15 19:42:54,公司的主要销售模式是什么？,0,YES,YES
2026-06-15 19:42:54,公司的产品开发流程是什么？,0,YES,YES
2026-06-15 19:42:54,公司的技术实力如何？,0,YES,YES
2026-06-15 19:42:54,公司的主要业务是什么？,0,YES,YES
2026-06-15 19:42:54,公司的主要销售模式是什么？,0,YES,YES
2026-06-15 19:42:55,公司的产品开发流程是什么？,0,YES,YES
2026-06-15 19:42:55,这个文档主要讲什么内容？,0,YES,YES
2026-06-15 19:42:55,公司的主要销售模式是什么？,0,YES,YES
2026-06-15 19:42:55,公司的主要业务是什么？,0,YES,YES
2026-06-15 19:42:55,公司的技术实力如何？,0,YES,YES
2026-06-15 19:42:55,公司的主要销售模式是什么？,0,YES,YES
2026-06-15 19:42:55,公司的采购与关联交易情况如何？,0,YES,YES
2026-06-15 19:42:55,公司的技术创新机制是什么？,0,YES,YES
2026-06-15 19:42:55,公司的技术实力如何？,0,YES,YES
2026-06-15 19:42:55,公司的采购与关联交易情况如何？,0,YES,YES
2026-06-15 19:42:55,公司的业务运营模式是什么？,0,YES,YES
2026-06-15 19:42:56,公司的业务运营模式是什么？,0,YES,YES
2026-06-15 19:42:56,这个文档主要讲什么内容？,0,YES,YES
2026-06-15 19:42:56,公司的业务运营模式是什么？,0,YES,YES
2026-06-15 19:42:56,公司的主要业务是什么？,0,YES,YES
2026-06-15 19:42:56,公司的业务运营模式是什么？,0,YES,YES
2026-06-15 19:42:56,公司的产品开发流程是什么？,0,YES,YES
2026-06-15 19:42:56,公司的业务运营模式是什么？,0,YES,YES
2026-06-15 19:42:56,公司的采购与关联交易情况如何？,0,YES,YES
2026-06-15 19:42:56,公司的技术实力如何？,0,YES,YES
2026-06-15 19:42:56,公司的产品开发流程是什么？,0,YES,YES
2026-06-15 19:42:57,公司的主要业务是什么？,0,YES,YES
2026-06-15 19:42:57,公司的主要销售模式是什么？,0,YES,YES
2026-06-15 19:42:57,这个文档主要讲什么内容？,0,YES,YES
2026-06-15 19:42:57,公司的技术实力如何？,0,YES,YES
2026-06-15 19:42:57,这个文档主要讲什么内容？,0,YES,YES
2026-06-15 19:42:57,公司的产品开发流程是什么？,0,YES,YES
2026-06-15 19:42:57,公司的技术实力如何？,0,YES,YES
2026-06-15 19:42:57,公司的产品开发流程是什么？,0,YES,YES
2026-06-15 19:42:57,公司的技术创新机制是什么？,0,YES,YES
2026-06-15 19:42:58,公司的主要业务是什么？,0,YES,YES
2026-06-15 19:42:58,这个文档主要讲什么内容？,0,YES,YES
2026-06-15 19:42:58,公司的技术创新机制是什么？,0,YES,YES
2026-06-15 19:42:58,公司的技术创新机制是什么？,0,YES,YES
2026-06-15 19:42:58,公司的业务运营模式是什么？,0,YES,YES
2026-06-15 19:42:58,这个文档主要讲什么内容？,0,YES,YES
2026-06-15 19:42:58,这个文档主要讲什么内容？,0,YES,YES
2026-06-15 19:42:59,公司的技术实力如何？,0,YES,YES
2026-06-15 19:42:59,公司的产品开发流程是什么？,0,YES,YES
2026-06-15 19:42:59,公司的主要销售模式是什么？,0,YES,YES
2026-06-15 19:42:59,公司的主要业务是什么？,0,YES,YES
2026-06-15 19:42:59,公司的技术实力如何？,0,YES,YES
2026-06-15 19:42:59,公司的采购与关联交易情况如何？,0,YES,YES
2026-06-15 19:42:59,公司的采购与关联交易情况如何？,0,YES,YES
2026-06-15 19:42:59,公司的业务运营模式是什么？,0,YES,YES
2026-06-15 19:42:59,公司的技术创新机制是什么？,0,YES,YES
2026-06-15 19:42:59,公司的技术创新机制是什么？,0,YES,YES
2026-06-15 19:43:00,公司的主要销售模式是什么？,0,YES,YES
2026-06-15 19:43:00,公司的主要销售模式是什么？,0,YES,YES
2026-06-15 19:43:00,公司的主要销售模式是什么？,0,YES,YES
2026-06-15 19:43:00,公司的主要销售模式是什么？,0,YES,YES
2026-06-15 19:43:00,公司的产品开发流程是什么？,0,YES,YES
2026-06-15 19:43:00,公司的业务运营模式是什么？,0,YES,YES
2026-06-15 19:43:00,这个文档主要讲什么内容？,0,YES,YES
2026-06-15 19:43:00,公司的主要业务是什么？,0,YES,YES
2026-06-15 19:43:00,这个文档主要讲什么内容？,0,YES,YES
2026-06-15 19:43:00,公司的技术实力如何？,0,YES,YES
2026-06-15 19:43:00,公司的主要销售模式是什么？,0,YES,YES
2026-06-15 19:43:00,公司的采购与关联交易情况如何？,0,YES,YES
2026-06-15 19:43:01,公司的技术创新机制是什么？,0,YES,YES
2026-06-15 19:43:01,公司的采购与关联交易情况如何？,0,YES,YES
2026-06-15 19:43:01,公司的业务运营模式是什么？,0,YES,YES
2026-06-15 19:43:01,公司的采购与关联交易情况如何？,0,YES,YES
2026-06-15 19:43:01,公司的业务运营模式是什么？,0,YES,YES
2026-06-15 19:43:01,公司的主要业务是什么？,0,YES,YES
2026-06-15 19:43:01,公司的产品开发流程是什么？,0,YES,YES
2026-06-15 19:43:02,公司的主要业务是什么？,0,YES,YES
2026-06-15 19:43:02,这个文档主要讲什么内容？,0,YES,YES
2026-06-15 19:43:02,公司的产品开发流程是什么？,0,YES,YES
2026-06-15 19:43:02,公司的产品开发流程是什么？,0,YES,YES
2026-06-15 19:43:02,公司的产品开发流程是什么？,0,YES,YES
2026-06-15 19:43:02,公司的主要销售模式是什么？,0,YES,YES
2026-06-15 19:43:02,公司的业务运营模式是什么？,171143,YES,NO
2026-06-15 19:43:02,公司的采购与关联交易情况如何？,0,YES,YES
2026-06-15 19:43:02,公司的主要业务是什么？,0,YES,YES
2026-06-15 19:43:02,公司的技术创新机制是什么？,0,YES,YES
2026-06-15 19:43:02,这个文档主要讲什么内容？,0,YES,YES
2026-06-15 19:43:03,公司的产品开发流程是什么？,0,YES,YES
2026-06-15 19:43:03,公司的技术实力如何？,0,YES,YES
2026-06-15 19:43:03,公司的主要销售模式是什么？,0,YES,YES
2026-06-15 19:43:03,公司的技术实力如何？,0,YES,YES
2026-06-15 19:43:03,这个文档主要讲什么内容？,0,YES,YES
2026-06-15 19:43:03,公司的业务运营模式是什么？,0,YES,YES
2026-06-15 19:43:03,公司的技术创新机制是什么？,0,YES,YES
2026-06-15 19:43:03,公司的主要业务是什么？,0,YES,YES
2026-06-15 19:43:04,公司的主要业务是什么？,0,YES,YES
2026-06-15 19:43:04,这个文档主要讲什么内容？,0,YES,YES
2026-06-15 19:43:04,公司的技术实力如何？,0,YES,YES
2026-06-15 19:43:04,公司的技术创新机制是什么？,0,YES,YES
2026-06-15 19:43:04,公司的技术实力如何？,0,YES,YES
2026-06-15 19:43:04,公司的主要销售模式是什么？,0,YES,YES
2026-06-15 19:43:04,公司的技术创新机制是什么？,0,YES,YES
2026-06-15 19:43:04,公司的技术创新机制是什么？,0,YES,YES
2026-06-15 19:43:04,公司的技术创新机制是什么？,0,YES,YES
2026-06-15 19:43:05,公司的主要销售模式是什么？,0,YES,YES
2026-06-15 19:43:05,公司的业务运营模式是什么？,0,YES,YES
2026-06-15 19:43:05,公司的产品开发流程是什么？,0,YES,YES
2026-06-15 19:43:05,公司的采购与关联交易情况如何？,0,YES,YES
2026-06-15 19:43:05,公司的主要销售模式是什么？,0,YES,YES
2026-06-15 19:43:05,公司的技术实力如何？,0,YES,YES
2026-06-15 19:43:05,公司的采购与关联交易情况如何？,0,YES,YES
2026-06-15 19:43:05,公司的主要销售模式是什么？,0,YES,YES
2026-06-15 19:43:05,公司的采购与关联交易情况如何？,0,YES,YES
2026-06-15 19:43:05,公司的技术实力如何？,0,YES,YES
2026-06-15 19:43:05,这个文档主要讲什么内容？,0,YES,YES
2026-06-15 19:43:05,公司的产品开发流程是什么？,0,YES,YES
2026-06-15 19:43:06,公司的业务运营模式是什么？,0,YES,YES
2026-06-15 19:43:06,公司的业务运营模式是什么？,0,YES,YES
2026-06-15 19:43:06,公司的产品开发流程是什么？,0,YES,YES
2026-06-15 19:43:06,公司的采购与关联交易情况如何？,0,YES,YES
2026-06-15 19:43:06,公司的业务运营模式是什么？,0,YES,YES
2026-06-15 19:43:07,公司的产品开发流程是什么？,0,YES,YES
2026-06-15 19:43:07,公司的采购与关联交易情况如何？,0,YES,YES
2026-06-15 19:43:07,公司的技术创新机制是什么？,0,YES,YES
2026-06-15 19:43:07,公司的主要业务是什么？,0,YES,YES
2026-06-15 19:43:07,公司的业务运营模式是什么？,0,YES,YES
2026-06-15 19:43:07,公司的产品开发流程是什么？,0,YES,YES
2026-06-15 19:43:07,公司的主要业务是什么？,0,YES,YES
2026-06-15 19:43:07,公司的主要业务是什么？,0,YES,YES
2026-06-15 19:43:07,公司的采购与关联交易情况如何？,0,YES,YES
2026-06-15 19:43:07,这个文档主要讲什么内容？,0,YES,YES
2026-06-15 19:43:07,公司的业务运营模式是什么？,0,YES,YES
2026-06-15 19:43:07,公司的技术创新机制是什么？,0,YES,YES
2026-06-15 19:43:08,公司的技术创新机制是什么？,0,YES,YES
2026-06-15 19:43:08,这个文档主要讲什么内容？,0,YES,YES
2026-06-15 19:43:08,公司的产品开发流程是什么？,0,YES,YES
2026-06-15 19:43:08,公司的技术创新机制是什么？,0,YES,YES
2026-06-15 19:43:08,公司的主要业务是什么？,0,YES,YES
2026-06-15 19:43:08,公司的主要销售模式是什么？,0,YES,YES
2026-06-15 19:43:08,公司的主要业务是什么？,0,YES,YES
2026-06-15 19:43:08,公司的技术创新机制是什么？,0,YES,YES
2026-06-15 19:43:08,这个文档主要讲什么内容？,0,YES,YES
2026-06-15 19:43:08,公司的技术实力如何？,0,YES,YES
2026-06-15 19:43:08,公司的技术实力如何？,0,YES,YES
2026-06-15 19:43:09,公司的采购与关联交易情况如何？,0,YES,YES
2026-06-15 19:43:09,这个文档主要讲什么内容？,0,YES,YES
2026-06-15 19:43:09,这个文档主要讲什么内容？,0,YES,YES
2026-06-15 19:43:09,这个文档主要讲什么内容？,0,YES,YES
2026-06-15 19:43:09,公司的技术实力如何？,0,YES,YES
2026-06-15 19:43:09,公司的采购与关联交易情况如何？,0,YES,YES
2026-06-15 19:43:09,公司的主要业务是什么？,0,YES,YES
2026-06-15 19:43:09,公司的技术实力如何？,0,YES,YES
2026-06-15 19:43:10,公司的技术实力如何？,0,YES,YES
2026-06-15 19:43:10,公司的主要销售模式是什么？,0,YES,YES
2026-06-15 19:43:10,公司的采购与关联交易情况如何？,0,YES,YES
2026-06-15 19:43:10,公司的采购与关联交易情况如何？,0,YES,YES
2026-06-15 19:43:10,公司的主要销售模式是什么？,0,YES,YES
2026-06-15 19:43:10,公司的主要销售模式是什么？,0,YES,YES
2026-06-15 19:43:10,公司的业务运营模式是什么？,0,YES,YES
2026-06-15 19:43:10,公司的产品开发流程是什么？,0,YES,YES
2026-06-15 19:43:10,公司的业务运营模式是什么？,0,YES,YES
2026-06-15 19:43:10,公司的主要销售模式是什么？,0,YES,YES
2026-06-15 19:43:11,公司的采购与关联交易情况如何？,0,YES,YES
2026-06-15 19:43:11,公司的技术创新机制是什么？,0,YES,YES
2026-06-15 19:43:11,公司的主要业务是什么？,0,YES,YES
2026-06-15 19:43:11,公司的主要业务是什么？,0,YES,YES
2026-06-15 19:43:11,公司的业务运营模式是什么？,0,YES,YES
2026-06-15 19:43:11,公司的业务运营模式是什么？,0,YES,YES
2026-06-15 19:43:11,公司的主要销售模式是什么？,0,YES,YES
2026-06-15 19:43:11,公司的主要业务是什么？,0,YES,YES
2026-06-15 19:43:11,公司的产品开发流程是什么？,0,YES,YES
2026-06-15 19:43:11,公司的技术实力如何？,0,YES,YES
2026-06-15 19:43:12,公司的技术创新机制是什么？,0,YES,YES
2026-06-15 19:43:12,公司的主要销售模式是什么？,0,YES,YES
2026-06-15 19:43:12,公司的技术实力如何？,0,YES,YES
2026-06-15 19:43:12,公司的业务运营模式是什么？,0,YES,YES
2026-06-15 19:43:12,公司的主要业务是什么？,0,YES,YES
2026-06-15 19:43:12,公司的采购与关联交易情况如何？,0,YES,YES
2026-06-15 19:43:12,公司的产品开发流程是什么？,0,YES,YES
2026-06-15 19:43:12,公司的主要业务是什么？,0,YES,YES
2026-06-15 19:43:13,公司的技术创新机制是什么？,0,YES,YES
2026-06-15 19:43:13,公司的产品开发流程是什么？,0,YES,YES
2026-06-15 19:43:13,公司的业务运营模式是什么？,0,YES,YES
2026-06-15 19:43:13,这个文档主要讲什么内容？,0,YES,YES
2026-06-15 19:43:13,公司的产品开发流程是什么？,0,YES,YES
2026-06-15 19:43:13,这个文档主要讲什么内容？,0,YES,YES
2026-06-15 19:43:13,公司的产品开发流程是什么？,0,YES,YES
2026-06-15 19:43:13,公司的产品开发流程是什么？,0,YES,YES
2026-06-15 19:43:13,公司的业务运营模式是什么？,0,YES,YES
2026-06-15 19:43:13,公司的技术实力如何？,0,YES,YES
2026-06-15 19:43:13,这个文档主要讲什么内容？,0,YES,YES
2026-06-15 19:43:14,这个文档主要讲什么内容？,0,YES,YES
2026-06-15 19:43:14,公司的技术实力如何？,0,YES,YES
2026-06-15 19:43:14,这个文档主要讲什么内容？,0,YES,YES
2026-06-15 19:43:14,公司的技术实力如何？,0,YES,YES
2026-06-15 19:43:14,公司的主要业务是什么？,0,YES,YES
2026-06-15 19:43:14,这个文档主要讲什么内容？,293505,YES,NO
2026-06-15 19:43:14,公司的采购与关联交易情况如何？,0,YES,YES
2026-06-15 19:43:14,公司的技术创新机制是什么？,0,YES,YES
2026-06-15 19:43:14,公司的技术实力如何？,0,YES,YES
2026-06-15 19:43:14,公司的技术创新机制是什么？,0,YES,YES
2026-06-15 19:43:14,公司的采购与关联交易情况如何？,0,YES,YES
2026-06-15 19:43:15,公司的主要销售模式是什么？,0,YES,YES
2026-06-15 19:43:15,公司的技术创新机制是什么？,0,YES,YES
2026-06-15 19:43:15,这个文档主要讲什么内容？,0,YES,YES
2026-06-15 19:43:15,这个文档主要讲什么内容？,0,YES,YES
2026-06-15 19:43:15,公司的主要销售模式是什么？,0,YES,YES
2026-06-15 19:43:15,公司的技术创新机制是什么？,0,YES,YES
2026-06-15 19:43:15,公司的主要销售模式是什么？,0,YES,YES
2026-06-15 19:43:15,公司的技术实力如何？,0,YES,YES
2026-06-15 19:43:15,公司的主要销售模式是什么？,0,YES,YES
2026-06-15 19:43:15,公司的技术创新机制是什么？,0,YES,YES
2026-06-15 19:43:16,公司的业务运营模式是什么？,0,YES,YES
2026-06-15 19:43:16,公司的产品开发流程是什么？,0,YES,YES
2026-06-15 19:43:16,公司的业务运营模式是什么？,0,YES,YES
2026-06-15 19:43:16,公司的业务运营模式是什么？,0,YES,YES
2026-06-15 19:43:16,公司的业务运营模式是什么？,0,YES,YES
2026-06-15 19:43:16,公司的采购与关联交易情况如何？,0,YES,YES
2026-06-15 19:43:16,公司的主要销售模式是什么？,0,YES,YES
2026-06-15 19:43:16,公司的主要业务是什么？,0,YES,YES
2026-06-15 19:43:17,公司的主要销售模式是什么？,0,YES,YES
2026-06-15 19:43:17,公司的主要销售模式是什么？,0,YES,YES
2026-06-15 19:43:17,公司的采购与关联交易情况如何？,0,YES,YES
2026-06-15 19:43:17,公司的主要业务是什么？,0,YES,YES
2026-06-15 19:43:17,公司的采购与关联交易情况如何？,0,YES,YES
2026-06-15 19:43:17,这个文档主要讲什么内容？,0,YES,YES
2026-06-15 19:43:17,公司的产品开发流程是什么？,0,YES,YES
2026-06-15 19:43:17,这个文档主要讲什么内容？,0,YES,YES
2026-06-15 19:43:17,这个文档主要讲什么内容？,0,YES,YES
2026-06-15 19:43:17,公司的技术实力如何？,0,YES,YES
2026-06-15 19:43:17,这个文档主要讲什么内容？,0,YES,YES
2026-06-15 19:43:18,公司的主要销售模式是什么？,0,YES,YES
2026-06-15 19:43:18,公司的业务运营模式是什么？,0,YES,YES
2026-06-15 19:43:18,公司的采购与关联交易情况如何？,0,YES,YES
2026-06-15 19:43:18,公司的产品开发流程是什么？,0,YES,YES
2026-06-15 19:43:18,公司的技术创新机制是什么？,0,YES,YES
2026-06-15 19:43:18,公司的产品开发流程是什么？,0,YES,YES
2026-06-15 19:43:18,公司的采购与关联交易情况如何？,0,YES,YES
2026-06-15 19:43:18,公司的主要业务是什么？,0,YES,YES
2026-06-15 19:43:18,公司的产品开发流程是什么？,0,YES,YES
2026-06-15 19:43:18,公司的产品开发流程是什么？,0,YES,YES
2026-06-15 19:43:19,公司的产品开发流程是什么？,0,YES,YES
2026-06-15 19:43:19,公司的主要销售模式是什么？,0,YES,YES
2026-06-15 19:43:19,公司的主要销售模式是什么？,0,YES,YES
2026-06-15 19:43:19,公司的产品开发流程是什么？,0,YES,YES
2026-06-15 19:43:19,公司的主要销售模式是什么？,0,YES,YES
2026-06-15 19:43:20,公司的技术创新机制是什么？,0,YES,YES
2026-06-15 19:43:20,公司的主要业务是什么？,0,YES,YES
2026-06-15 19:43:20,公司的主要销售模式是什么？,0,YES,YES
2026-06-15 19:43:20,公司的主要业务是什么？,0,YES,YES
2026-06-15 19:43:20,公司的技术创新机制是什么？,0,YES,YES
2026-06-15 19:43:20,公司的采购与关联交易情况如何？,0,YES,YES
2026-06-15 19:43:20,公司的主要业务是什么？,0,YES,YES
2026-06-15 19:43:20,公司的技术实力如何？,0,YES,YES
2026-06-15 19:43:20,公司的产品开发流程是什么？,0,YES,YES
2026-06-15 19:43:20,公司的主要业务是什么？,0,YES,YES
2026-06-15 19:43:20,公司的技术实力如何？,0,YES,YES
2026-06-15 19:43:20,公司的技术创新机制是什么？,0,YES,YES
2026-06-15 19:43:20,公司的业务运营模式是什么？,0,YES,YES
2026-06-15 19:43:20,公司的产品开发流程是什么？,0,YES,YES
2026-06-15 19:43:20,公司的技术创新机制是什么？,0,YES,YES
2026-06-15 19:43:21,这个文档主要讲什么内容？,0,YES,YES
2026-06-15 19:43:21,公司的技术创新机制是什么？,0,YES,YES
2026-06-15 19:43:21,公司的技术实力如何？,0,YES,YES
2026-06-15 19:43:21,公司的产品开发流程是什么？,0,YES,YES
2026-06-15 19:43:21,公司的采购与关联交易情况如何？,0,YES,YES
2026-06-15 19:43:21,公司的技术实力如何？,0,YES,YES
2026-06-15 19:43:21,公司的采购与关联交易情况如何？,0,YES,YES
2026-06-15 19:43:21,公司的技术创新机制是什么？,0,YES,YES
2026-06-15 19:43:21,公司的业务运营模式是什么？,0,YES,YES
2026-06-15 19:43:22,公司的技术创新机制是什么？,0,YES,YES
2026-06-15 19:43:22,这个文档主要讲什么内容？,0,YES,YES
2026-06-15 19:43:22,公司的主要业务是什么？,0,YES,YES
2026-06-15 19:43:22,公司的产品开发流程是什么？,0,YES,YES
2026-06-15 19:43:22,公司的技术创新机制是什么？,0,YES,YES
2026-06-15 19:43:22,公司的业务运营模式是什么？,0,YES,YES
2026-06-15 19:43:22,公司的技术实力如何？,0,YES,YES
2026-06-15 19:43:22,公司的技术创新机制是什么？,0,YES,YES
2026-06-15 19:43:22,公司的采购与关联交易情况如何？,0,YES,YES
2026-06-15 19:43:22,公司的技术实力如何？,0,YES,YES
2026-06-15 19:43:22,公司的主要销售模式是什么？,0,YES,YES
2026-06-15 19:43:23,公司的业务运营模式是什么？,0,YES,YES
2026-06-15 19:43:23,这个文档主要讲什么内容？,0,YES,YES
2026-06-15 19:43:23,公司的采购与关联交易情况如何？,0,YES,YES
2026-06-15 19:43:23,公司的采购与关联交易情况如何？,0,YES,YES
2026-06-15 19:43:23,公司的技术创新机制是什么？,0,YES,YES
2026-06-15 19:43:23,公司的主要业务是什么？,0,YES,YES
2026-06-15 19:43:23,公司的采购与关联交易情况如何？,0,YES,YES
2026-06-15 19:43:23,公司的采购与关联交易情况如何？,0,YES,YES
2026-06-15 19:43:23,公司的业务运营模式是什么？,0,YES,YES
2026-06-15 19:43:24,公司的产品开发流程是什么？,0,YES,YES
2026-06-15 19:43:24,公司的业务运营模式是什么？,0,YES,YES
2026-06-15 19:43:24,这个文档主要讲什么内容？,0,YES,YES
2026-06-15 19:43:24,公司的业务运营模式是什么？,0,YES,YES
2026-06-15 19:43:24,公司的主要销售模式是什么？,0,YES,YES
2026-06-15 19:43:24,公司的采购与关联交易情况如何？,0,YES,YES
2026-06-15 19:43:24,公司的主要业务是什么？,0,YES,YES
2026-06-15 19:43:24,公司的技术实力如何？,0,YES,YES
2026-06-15 19:43:24,公司的采购与关联交易情况如何？,0,YES,YES
2026-06-15 19:43:25,公司的技术创新机制是什么？,0,YES,YES
2026-06-15 19:43:25,这个文档主要讲什么内容？,0,YES,YES
2026-06-15 19:43:25,公司的主要销售模式是什么？,0,YES,YES
2026-06-15 19:43:25,公司的主要业务是什么？,0,YES,YES
2026-06-15 19:43:25,公司的技术实力如何？,0,YES,YES
2026-06-15 19:43:25,公司的采购与关联交易情况如何？,0,YES,YES
2026-06-15 19:43:25,公司的主要业务是什么？,0,YES,YES
2026-06-15 19:43:25,公司的主要业务是什么？,0,YES,YES
2026-06-15 19:43:25,公司的技术创新机制是什么？,0,YES,YES
2026-06-15 19:43:25,公司的主要业务是什么？,0,YES,YES
2026-06-15 19:43:25,这个文档主要讲什么内容？,0,YES,YES
2026-06-15 19:43:25,公司的主要业务是什么？,0,YES,YES
2026-06-15 19:43:26,公司的业务运营模式是什么？,0,YES,YES
2026-06-15 19:43:26,这个文档主要讲什么内容？,0,YES,YES
2026-06-15 19:43:26,公司的产品开发流程是什么？,0,YES,YES
2026-06-15 19:43:26,公司的主要销售模式是什么？,0,YES,YES
2026-06-15 19:43:26,公司的主要业务是什么？,0,YES,YES
2026-06-15 19:43:26,公司的主要销售模式是什么？,0,YES,YES
2026-06-15 19:43:26,公司的业务运营模式是什么？,0,YES,YES
2026-06-15 19:43:26,这个文档主要讲什么内容？,0,YES,YES
2026-06-15 19:43:26,公司的采购与关联交易情况如何？,0,YES,YES
2026-06-15 19:43:27,公司的技术实力如何？,0,YES,YES
2026-06-15 19:43:27,公司的采购与关联交易情况如何？,0,YES,YES
2026-06-15 19:43:27,公司的主要业务是什么？,0,YES,YES
2026-06-15 19:43:27,公司的技术实力如何？,0,YES,YES
2026-06-15 19:43:27,公司的技术实力如何？,0,YES,YES
2026-06-15 19:43:27,公司的技术实力如何？,0,YES,YES
2026-06-15 19:43:27,公司的主要业务是什么？,0,YES,YES
2026-06-15 19:43:27,公司的主要销售模式是什么？,0,YES,YES
2026-06-15 19:43:27,公司的产品开发流程是什么？,0,YES,YES
2026-06-15 19:43:27,公司的技术创新机制是什么？,0,YES,YES
2026-06-15 19:43:28,公司的技术实力如何？,0,YES,YES
2026-06-15 19:43:28,公司的主要销售模式是什么？,0,YES,YES
2026-06-15 19:43:28,公司的技术实力如何？,0,YES,YES
2026-06-15 19:43:28,公司的产品开发流程是什么？,0,YES,YES
2026-06-15 19:43:28,公司的业务运营模式是什么？,0,YES,YES
2026-06-15 19:43:28,这个文档主要讲什么内容？,0,YES,YES
2026-06-15 19:43:28,公司的主要销售模式是什么？,0,YES,YES
2026-06-15 19:43:28,公司的技术实力如何？,0,YES,YES
2026-06-15 19:43:28,公司的主要业务是什么？,0,YES,YES
2026-06-15 19:43:28,公司的技术实力如何？,0,YES,YES
2026-06-15 19:43:28,公司的产品开发流程是什么？,0,YES,YES
2026-06-15 19:43:28,这个文档主要讲什么内容？,0,YES,YES
2026-06-15 19:43:29,公司的业务运营模式是什么？,0,YES,YES
2026-06-15 19:43:29,公司的业务运营模式是什么？,0,YES,YES
2026-06-15 19:43:29,公司的产品开发流程是什么？,0,YES,YES
2026-06-15 19:43:29,公司的业务运营模式是什么？,0,YES,YES
2026-06-15 19:43:29,公司的采购与关联交易情况如何？,0,YES,YES
2026-06-15 19:43:29,公司的技术实力如何？,0,YES,YES
2026-06-15 19:43:29,公司的主要业务是什么？,0,YES,YES
2026-06-15 19:43:29,公司的业务运营模式是什么？,0,YES,YES
2026-06-15 19:43:29,公司的产品开发流程是什么？,0,YES,YES
2026-06-15 19:43:29,公司的业务运营模式是什么？,0,YES,YES
2026-06-15 19:43:30,公司的产品开发流程是什么？,0,YES,YES
2026-06-15 19:43:30,公司的技术创新机制是什么？,0,YES,YES
2026-06-15 19:43:30,公司的技术实力如何？,0,YES,YES
2026-06-15 19:43:30,公司的业务运营模式是什么？,0,YES,YES
2026-06-15 19:43:30,公司的主要销售模式是什么？,0,YES,YES
2026-06-15 19:43:30,公司的业务运营模式是什么？,0,YES,YES
2026-06-15 19:43:30,公司的主要销售模式是什么？,0,YES,YES
2026-06-15 19:43:30,这个文档主要讲什么内容？,0,YES,YES
2026-06-15 19:43:31,这个文档主要讲什么内容？,0,YES,YES
2026-06-15 19:43:31,公司的技术创新机制是什么？,0,YES,YES
2026-06-15 19:43:31,公司的技术创新机制是什么？,0,YES,YES
2026-06-15 19:43:31,公司的技术创新机制是什么？,0,YES,YES
2026-06-15 19:43:31,这个文档主要讲什么内容？,0,YES,YES
2026-06-15 19:43:31,这个文档主要讲什么内容？,0,YES,YES
2026-06-15 19:43:31,公司的技术实力如何？,0,YES,YES
2026-06-15 19:43:31,这个文档主要讲什么内容？,0,YES,YES
2026-06-15 19:43:31,公司的主要业务是什么？,0,YES,YES
2026-06-15 19:43:31,公司的业务运营模式是什么？,0,YES,YES
2026-06-15 19:43:31,这个文档主要讲什么内容？,0,YES,YES
2026-06-15 19:43:32,这个文档主要讲什么内容？,0,YES,YES
2026-06-15 19:43:32,公司的产品开发流程是什么？,0,YES,YES
2026-06-15 19:43:32,公司的产品开发流程是什么？,0,YES,YES
2026-06-15 19:43:32,公司的技术创新机制是什么？,0,YES,YES
2026-06-15 19:43:32,公司的业务运营模式是什么？,0,YES,YES
2026-06-15 19:43:32,公司的采购与关联交易情况如何？,0,YES,YES
2026-06-15 19:43:32,公司的主要销售模式是什么？,0,YES,YES
2026-06-15 19:43:32,公司的业务运营模式是什么？,0,YES,YES
2026-06-15 19:43:32,公司的采购与关联交易情况如何？,0,YES,YES
2026-06-15 19:43:32,公司的采购与关联交易情况如何？,0,YES,YES
2026-06-15 19:43:33,公司的主要销售模式是什么？,0,YES,YES
2026-06-15 19:43:33,公司的技术创新机制是什么？,0,YES,YES
2026-06-15 19:43:33,公司的技术实力如何？,0,YES,YES
2026-06-15 19:43:33,公司的主要销售模式是什么？,0,YES,YES
2026-06-15 19:43:33,公司的主要销售模式是什么？,0,YES,YES
2026-06-15 19:43:33,这个文档主要讲什么内容？,0,YES,YES
2026-06-15 19:43:33,公司的采购与关联交易情况如何？,0,YES,YES
2026-06-15 19:43:33,公司的技术创新机制是什么？,0,YES,YES
2026-06-15 19:43:33,公司的主要销售模式是什么？,0,YES,YES
2026-06-15 19:43:34,公司的主要销售模式是什么？,0,YES,YES
2026-06-15 19:43:34,这个文档主要讲什么内容？,0,YES,YES
2026-06-15 19:43:34,公司的业务运营模式是什么？,0,YES,YES
2026-06-15 19:43:34,公司的主要业务是什么？,0,YES,YES
2026-06-15 19:43:34,公司的采购与关联交易情况如何？,0,YES,YES
2026-06-15 19:43:34,公司的产品开发流程是什么？,0,YES,YES
2026-06-15 19:43:34,公司的产品开发流程是什么？,0,YES,YES
2026-06-15 19:43:34,这个文档主要讲什么内容？,0,YES,YES
2026-06-15 19:43:34,公司的采购与关联交易情况如何？,0,YES,YES
2026-06-15 19:43:34,公司的产品开发流程是什么？,0,YES,YES
2026-06-15 19:43:34,公司的技术创新机制是什么？,0,YES,YES
2026-06-15 19:43:35,公司的主要业务是什么？,0,YES,YES
2026-06-15 19:43:35,公司的主要销售模式是什么？,0,YES,YES
2026-06-15 19:43:35,公司的产品开发流程是什么？,0,YES,YES
2026-06-15 19:43:35,这个文档主要讲什么内容？,0,YES,YES
2026-06-15 19:43:35,公司的主要业务是什么？,0,YES,YES
2026-06-15 19:43:35,公司的产品开发流程是什么？,0,YES,YES
2026-06-15 19:43:35,公司的主要业务是什么？,0,YES,YES
2026-06-15 19:43:35,公司的主要销售模式是什么？,0,YES,YES
2026-06-15 19:43:35,公司的技术创新机制是什么？,0,YES,YES
2026-06-15 19:43:35,公司的技术创新机制是什么？,0,YES,YES
2026-06-15 19:43:35,公司的主要销售模式是什么？,0,YES,YES
2026-06-15 19:43:36,公司的技术实力如何？,0,YES,YES
2026-06-15 19:43:36,公司的主要业务是什么？,0,YES,YES
2026-06-15 19:43:36,公司的采购与关联交易情况如何？,0,YES,YES
2026-06-15 19:43:36,公司的主要销售模式是什么？,0,YES,YES
2026-06-15 19:43:36,公司的技术创新机制是什么？,0,YES,YES
2026-06-15 19:43:36,这个文档主要讲什么内容？,0,YES,YES
2026-06-15 19:43:37,公司的技术实力如何？,0,YES,YES
2026-06-15 19:43:37,公司的采购与关联交易情况如何？,0,YES,YES
2026-06-15 19:43:37,公司的产品开发流程是什么？,0,YES,YES
2026-06-15 19:43:37,公司的技术创新机制是什么？,0,YES,YES
2026-06-15 19:43:37,公司的产品开发流程是什么？,0,YES,YES
2026-06-15 19:43:37,公司的主要销售模式是什么？,0,YES,YES
2026-06-15 19:43:37,公司的主要业务是什么？,0,YES,YES
2026-06-15 19:43:37,公司的技术创新机制是什么？,0,YES,YES
2026-06-15 19:43:37,公司的采购与关联交易情况如何？,0,YES,YES
2026-06-15 19:43:37,公司的产品开发流程是什么？,0,YES,YES
2026-06-15 19:43:37,公司的采购与关联交易情况如何？,0,YES,YES
2026-06-15 19:43:37,公司的主要销售模式是什么？,0,YES,YES
2026-06-15 19:43:37,公司的产品开发流程是什么？,0,YES,YES
2026-06-15 19:43:38,公司的技术实力如何？,0,YES,YES
2026-06-15 19:43:38,公司的业务运营模式是什么？,0,YES,YES
2026-06-15 19:43:38,公司的技术实力如何？,0,YES,YES
2026-06-15 19:43:38,公司的采购与关联交易情况如何？,0,YES,YES
2026-06-15 19:43:38,公司的主要业务是什么？,0,YES,YES
2026-06-15 19:43:39,公司的采购与关联交易情况如何？,0,YES,YES
2026-06-15 19:43:39,公司的技术实力如何？,0,YES,YES
2026-06-15 19:43:39,公司的产品开发流程是什么？,0,YES,YES
2026-06-15 19:43:39,公司的技术实力如何？,0,YES,YES
2026-06-15 19:43:39,公司的技术创新机制是什么？,0,YES,YES
2026-06-15 19:43:39,公司的技术创新机制是什么？,0,YES,YES
2026-06-15 19:43:39,这个文档主要讲什么内容？,0,YES,YES
2026-06-15 19:43:39,公司的技术创新机制是什么？,0,YES,YES
2026-06-15 19:43:39,公司的采购与关联交易情况如何？,0,YES,YES
2026-06-15 19:43:39,公司的主要业务是什么？,0,YES,YES
2026-06-15 19:43:39,公司的主要业务是什么？,0,YES,YES
2026-06-15 19:43:39,公司的业务运营模式是什么？,0,YES,YES
2026-06-15 19:43:39,公司的产品开发流程是什么？,0,YES,YES
2026-06-15 19:43:39,公司的主要业务是什么？,0,YES,YES
2026-06-15 19:43:40,公司的业务运营模式是什么？,0,YES,YES
2026-06-15 19:43:40,公司的技术创新机制是什么？,0,YES,YES
2026-06-15 19:43:40,公司的产品开发流程是什么？,0,YES,YES
2026-06-15 19:43:40,公司的业务运营模式是什么？,0,YES,YES
2026-06-15 19:43:40,公司的技术创新机制是什么？,0,YES,YES
2026-06-15 19:43:40,公司的主要业务是什么？,0,YES,YES
2026-06-15 19:43:40,公司的业务运营模式是什么？,0,YES,YES
2026-06-15 19:43:40,公司的主要业务是什么？,0,YES,YES
2026-06-15 19:43:40,公司的业务运营模式是什么？,0,YES,YES
2026-06-15 19:43:40,公司的技术实力如何？,0,YES,YES
2026-06-15 19:43:40,公司的主要销售模式是什么？,0,YES,YES
2026-06-15 19:43:41,这个文档主要讲什么内容？,0,YES,YES
2026-06-15 19:43:41,公司的采购与关联交易情况如何？,0,YES,YES
2026-06-15 19:43:41,公司的技术实力如何？,0,YES,YES
2026-06-15 19:43:41,这个文档主要讲什么内容？,0,YES,YES
2026-06-15 19:43:41,公司的主要业务是什么？,0,YES,YES
2026-06-15 19:43:41,公司的技术创新机制是什么？,0,YES,YES
2026-06-15 19:43:41,公司的技术创新机制是什么？,0,YES,YES
2026-06-15 19:43:41,公司的技术实力如何？,0,YES,YES
2026-06-15 19:43:42,公司的技术实力如何？,0,YES,YES
2026-06-15 19:43:42,这个文档主要讲什么内容？,0,YES,YES
2026-06-15 19:43:42,公司的采购与关联交易情况如何？,0,YES,YES
2026-06-15 19:43:42,公司的采购与关联交易情况如何？,0,YES,YES
2026-06-15 19:43:42,公司的采购与关联交易情况如何？,0,YES,YES
2026-06-15 19:43:42,公司的主要销售模式是什么？,0,YES,YES
2026-06-15 19:43:42,这个文档主要讲什么内容？,0,YES,YES
2026-06-15 19:43:42,公司的业务运营模式是什么？,0,YES,YES
2026-06-15 19:43:42,公司的技术实力如何？,0,YES,YES
2026-06-15 19:43:42,公司的技术实力如何？,0,YES,YES
2026-06-15 19:43:43,公司的产品开发流程是什么？,0,YES,YES
2026-06-15 19:43:43,公司的采购与关联交易情况如何？,0,YES,YES
2026-06-15 19:43:43,这个文档主要讲什么内容？,0,YES,YES
2026-06-15 19:43:43,公司的业务运营模式是什么？,0,YES,YES
2026-06-15 19:43:43,公司的技术实力如何？,0,YES,YES
2026-06-15 19:43:43,公司的采购与关联交易情况如何？,0,YES,YES
2026-06-15 19:43:43,公司的主要销售模式是什么？,0,YES,YES
2026-06-15 19:43:43,公司的业务运营模式是什么？,0,YES,YES
2026-06-15 19:43:43,公司的主要业务是什么？,0,YES,YES
2026-06-15 19:43:44,公司的主要业务是什么？,0,YES,YES
2026-06-15 19:43:44,这个文档主要讲什么内容？,0,YES,YES
2026-06-15 19:43:44,公司的产品开发流程是什么？,0,YES,YES
2026-06-15 19:43:44,公司的业务运营模式是什么？,0,YES,YES
2026-06-15 19:43:44,公司的业务运营模式是什么？,0,YES,YES
2026-06-15 19:43:44,公司的主要业务是什么？,0,YES,YES
2026-06-15 19:43:44,公司的主要销售模式是什么？,0,YES,YES
2026-06-15 19:43:44,公司的采购与关联交易情况如何？,0,YES,YES
2026-06-15 19:43:44,公司的业务运营模式是什么？,0,YES,YES
2026-06-15 19:43:44,公司的业务运营模式是什么？,0,YES,YES
2026-06-15 19:43:44,公司的主要业务是什么？,0,YES,YES
2026-06-15 19:43:45,这个文档主要讲什么内容？,0,YES,YES
2026-06-15 19:43:45,公司的主要销售模式是什么？,0,YES,YES
2026-06-15 19:43:45,公司的产品开发流程是什么？,0,YES,YES
2026-06-15 19:43:45,这个文档主要讲什么内容？,0,YES,YES
2026-06-15 19:43:45,这个文档主要讲什么内容？,0,YES,YES
2026-06-15 19:43:45,公司的产品开发流程是什么？,0,YES,YES
2026-06-15 19:43:45,公司的主要销售模式是什么？,0,YES,YES
2026-06-15 19:43:45,这个文档主要讲什么内容？,0,YES,YES
2026-06-15 19:43:45,公司的主要业务是什么？,0,YES,YES
2026-06-15 19:43:45,公司的主要业务是什么？,0,YES,YES
2026-06-15 19:43:45,公司的技术创新机制是什么？,0,YES,YES
2026-06-15 19:43:45,公司的主要销售模式是什么？,0,YES,YES
2026-06-15 19:43:45,公司的主要业务是什么？,0,YES,YES
2026-06-15 19:43:46,公司的技术实力如何？,0,YES,YES
2026-06-15 19:43:46,这个文档主要讲什么内容？,0,YES,YES
2026-06-15 19:43:46,公司的技术实力如何？,0,YES,YES
2026-06-15 19:43:46,公司的技术实力如何？,0,YES,YES
2026-06-15 19:43:46,公司的技术实力如何？,0,YES,YES
2026-06-15 19:43:46,公司的主要销售模式是什么？,0,YES,YES
2026-06-15 19:43:46,公司的技术实力如何？,0,YES,YES
2026-06-15 19:43:46,公司的产品开发流程是什么？,0,YES,YES
2026-06-15 19:43:46,公司的主要销售模式是什么？,0,YES,YES
2026-06-15 19:43:46,公司的产品开发流程是什么？,0,YES,YES
2026-06-15 19:43:46,公司的技术创新机制是什么？,0,YES,YES
2026-06-15 19:43:47,公司的技术创新机制是什么？,0,YES,YES
2026-06-15 19:43:47,公司的技术创新机制是什么？,0,YES,YES
2026-06-15 19:43:47,这个文档主要讲什么内容？,0,YES,YES
2026-06-15 19:43:47,公司的主要销售模式是什么？,0,YES,YES
2026-06-15 19:43:47,公司的技术实力如何？,0,YES,YES
2026-06-15 19:43:47,公司的业务运营模式是什么？,0,YES,YES
2026-06-15 19:43:47,公司的采购与关联交易情况如何？,0,YES,YES
2026-06-15 19:43:48,公司的产品开发流程是什么？,0,YES,YES
2026-06-15 19:43:48,公司的产品开发流程是什么？,0,YES,YES
2026-06-15 19:43:48,公司的主要销售模式是什么？,0,YES,YES
2026-06-15 19:43:48,公司的技术创新机制是什么？,0,YES,YES
2026-06-15 19:43:48,公司的业务运营模式是什么？,0,YES,YES
2026-06-15 19:43:48,公司的主要销售模式是什么？,0,YES,YES
2026-06-15 19:43:48,公司的采购与关联交易情况如何？,0,YES,YES
2026-06-15 19:43:48,公司的技术创新机制是什么？,0,YES,YES
2026-06-15 19:43:48,公司的技术实力如何？,0,YES,YES
2026-06-15 19:43:48,公司的业务运营模式是什么？,0,YES,YES
2026-06-15 19:43:49,公司的采购与关联交易情况如何？,0,YES,YES
2026-06-15 19:43:49,公司的主要销售模式是什么？,0,YES,YES
2026-06-15 19:43:49,公司的产品开发流程是什么？,0,YES,YES
2026-06-15 19:43:49,公司的主要业务是什么？,0,YES,YES
2026-06-15 19:43:49,公司的业务运营模式是什么？,0,YES,YES
2026-06-15 19:43:49,公司的技术创新机制是什么？,0,YES,YES
2026-06-15 19:43:49,公司的产品开发流程是什么？,0,YES,YES
2026-06-15 19:43:49,公司的业务运营模式是什么？,0,YES,YES
2026-06-15 19:43:49,公司的产品开发流程是什么？,0,YES,YES
2026-06-15 19:43:49,公司的业务运营模式是什么？,0,YES,YES
2026-06-15 19:43:49,公司的产品开发流程是什么？,0,YES,YES
2026-06-15 19:43:49,公司的技术创新机制是什么？,0,YES,YES
2026-06-15 19:43:50,公司的主要业务是什么？,0,YES,YES
2026-06-15 19:43:50,这个文档主要讲什么内容？,0,YES,YES
2026-06-15 19:43:50,公司的业务运营模式是什么？,0,YES,YES
2026-06-15 19:43:50,这个文档主要讲什么内容？,0,YES,YES
2026-06-15 19:43:50,公司的采购与关联交易情况如何？,0,YES,YES
2026-06-15 19:43:50,公司的产品开发流程是什么？,0,YES,YES
2026-06-15 19:43:50,这个文档主要讲什么内容？,0,YES,YES
2026-06-15 19:43:50,公司的采购与关联交易情况如何？,0,YES,YES
2026-06-15 19:43:50,这个文档主要讲什么内容？,0,YES,YES
2026-06-15 19:43:50,公司的主要业务是什么？,0,YES,YES
2026-06-15 19:43:51,公司的主要销售模式是什么？,0,YES,YES
2026-06-15 19:43:51,公司的采购与关联交易情况如何？,0,YES,YES
2026-06-15 19:43:51,这个文档主要讲什么内容？,0,YES,YES
2026-06-15 19:43:51,公司的技术实力如何？,0,YES,YES
2026-06-15 19:43:51,公司的技术创新机制是什么？,0,YES,YES
2026-06-15 19:43:51,公司的采购与关联交易情况如何？,0,YES,YES
2026-06-15 19:43:51,公司的技术创新机制是什么？,0,YES,YES
2026-06-15 19:43:51,公司的采购与关联交易情况如何？,0,YES,YES
2026-06-15 19:43:51,公司的主要业务是什么？,0,YES,YES
2026-06-15 19:43:51,这个文档主要讲什么内容？,0,YES,YES
2026-06-15 19:43:52,公司的技术创新机制是什么？,0,YES,YES
2026-06-15 19:43:52,这个文档主要讲什么内容？,0,YES,YES
2026-06-15 19:43:52,公司的主要销售模式是什么？,0,YES,YES
2026-06-15 19:43:52,公司的技术实力如何？,0,YES,YES
2026-06-15 19:43:52,公司的技术创新机制是什么？,0,YES,YES
2026-06-15 19:43:52,公司的主要销售模式是什么？,0,YES,YES
2026-06-15 19:43:52,公司的主要业务是什么？,0,YES,YES
2026-06-15 19:43:52,公司的采购与关联交易情况如何？,0,YES,YES
2026-06-15 19:43:52,公司的主要业务是什么？,0,YES,YES
2026-06-15 19:43:52,公司的技术创新机制是什么？,0,YES,YES
2026-06-15 19:43:53,公司的主要销售模式是什么？,0,YES,YES
2026-06-15 19:43:53,公司的产品开发流程是什么？,0,YES,YES
2026-06-15 19:43:53,公司的主要业务是什么？,0,YES,YES
2026-06-15 19:43:53,公司的业务运营模式是什么？,0,YES,YES
2026-06-15 19:43:53,公司的业务运营模式是什么？,0,YES,YES
2026-06-15 19:43:53,公司的技术实力如何？,0,YES,YES
2026-06-15 19:43:53,公司的主要销售模式是什么？,0,YES,YES
2026-06-15 19:43:53,公司的主要销售模式是什么？,0,YES,YES
2026-06-15 19:43:53,公司的采购与关联交易情况如何？,0,YES,YES
2026-06-15 19:43:53,公司的产品开发流程是什么？,0,YES,YES
2026-06-15 19:43:54,公司的技术实力如何？,0,YES,YES
2026-06-15 19:43:54,公司的技术实力如何？,0,YES,YES
2026-06-15 19:43:54,公司的产品开发流程是什么？,0,YES,YES
2026-06-15 19:43:54,公司的主要业务是什么？,0,YES,YES
2026-06-15 19:43:54,这个文档主要讲什么内容？,0,YES,YES
2026-06-15 19:43:54,公司的主要销售模式是什么？,0,YES,YES
2026-06-15 19:43:54,公司的技术实力如何？,0,YES,YES
2026-06-15 19:43:54,公司的产品开发流程是什么？,0,YES,YES
2026-06-15 19:43:54,公司的采购与关联交易情况如何？,0,YES,YES
2026-06-15 19:43:54,公司的产品开发流程是什么？,0,YES,YES
2026-06-15 19:43:55,公司的业务运营模式是什么？,0,YES,YES
2026-06-15 19:43:55,公司的采购与关联交易情况如何？,0,YES,YES
2026-06-15 19:43:55,公司的主要业务是什么？,0,YES,YES
2026-06-15 19:43:55,公司的主要业务是什么？,0,YES,YES
2026-06-15 19:43:55,公司的技术实力如何？,0,YES,YES
2026-06-15 19:43:55,公司的采购与关联交易情况如何？,0,YES,YES
2026-06-15 19:43:55,公司的业务运营模式是什么？,0,YES,YES
2026-06-15 19:43:55,公司的技术创新机制是什么？,0,YES,YES
2026-06-15 19:43:56,公司的技术创新机制是什么？,0,YES,YES
2026-06-15 19:43:56,公司的产品开发流程是什么？,0,YES,YES
2026-06-15 19:43:56,公司的主要业务是什么？,0,YES,YES
2026-06-15 19:43:56,这个文档主要讲什么内容？,0,YES,YES
2026-06-15 19:43:56,公司的技术实力如何？,0,YES,YES
2026-06-15 19:43:56,公司的业务运营模式是什么？,0,YES,YES
2026-06-15 19:43:56,公司的主要业务是什么？,0,YES,YES
2026-06-15 19:43:56,公司的技术实力如何？,0,YES,YES
2026-06-15 19:43:56,公司的技术实力如何？,0,YES,YES
2026-06-15 19:43:56,公司的技术创新机制是什么？,0,YES,YES
2026-06-15 19:43:56,公司的产品开发流程是什么？,0,YES,YES
2026-06-15 19:43:56,公司的技术创新机制是什么？,0,YES,YES
2026-06-15 19:43:56,公司的主要销售模式是什么？,0,YES,YES
2026-06-15 19:43:57,这个文档主要讲什么内容？,0,YES,YES
2026-06-15 19:43:57,公司的技术创新机制是什么？,0,YES,YES
2026-06-15 19:43:57,公司的采购与关联交易情况如何？,0,YES,YES
2026-06-15 19:43:57,公司的技术创新机制是什么？,0,YES,YES
2026-06-15 19:43:57,公司的业务运营模式是什么？,0,YES,YES
2026-06-15 19:43:57,公司的业务运营模式是什么？,0,YES,YES
2026-06-15 19:43:57,公司的技术实力如何？,0,YES,YES
2026-06-15 19:43:57,这个文档主要讲什么内容？,0,YES,YES
2026-06-15 19:43:57,公司的采购与关联交易情况如何？,0,YES,YES
2026-06-15 19:43:57,公司的主要业务是什么？,0,YES,YES
2026-06-15 19:43:58,公司的采购与关联交易情况如何？,0,YES,YES
2026-06-15 19:43:58,公司的业务运营模式是什么？,0,YES,YES
2026-06-15 19:43:58,公司的主要销售模式是什么？,0,YES,YES
2026-06-15 19:43:58,这个文档主要讲什么内容？,0,YES,YES
2026-06-15 19:43:58,公司的技术实力如何？,0,YES,YES
2026-06-15 19:43:58,公司的采购与关联交易情况如何？,0,YES,YES
2026-06-15 19:43:58,这个文档主要讲什么内容？,0,YES,YES
2026-06-15 19:43:58,公司的产品开发流程是什么？,0,YES,YES
2026-06-15 19:43:58,公司的业务运营模式是什么？,0,YES,YES
2026-06-15 19:43:58,公司的主要业务是什么？,0,YES,YES
2026-06-15 19:43:59,公司的业务运营模式是什么？,0,YES,YES
2026-06-15 19:43:59,公司的采购与关联交易情况如何？,0,YES,YES
2026-06-15 19:43:59,公司的业务运营模式是什么？,0,YES,YES
2026-06-15 19:43:59,公司的采购与关联交易情况如何？,0,YES,YES
2026-06-15 19:43:59,公司的主要销售模式是什么？,0,YES,YES
2026-06-15 19:43:59,公司的主要销售模式是什么？,0,YES,YES
2026-06-15 19:43:59,公司的技术创新机制是什么？,0,YES,YES
2026-06-15 19:43:59,这个文档主要讲什么内容？,0,YES,YES
2026-06-15 19:43:59,公司的主要业务是什么？,0,YES,YES
2026-06-15 19:44:00,公司的主要业务是什么？,0,YES,YES
2026-06-15 19:44:00,公司的主要销售模式是什么？,0,YES,YES
2026-06-15 19:44:00,公司的主要业务是什么？,0,YES,YES
2026-06-15 19:44:00,这个文档主要讲什么内容？,0,YES,YES
2026-06-15 19:44:00,这个文档主要讲什么内容？,0,YES,YES
2026-06-15 19:44:00,这个文档主要讲什么内容？,0,YES,YES
2026-06-15 19:44:00,这个文档主要讲什么内容？,0,YES,YES
2026-06-15 19:44:00,公司的技术实力如何？,0,YES,YES
2026-06-15 19:44:00,公司的产品开发流程是什么？,0,YES,YES
2026-06-15 19:44:01,公司的主要业务是什么？,0,YES,YES
2026-06-15 19:44:01,公司的产品开发流程是什么？,0,YES,YES
2026-06-15 19:44:01,公司的产品开发流程是什么？,0,YES,YES
2026-06-15 19:44:01,公司的主要销售模式是什么？,0,YES,YES
2026-06-15 19:44:01,公司的技术创新机制是什么？,0,YES,YES
2026-06-15 19:44:01,公司的业务运营模式是什么？,0,YES,YES
2026-06-15 19:44:01,公司的采购与关联交易情况如何？,0,YES,YES
2026-06-15 19:44:01,公司的主要销售模式是什么？,0,YES,YES
2026-06-15 19:44:01,公司的技术实力如何？,0,YES,YES
2026-06-15 19:44:01,公司的产品开发流程是什么？,0,YES,YES
2026-06-15 19:44:01,公司的技术实力如何？,0,YES,YES
2026-06-15 19:44:01,公司的技术实力如何？,0,YES,YES
2026-06-15 19:44:02,公司的主要业务是什么？,0,YES,YES
2026-06-15 19:44:02,公司的业务运营模式是什么？,0,YES,YES
2026-06-15 19:44:02,公司的主要销售模式是什么？,0,YES,YES
2026-06-15 19:44:02,公司的技术实力如何？,0,YES,YES
2026-06-15 19:44:02,公司的主要销售模式是什么？,0,YES,YES
2026-06-15 19:44:02,公司的技术创新机制是什么？,0,YES,YES
2026-06-15 19:44:02,公司的产品开发流程是什么？,0,YES,YES
2026-06-15 19:44:02,公司的主要销售模式是什么？,0,YES,YES
2026-06-15 19:44:02,公司的技术创新机制是什么？,0,YES,YES
2026-06-15 19:44:03,公司的产品开发流程是什么？,0,YES,YES
2026-06-15 19:44:03,公司的主要销售模式是什么？,0,YES,YES
2026-06-15 19:44:03,公司的技术创新机制是什么？,0,YES,YES
2026-06-15 19:44:03,这个文档主要讲什么内容？,0,YES,YES
2026-06-15 19:44:03,公司的技术实力如何？,0,YES,YES
2026-06-15 19:44:03,公司的技术创新机制是什么？,0,YES,YES
2026-06-15 19:44:03,公司的采购与关联交易情况如何？,0,YES,YES
2026-06-15 19:44:03,公司的业务运营模式是什么？,0,YES,YES
2026-06-15 19:44:04,这个文档主要讲什么内容？,0,YES,YES
2026-06-15 19:44:04,公司的采购与关联交易情况如何？,0,YES,YES
2026-06-15 19:44:04,公司的业务运营模式是什么？,0,YES,YES
2026-06-15 19:44:04,公司的产品开发流程是什么？,0,YES,YES
2026-06-15 19:44:04,公司的产品开发流程是什么？,0,YES,YES
2026-06-15 19:44:04,公司的业务运营模式是什么？,0,YES,YES
2026-06-15 19:44:04,公司的业务运营模式是什么？,0,YES,YES
2026-06-15 19:44:04,公司的主要销售模式是什么？,0,YES,YES
2026-06-15 19:44:04,公司的主要业务是什么？,0,YES,YES
2026-06-15 19:44:04,公司的技术创新机制是什么？,0,YES,YES
2026-06-15 19:44:04,公司的技术实力如何？,0,YES,YES
2026-06-15 19:44:04,公司的产品开发流程是什么？,0,YES,YES
2026-06-15 19:44:04,公司的产品开发流程是什么？,0,YES,YES
2026-06-15 19:44:04,公司的采购与关联交易情况如何？,0,YES,YES
2026-06-15 19:44:05,公司的业务运营模式是什么？,0,YES,YES
2026-06-15 19:44:05,公司的技术创新机制是什么？,0,YES,YES
2026-06-15 19:44:05,公司的主要业务是什么？,0,YES,YES
2026-06-15 19:44:05,公司的采购与关联交易情况如何？,0,YES,YES
2026-06-15 19:44:05,公司的采购与关联交易情况如何？,0,YES,YES
2026-06-15 19:44:05,公司的技术创新机制是什么？,0,YES,YES
2026-06-15 19:44:06,这个文档主要讲什么内容？,0,YES,YES
2026-06-15 19:44:06,公司的主要业务是什么？,0,YES,YES
2026-06-15 19:44:06,公司的技术创新机制是什么？,0,YES,YES
2026-06-15 19:44:06,公司的主要业务是什么？,0,YES,YES
2026-06-15 19:44:06,公司的主要销售模式是什么？,0,YES,YES
2026-06-15 19:44:06,这个文档主要讲什么内容？,0,YES,YES
2026-06-15 19:44:06,公司的采购与关联交易情况如何？,0,YES,YES
2026-06-15 19:44:06,公司的产品开发流程是什么？,0,YES,YES
2026-06-15 19:44:06,公司的采购与关联交易情况如何？,0,YES,YES
2026-06-15 19:44:06,这个文档主要讲什么内容？,0,YES,YES
2026-06-15 19:44:06,公司的技术创新机制是什么？,0,YES,YES
2026-06-15 19:44:06,公司的技术创新机制是什么？,0,YES,YES
2026-06-15 19:44:06,公司的业务运营模式是什么？,0,YES,YES
2026-06-15 19:44:07,这个文档主要讲什么内容？,0,YES,YES
2026-06-15 19:44:07,公司的主要业务是什么？,0,YES,YES
2026-06-15 19:44:07,公司的采购与关联交易情况如何？,0,YES,YES
2026-06-15 19:44:07,公司的技术实力如何？,0,YES,YES
2026-06-15 19:44:07,公司的技术实力如何？,0,YES,YES
2026-06-15 19:44:07,公司的主要业务是什么？,0,YES,YES
2026-06-15 19:44:07,公司的主要销售模式是什么？,0,YES,YES
2026-06-15 19:44:07,公司的采购与关联交易情况如何？,0,YES,YES
2026-06-15 19:44:07,公司的技术实力如何？,0,YES,YES
2026-06-15 19:44:07,公司的产品开发流程是什么？,0,YES,YES
2026-06-15 19:44:07,公司的主要业务是什么？,0,YES,YES
2026-06-15 19:44:07,这个文档主要讲什么内容？,0,YES,YES
2026-06-15 19:44:07,公司的主要业务是什么？,0,YES,YES
2026-06-15 19:44:08,公司的技术创新机制是什么？,0,YES,YES
2026-06-15 19:44:08,这个文档主要讲什么内容？,0,YES,YES
2026-06-15 19:44:08,公司的采购与关联交易情况如何？,0,YES,YES
2026-06-15 19:44:08,公司的主要销售模式是什么？,0,YES,YES
2026-06-15 19:44:08,公司的主要销售模式是什么？,0,YES,YES
2026-06-15 19:44:08,公司的技术实力如何？,0,YES,YES
2026-06-15 19:44:08,公司的主要销售模式是什么？,0,YES,YES
2026-06-15 19:44:09,公司的采购与关联交易情况如何？,0,YES,YES
2026-06-15 19:44:09,公司的技术实力如何？,0,YES,YES
2026-06-15 19:44:09,公司的技术实力如何？,0,YES,YES
2026-06-15 19:44:09,公司的技术实力如何？,0,YES,YES
2026-06-15 19:44:09,公司的业务运营模式是什么？,0,YES,YES
2026-06-15 19:44:09,公司的主要业务是什么？,0,YES,YES
2026-06-15 19:44:09,公司的业务运营模式是什么？,0,YES,YES
2026-06-15 19:44:09,公司的业务运营模式是什么？,0,YES,YES
2026-06-15 19:44:09,公司的产品开发流程是什么？,0,YES,YES
2026-06-15 19:44:10,公司的技术实力如何？,0,YES,YES
2026-06-15 19:44:10,公司的业务运营模式是什么？,0,YES,YES
2026-06-15 19:44:10,公司的业务运营模式是什么？,0,YES,YES
2026-06-15 19:44:10,公司的主要销售模式是什么？,0,YES,YES
2026-06-15 19:44:10,公司的产品开发流程是什么？,0,YES,YES
2026-06-15 19:44:10,公司的采购与关联交易情况如何？,0,YES,YES
2026-06-15 19:44:10,公司的主要业务是什么？,0,YES,YES
2026-06-15 19:44:10,公司的技术创新机制是什么？,0,YES,YES
2026-06-15 19:44:10,公司的主要业务是什么？,0,YES,YES
2026-06-15 19:44:10,公司的主要销售模式是什么？,0,YES,YES
2026-06-15 19:44:10,公司的产品开发流程是什么？,0,YES,YES
2026-06-15 19:44:10,公司的产品开发流程是什么？,0,YES,YES
2026-06-15 19:44:11,这个文档主要讲什么内容？,0,YES,YES
2026-06-15 19:44:11,公司的业务运营模式是什么？,0,YES,YES
2026-06-15 19:44:11,公司的业务运营模式是什么？,0,YES,YES
2026-06-15 19:44:11,公司的主要业务是什么？,0,YES,YES
2026-06-15 19:44:11,这个文档主要讲什么内容？,0,YES,YES
2026-06-15 19:44:11,公司的技术创新机制是什么？,0,YES,YES
2026-06-15 19:44:11,公司的技术创新机制是什么？,0,YES,YES
2026-06-15 19:44:11,这个文档主要讲什么内容？,0,YES,YES
2026-06-15 19:44:11,公司的采购与关联交易情况如何？,0,YES,YES
2026-06-15 19:44:12,公司的业务运营模式是什么？,0,YES,YES
2026-06-15 19:44:12,公司的技术创新机制是什么？,0,YES,YES
2026-06-15 19:44:12,公司的技术创新机制是什么？,0,YES,YES
2026-06-15 19:44:12,这个文档主要讲什么内容？,0,YES,YES
2026-06-15 19:44:12,公司的产品开发流程是什么？,0,YES,YES
2026-06-15 19:44:12,这个文档主要讲什么内容？,0,YES,YES
2026-06-15 19:44:12,这个文档主要讲什么内容？,0,YES,YES
2026-06-15 19:44:12,公司的技术实力如何？,0,YES,YES
2026-06-15 19:44:12,这个文档主要讲什么内容？,0,YES,YES
2026-06-15 19:44:12,公司的产品开发流程是什么？,0,YES,YES
2026-06-15 19:44:12,公司的主要业务是什么？,0,YES,YES
2026-06-15 19:44:12,公司的主要销售模式是什么？,0,YES,YES
2026-06-15 19:44:13,公司的采购与关联交易情况如何？,0,YES,YES
2026-06-15 19:44:13,公司的采购与关联交易情况如何？,0,YES,YES
2026-06-15 19:44:13,公司的采购与关联交易情况如何？,0,YES,YES
2026-06-15 19:44:13,公司的技术实力如何？,0,YES,YES
2026-06-15 19:44:13,公司的技术实力如何？,0,YES,YES
2026-06-15 19:44:13,公司的主要销售模式是什么？,0,YES,YES
2026-06-15 19:44:13,公司的主要销售模式是什么？,0,YES,YES
2026-06-15 19:44:13,公司的技术创新机制是什么？,0,YES,YES
2026-06-15 19:44:13,公司的主要销售模式是什么？,0,YES,YES
2026-06-15 19:44:14,公司的主要业务是什么？,0,YES,YES
2026-06-15 19:44:14,公司的技术实力如何？,0,YES,YES
2026-06-15 19:44:14,公司的主要销售模式是什么？,0,YES,YES
2026-06-15 19:44:14,公司的业务运营模式是什么？,0,YES,YES
2026-06-15 19:44:14,公司的采购与关联交易情况如何？,0,YES,YES
2026-06-15 19:44:14,公司的产品开发流程是什么？,0,YES,YES
2026-06-15 19:44:14,公司的业务运营模式是什么？,0,YES,YES
2026-06-15 19:44:14,这个文档主要讲什么内容？,0,YES,YES
2026-06-15 19:44:14,公司的采购与关联交易情况如何？,0,YES,YES
2026-06-15 19:44:15,公司的主要销售模式是什么？,0,YES,YES
2026-06-15 19:44:15,公司的主要销售模式是什么？,0,YES,YES
2026-06-15 19:44:15,公司的产品开发流程是什么？,0,YES,YES
2026-06-15 19:44:15,公司的主要业务是什么？,0,YES,YES
2026-06-15 19:44:15,公司的产品开发流程是什么？,0,YES,YES
2026-06-15 19:44:15,公司的主要业务是什么？,0,YES,YES
2026-06-15 19:44:15,公司的技术实力如何？,0,YES,YES
2026-06-15 19:44:15,公司的技术创新机制是什么？,0,YES,YES
2026-06-15 19:44:15,公司的技术创新机制是什么？,0,YES,YES
2026-06-15 19:44:15,公司的主要业务是什么？,0,YES,YES
2026-06-15 19:44:15,公司的技术实力如何？,0,YES,YES
2026-06-15 19:44:15,这个文档主要讲什么内容？,0,YES,YES
2026-06-15 19:44:16,公司的主要业务是什么？,0,YES,YES
2026-06-15 19:44:16,公司的产品开发流程是什么？,0,YES,YES
2026-06-15 19:44:16,公司的业务运营模式是什么？,0,YES,YES
2026-06-15 19:44:16,公司的产品开发流程是什么？,0,YES,YES
2026-06-15 19:44:16,这个文档主要讲什么内容？,0,YES,YES
2026-06-15 19:44:16,公司的主要业务是什么？,0,YES,YES
2026-06-15 19:44:16,公司的采购与关联交易情况如何？,0,YES,YES
2026-06-15 19:44:16,公司的业务运营模式是什么？,0,YES,YES
2026-06-15 19:44:16,公司的技术实力如何？,0,YES,YES
2026-06-15 19:44:17,公司的主要销售模式是什么？,0,YES,YES
2026-06-15 19:44:17,公司的技术创新机制是什么？,0,YES,YES
2026-06-15 19:44:17,公司的技术创新机制是什么？,0,YES,YES
2026-06-15 19:44:17,公司的采购与关联交易情况如何？,0,YES,YES
2026-06-15 19:44:17,公司的主要销售模式是什么？,0,YES,YES
2026-06-15 19:44:17,公司的技术创新机制是什么？,0,YES,YES
2026-06-15 19:44:17,公司的业务运营模式是什么？,0,YES,YES
2026-06-15 19:44:17,公司的技术实力如何？,0,YES,YES
2026-06-15 19:44:17,公司的产品开发流程是什么？,0,YES,YES
2026-06-15 19:44:17,公司的产品开发流程是什么？,0,YES,YES
2026-06-15 19:44:17,公司的技术实力如何？,0,YES,YES
2026-06-15 19:44:17,公司的技术实力如何？,0,YES,YES
2026-06-15 19:44:18,公司的业务运营模式是什么？,0,YES,YES
2026-06-15 19:44:18,公司的业务运营模式是什么？,0,YES,YES
2026-06-15 19:44:18,公司的技术实力如何？,0,YES,YES
2026-06-15 19:44:18,这个文档主要讲什么内容？,0,YES,YES
2026-06-15 19:44:18,公司的产品开发流程是什么？,0,YES,YES
2026-06-15 19:44:18,公司的采购与关联交易情况如何？,0,YES,YES
2026-06-15 19:44:18,公司的技术创新机制是什么？,0,YES,YES
2026-06-15 19:44:18,这个文档主要讲什么内容？,0,YES,YES
2026-06-15 19:44:19,公司的主要销售模式是什么？,0,YES,YES
2026-06-15 19:44:19,公司的主要业务是什么？,0,YES,YES
2026-06-15 19:44:19,公司的采购与关联交易情况如何？,0,YES,YES
2026-06-15 19:44:19,公司的产品开发流程是什么？,0,YES,YES
2026-06-15 19:44:19,这个文档主要讲什么内容？,0,YES,YES
2026-06-15 19:44:19,公司的主要业务是什么？,0,YES,YES
2026-06-15 19:44:19,公司的采购与关联交易情况如何？,0,YES,YES
2026-06-15 19:44:19,公司的业务运营模式是什么？,0,YES,YES
2026-06-15 19:44:19,这个文档主要讲什么内容？,0,YES,YES
2026-06-15 19:44:20,公司的技术创新机制是什么？,0,YES,YES
2026-06-15 19:44:20,公司的技术创新机制是什么？,0,YES,YES
2026-06-15 19:44:20,公司的业务运营模式是什么？,0,YES,YES
2026-06-15 19:44:20,公司的业务运营模式是什么？,0,YES,YES
2026-06-15 19:44:20,公司的主要业务是什么？,0,YES,YES
2026-06-15 19:44:20,公司的技术创新机制是什么？,0,YES,YES
2026-06-15 19:44:20,这个文档主要讲什么内容？,0,YES,YES
2026-06-15 19:44:20,公司的主要销售模式是什么？,0,YES,YES
2026-06-15 19:44:20,公司的业务运营模式是什么？,0,YES,YES
2026-06-15 19:44:20,公司的技术实力如何？,0,YES,YES
2026-06-15 19:44:20,公司的主要销售模式是什么？,0,YES,YES
2026-06-15 19:44:21,公司的主要业务是什么？,0,YES,YES
2026-06-15 19:44:21,公司的采购与关联交易情况如何？,0,YES,YES
2026-06-15 19:44:21,这个文档主要讲什么内容？,0,YES,YES
2026-06-15 19:44:21,公司的采购与关联交易情况如何？,0,YES,YES
2026-06-15 19:44:21,公司的采购与关联交易情况如何？,0,YES,YES
2026-06-15 19:44:21,公司的技术实力如何？,0,YES,YES
2026-06-15 19:44:21,这个文档主要讲什么内容？,0,YES,YES
2026-06-15 19:44:21,公司的主要销售模式是什么？,0,YES,YES
2026-06-15 19:44:21,公司的主要销售模式是什么？,0,YES,YES
2026-06-15 19:44:21,公司的主要销售模式是什么？,0,YES,YES
2026-06-15 19:44:21,公司的主要业务是什么？,0,YES,YES
2026-06-15 19:44:21,公司的产品开发流程是什么？,0,YES,YES
2026-06-15 19:44:22,公司的技术创新机制是什么？,0,YES,YES
2026-06-15 19:44:22,公司的产品开发流程是什么？,0,YES,YES
2026-06-15 19:44:22,公司的业务运营模式是什么？,0,YES,YES
2026-06-15 19:44:22,公司的采购与关联交易情况如何？,0,YES,YES
2026-06-15 19:44:22,公司的主要业务是什么？,0,YES,YES
2026-06-15 19:44:22,公司的技术实力如何？,0,YES,YES
2026-06-15 19:44:22,这个文档主要讲什么内容？,0,YES,YES
2026-06-15 19:44:22,这个文档主要讲什么内容？,0,YES,YES
2026-06-15 19:44:22,公司的产品开发流程是什么？,0,YES,YES
2026-06-15 19:44:22,公司的产品开发流程是什么？,0,YES,YES
2026-06-15 19:44:23,公司的主要业务是什么？,0,YES,YES
2026-06-15 19:44:23,公司的主要销售模式是什么？,0,YES,YES
2026-06-15 19:44:23,公司的业务运营模式是什么？,0,YES,YES
2026-06-15 19:44:23,公司的技术实力如何？,0,YES,YES
2026-06-15 19:44:23,公司的主要业务是什么？,0,YES,YES
2026-06-15 19:44:23,公司的技术创新机制是什么？,0,YES,YES
2026-06-15 19:44:23,公司的主要业务是什么？,0,YES,YES
2026-06-15 19:44:23,公司的技术创新机制是什么？,0,YES,YES
2026-06-15 19:44:23,公司的主要销售模式是什么？,0,YES,YES
2026-06-15 19:44:23,公司的技术实力如何？,0,YES,YES
2026-06-15 19:44:23,这个文档主要讲什么内容？,0,YES,YES
2026-06-15 19:44:24,公司的产品开发流程是什么？,0,YES,YES
2026-06-15 19:44:24,公司的技术创新机制是什么？,0,YES,YES
2026-06-15 19:44:24,公司的技术实力如何？,0,YES,YES
2026-06-15 19:44:24,公司的主要销售模式是什么？,0,YES,YES
2026-06-15 19:44:24,这个文档主要讲什么内容？,0,YES,YES
2026-06-15 19:44:24,公司的采购与关联交易情况如何？,0,YES,YES
2026-06-15 19:44:24,公司的技术实力如何？,0,YES,YES
2026-06-15 19:44:24,公司的业务运营模式是什么？,0,YES,YES
2026-06-15 19:44:24,公司的产品开发流程是什么？,0,YES,YES
2026-06-15 19:44:24,公司的产品开发流程是什么？,0,YES,YES
2026-06-15 19:44:24,公司的业务运营模式是什么？,0,YES,YES
2026-06-15 19:44:25,公司的技术实力如何？,0,YES,YES
2026-06-15 19:44:25,公司的采购与关联交易情况如何？,0,YES,YES
2026-06-15 19:44:25,公司的主要销售模式是什么？,0,YES,YES
2026-06-15 19:44:25,公司的业务运营模式是什么？,0,YES,YES
2026-06-15 19:44:25,公司的技术创新机制是什么？,0,YES,YES
2026-06-15 19:44:25,公司的技术创新机制是什么？,0,YES,YES
2026-06-15 19:44:25,公司的产品开发流程是什么？,0,YES,YES
2026-06-15 19:44:25,公司的技术创新机制是什么？,0,YES,YES
2026-06-15 19:44:26,公司的采购与关联交易情况如何？,0,YES,YES
2026-06-15 19:44:26,公司的主要销售模式是什么？,0,YES,YES
2026-06-15 19:44:26,公司的主要业务是什么？,0,YES,YES
2026-06-15 19:44:26,公司的采购与关联交易情况如何？,0,YES,YES
2026-06-15 19:44:26,公司的技术创新机制是什么？,0,YES,YES
2026-06-15 19:44:26,公司的技术实力如何？,0,YES,YES
2026-06-15 19:44:26,这个文档主要讲什么内容？,0,YES,YES
2026-06-15 19:44:26,公司的产品开发流程是什么？,0,YES,YES
2026-06-15 19:44:26,这个文档主要讲什么内容？,0,YES,YES
2026-06-15 19:44:26,这个文档主要讲什么内容？,0,YES,YES
2026-06-15 19:44:26,公司的业务运营模式是什么？,0,YES,YES
2026-06-15 19:44:27,公司的业务运营模式是什么？,0,YES,YES
2026-06-15 19:44:27,公司的主要销售模式是什么？,0,YES,YES
2026-06-15 19:44:27,公司的技术创新机制是什么？,0,YES,YES
2026-06-15 19:44:27,公司的业务运营模式是什么？,0,YES,YES
2026-06-15 19:44:27,公司的主要业务是什么？,0,YES,YES
2026-06-15 19:44:27,公司的主要业务是什么？,0,YES,YES
2026-06-15 19:44:27,公司的产品开发流程是什么？,0,YES,YES
2026-06-15 19:44:27,公司的产品开发流程是什么？,0,YES,YES
2026-06-15 19:44:27,公司的采购与关联交易情况如何？,0,YES,YES
2026-06-15 19:44:27,公司的主要销售模式是什么？,0,YES,YES
2026-06-15 19:44:28,公司的业务运营模式是什么？,0,YES,YES
2026-06-15 19:44:28,公司的技术实力如何？,0,YES,YES
2026-06-15 19:44:28,公司的采购与关联交易情况如何？,0,YES,YES
2026-06-15 19:44:28,公司的采购与关联交易情况如何？,0,YES,YES
2026-06-15 19:44:28,公司的主要销售模式是什么？,0,YES,YES
2026-06-15 19:44:28,公司的采购与关联交易情况如何？,0,YES,YES
2026-06-15 19:44:28,这个文档主要讲什么内容？,0,YES,YES
2026-06-15 19:44:28,公司的主要销售模式是什么？,0,YES,YES
2026-06-15 19:44:28,公司的产品开发流程是什么？,0,YES,YES
2026-06-15 19:44:28,公司的采购与关联交易情况如何？,0,YES,YES
2026-06-15 19:44:28,这个文档主要讲什么内容？,0,YES,YES
2026-06-15 19:44:28,公司的技术创新机制是什么？,0,YES,YES
2026-06-15 19:44:29,公司的技术创新机制是什么？,0,YES,YES
2026-06-15 19:44:29,公司的主要业务是什么？,0,YES,YES
2026-06-15 19:44:29,公司的技术实力如何？,0,YES,YES
2026-06-15 19:44:29,公司的主要业务是什么？,0,YES,YES
2026-06-15 19:44:29,这个文档主要讲什么内容？,0,YES,YES
2026-06-15 19:44:29,这个文档主要讲什么内容？,0,YES,YES
2026-06-15 19:44:29,公司的采购与关联交易情况如何？,0,YES,YES
2026-06-15 19:44:30,公司的主要业务是什么？,0,YES,YES
2026-06-15 19:44:30,公司的产品开发流程是什么？,0,YES,YES
2026-06-15 19:44:30,公司的主要业务是什么？,0,YES,YES
2026-06-15 19:44:30,公司的业务运营模式是什么？,0,YES,YES
2026-06-15 19:44:30,公司的主要业务是什么？,0,YES,YES
2026-06-15 19:44:30,公司的采购与关联交易情况如何？,0,YES,YES
2026-06-15 19:44:30,公司的技术实力如何？,0,YES,YES
2026-06-15 19:44:30,公司的主要销售模式是什么？,0,YES,YES
2026-06-15 19:44:30,公司的技术创新机制是什么？,0,YES,YES
2026-06-15 19:44:30,公司的主要业务是什么？,0,YES,YES
2026-06-15 19:44:30,公司的技术实力如何？,0,YES,YES
2026-06-15 19:44:30,公司的产品开发流程是什么？,0,YES,YES
2026-06-15 19:44:30,公司的主要销售模式是什么？,0,YES,YES
2026-06-15 19:44:31,公司的技术实力如何？,0,YES,YES
2026-06-15 19:44:31,公司的产品开发流程是什么？,0,YES,YES
2026-06-15 19:44:31,公司的技术创新机制是什么？,0,YES,YES
2026-06-15 19:44:31,公司的主要销售模式是什么？,0,YES,YES
2026-06-15 19:44:31,公司的技术实力如何？,0,YES,YES
2026-06-15 19:44:31,这个文档主要讲什么内容？,0,YES,YES
2026-06-15 19:44:31,公司的业务运营模式是什么？,0,YES,YES
2026-06-15 19:44:31,公司的业务运营模式是什么？,0,YES,YES
2026-06-15 19:44:32,公司的主要业务是什么？,0,YES,YES
2026-06-15 19:44:32,公司的主要销售模式是什么？,0,YES,YES
2026-06-15 19:44:32,公司的业务运营模式是什么？,0,YES,YES
2026-06-15 19:44:32,公司的技术实力如何？,0,YES,YES
2026-06-15 19:44:32,公司的业务运营模式是什么？,0,YES,YES
2026-06-15 19:44:32,公司的产品开发流程是什么？,0,YES,YES
2026-06-15 19:44:32,公司的产品开发流程是什么？,0,YES,YES
2026-06-15 19:44:32,公司的技术实力如何？,0,YES,YES
2026-06-15 19:44:32,公司的产品开发流程是什么？,0,YES,YES
2026-06-15 19:44:33,公司的采购与关联交易情况如何？,0,YES,YES
2026-06-15 19:44:33,公司的主要业务是什么？,0,YES,YES
2026-06-15 19:44:33,公司的技术实力如何？,0,YES,YES
2026-06-15 19:44:33,公司的技术实力如何？,0,YES,YES
2026-06-15 19:44:33,公司的产品开发流程是什么？,0,YES,YES
2026-06-15 19:44:33,这个文档主要讲什么内容？,0,YES,YES
2026-06-15 19:44:33,公司的业务运营模式是什么？,0,YES,YES
2026-06-15 19:44:33,公司的采购与关联交易情况如何？,0,YES,YES
2026-06-15 19:44:33,公司的业务运营模式是什么？,0,YES,YES
2026-06-15 19:44:33,这个文档主要讲什么内容？,0,YES,YES
2026-06-15 19:44:33,公司的业务运营模式是什么？,0,YES,YES
2026-06-15 19:44:34,公司的主要销售模式是什么？,0,YES,YES
2026-06-15 19:44:34,公司的业务运营模式是什么？,0,YES,YES
2026-06-15 19:44:34,公司的主要业务是什么？,0,YES,YES
2026-06-15 19:44:34,公司的业务运营模式是什么？,0,YES,YES
2026-06-15 19:44:34,这个文档主要讲什么内容？,0,YES,YES
2026-06-15 19:44:34,这个文档主要讲什么内容？,0,YES,YES
2026-06-15 19:44:34,公司的主要业务是什么？,0,YES,YES
2026-06-15 19:44:35,这个文档主要讲什么内容？,0,YES,YES
2026-06-15 19:44:35,这个文档主要讲什么内容？,0,YES,YES
2026-06-15 19:44:35,这个文档主要讲什么内容？,0,YES,YES
2026-06-15 19:44:35,公司的技术实力如何？,0,YES,YES
2026-06-15 19:44:35,这个文档主要讲什么内容？,0,YES,YES
2026-06-15 19:44:35,公司的主要销售模式是什么？,0,YES,YES
2026-06-15 19:44:35,公司的产品开发流程是什么？,0,YES,YES
2026-06-15 19:44:36,公司的主要销售模式是什么？,0,YES,YES
2026-06-15 19:44:36,公司的主要销售模式是什么？,0,YES,YES
2026-06-15 19:44:36,公司的技术实力如何？,0,YES,YES
2026-06-15 19:44:36,公司的主要销售模式是什么？,0,YES,YES
2026-06-15 19:44:37,公司的主要销售模式是什么？,0,YES,YES
2026-06-15 19:44:37,公司的技术实力如何？,0,YES,YES
2026-06-15 19:44:37,公司的产品开发流程是什么？,0,YES,YES
2026-06-15 19:44:37,这个文档主要讲什么内容？,0,YES,YES
2026-06-15 19:44:37,公司的主要销售模式是什么？,0,YES,YES
2026-06-15 19:44:37,公司的产品开发流程是什么？,0,YES,YES
2026-06-15 19:44:37,公司的业务运营模式是什么？,0,YES,YES
2026-06-15 19:44:37,公司的主要销售模式是什么？,0,YES,YES
2026-06-15 19:44:38,公司的主要销售模式是什么？,0,YES,YES
2026-06-15 19:44:38,公司的产品开发流程是什么？,0,YES,YES
2026-06-15 19:44:38,公司的产品开发流程是什么？,0,YES,YES
2026-06-15 19:44:38,公司的产品开发流程是什么？,0,YES,YES
2026-06-15 19:44:39,公司的业务运营模式是什么？,0,YES,YES
2026-06-15 19:44:39,公司的主要销售模式是什么？,0,YES,YES
2026-06-15 19:44:39,公司的产品开发流程是什么？,0,YES,YES
2026-06-15 19:44:40,公司的业务运营模式是什么？,0,YES,YES
2026-06-15 19:44:40,公司的产品开发流程是什么？,0,YES,YES
2026-06-15 19:44:40,公司的产品开发流程是什么？,0,YES,YES
2026-06-15 19:44:40,这个文档主要讲什么内容？,0,YES,YES
2026-06-15 19:44:40,这个文档主要讲什么内容？,0,YES,YES
2026-06-15 19:44:41,这个文档主要讲什么内容？,0,YES,YES
2026-06-15 19:44:41,公司的产品开发流程是什么？,0,YES,YES
2026-06-15 19:44:42,公司的主要销售模式是什么？,0,YES,YES
2026-06-15 19:44:43,公司的主要销售模式是什么？,0,YES,YES
2026-06-15 19:44:43,公司的主要销售模式是什么？,0,YES,YES
2026-06-15 19:44:44,公司的产品开发流程是什么？,0,YES,YES
2026-06-15 19:44:44,公司的产品开发流程是什么？,0,YES,YES
2026-06-15 19:44:45,公司的产品开发流程是什么？,0,YES,YES
2026-06-15 19:44:48,公司的技术创新机制是什么？,13702,YES,NO
2026-06-15 19:44:48,公司的技术创新机制是什么？,0,YES,YES
2026-06-15 19:44:48,公司的技术创新机制是什么？,7281,YES,NO
2026-06-15 19:44:49,公司的采购与关联交易情况如何？,0,YES,YES
2026-06-15 19:44:50,公司的采购与关联交易情况如何？,0,YES,YES
2026-06-15 19:44:50,公司的技术创新机制是什么？,14601,YES,NO
2026-06-15 19:44:51,公司的主要业务是什么？,0,YES,YES
2026-06-15 19:44:51,公司的采购与关联交易情况如何？,0,YES,YES
2026-06-15 19:44:52,公司的技术创新机制是什么？,20221,YES,NO
2026-06-15 19:44:52,公司的主要业务是什么？,0,YES,YES
2026-06-15 19:44:52,公司的技术实力如何？,0,YES,YES
2026-06-15 19:44:53,公司的采购与关联交易情况如何？,0,YES,YES
2026-06-15 19:44:54,公司的采购与关联交易情况如何？,0,YES,YES
2026-06-15 19:44:54,公司的主要业务是什么？,0,YES,YES
2026-06-15 19:44:54,公司的技术实力如何？,0,YES,YES
2026-06-15 19:44:54,公司的业务运营模式是什么？,0,YES,YES
2026-06-15 19:44:55,公司的主要业务是什么？,0,YES,YES
2026-06-15 19:44:55,公司的主要业务是什么？,0,YES,YES
2026-06-15 19:44:55,这个文档主要讲什么内容？,0,YES,YES
2026-06-15 19:44:56,公司的业务运营模式是什么？,0,YES,YES
2026-06-15 19:44:57,公司的技术实力如何？,0,YES,YES
2026-06-15 19:44:57,公司的技术创新机制是什么？,22718,YES,NO
2026-06-15 19:44:57,公司的技术实力如何？,0,YES,YES
2026-06-15 19:44:57,公司的技术创新机制是什么？,25545,YES,NO
2026-06-15 19:44:58,公司的技术实力如何？,0,YES,YES
2026-06-15 19:44:58,公司的业务运营模式是什么？,0,YES,YES
2026-06-15 19:44:58,公司的主要销售模式是什么？,0,YES,YES
2026-06-15 19:44:58,公司的技术创新机制是什么？,24225,YES,NO
2026-06-15 19:44:58,公司的技术创新机制是什么？,17573,YES,NO
2026-06-15 19:44:59,这个文档主要讲什么内容？,0,YES,YES
2026-06-15 19:44:59,公司的业务运营模式是什么？,0,YES,YES
2026-06-15 19:44:59,公司的采购与关联交易情况如何？,0,YES,YES
2026-06-15 19:44:59,公司的技术创新机制是什么？,25116,YES,NO
2026-06-15 19:44:59,公司的采购与关联交易情况如何？,0,YES,YES
2026-06-15 19:44:59,这个文档主要讲什么内容？,0,YES,YES
2026-06-15 19:44:59,公司的业务运营模式是什么？,0,YES,YES
2026-06-15 19:45:00,公司的技术创新机制是什么？,17530,YES,NO
2026-06-15 19:45:00,公司的主要销售模式是什么？,0,YES,YES
2026-06-15 19:45:01,公司的产品开发流程是什么？,0,YES,YES
2026-06-15 19:45:01,公司的技术创新机制是什么？,20206,YES,NO
2026-06-15 19:45:01,这个文档主要讲什么内容？,0,YES,YES
2026-06-15 19:45:01,公司的技术创新机制是什么？,20876,YES,NO
2026-06-15 19:45:01,公司的技术创新机制是什么？,21223,YES,NO
2026-06-15 19:45:01,公司的主要销售模式是什么？,0,YES,YES
2026-06-15 19:45:02,公司的产品开发流程是什么？,0,YES,YES
2026-06-15 19:45:02,这个文档主要讲什么内容？,0,YES,YES
2026-06-15 19:45:02,公司的技术创新机制是什么？,0,YES,YES
2026-06-15 19:45:02,公司的主要销售模式是什么？,0,YES,YES
2026-06-15 19:45:03,公司的技术创新机制是什么？,0,YES,YES
2026-06-15 19:45:03,公司的产品开发流程是什么？,0,YES,YES
2026-06-15 19:45:04,公司的产品开发流程是什么？,0,YES,YES
2026-06-15 19:45:04,公司的主要销售模式是什么？,0,YES,YES
2026-06-15 19:45:05,公司的技术创新机制是什么？,0,YES,YES
2026-06-15 19:45:06,公司的技术创新机制是什么？,20274,YES,NO
2026-06-15 19:45:06,公司的技术创新机制是什么？,27997,YES,NO
2026-06-15 19:45:06,公司的技术创新机制是什么？,0,YES,YES
2026-06-15 19:45:07,公司的产品开发流程是什么？,0,YES,YES
2026-06-15 19:45:07,公司的技术创新机制是什么？,24283,YES,NO
2026-06-15 19:45:08,公司的技术创新机制是什么？,29504,YES,NO
2026-06-15 19:45:08,公司的技术创新机制是什么？,0,YES,YES
2026-06-15 19:45:10,公司的技术创新机制是什么？,27945,YES,NO
2026-06-15 19:45:26,公司的采购与关联交易情况如何？,12898,YES,NO
2026-06-15 19:45:39,公司的主要业务是什么？,10643,YES,NO
2026-06-15 19:45:46,公司的技术实力如何？,5120,YES,NO
2026-06-15 19:45:48,公司的业务运营模式是什么？,0,YES,YES
2026-06-15 19:45:49,这个文档主要讲什么内容？,0,YES,YES
2026-06-15 19:45:52,公司的主要销售模式是什么？,0,YES,YES
2026-06-15 19:45:54,公司的产品开发流程是什么？,0,YES,YES
2026-06-15 19:45:56,公司的技术创新机制是什么？,0,YES,YES
2026-06-15 19:45:58,公司的采购与关联交易情况如何？,0,YES,YES
2026-06-15 19:46:01,公司的主要业务是什么？,0,YES,YES
2026-06-15 19:46:02,公司的技术实力如何？,0,YES,YES
2026-06-15 19:46:03,公司的业务运营模式是什么？,0,YES,YES
2026-06-15 19:46:05,这个文档主要讲什么内容？,0,YES,YES
2026-06-15 19:46:08,公司的主要销售模式是什么？,0,YES,YES
2026-06-15 19:46:10,公司的产品开发流程是什么？,0,YES,YES
2026-06-15 19:46:12,公司的技术创新机制是什么？,0,YES,YES
2026-06-15 19:46:13,公司的采购与关联交易情况如何？,0,YES,YES
2026-06-15 19:46:16,公司的主要业务是什么？,0,YES,YES
2026-06-15 19:46:18,公司的技术实力如何？,0,YES,YES
2026-06-15 19:46:21,公司的业务运营模式是什么？,0,YES,YES
2026-06-15 19:46:24,这个文档主要讲什么内容？,0,YES,YES
2026-06-15 19:46:25,公司的主要销售模式是什么？,0,YES,YES
2026-06-15 19:46:27,公司的产品开发流程是什么？,0,YES,YES
2026-06-15 19:46:29,公司的技术创新机制是什么？,0,YES,YES
2026-06-15 19:46:32,公司的采购与关联交易情况如何？,0,YES,YES
2026-06-15 19:46:32,公司的采购与关联交易情况如何？,89053,YES,NO
2026-06-15 19:46:33,公司的主要业务是什么？,0,YES,YES
2026-06-15 19:46:34,公司的技术实力如何？,0,YES,YES
2026-06-15 19:46:35,公司的主要业务是什么？,0,YES,YES
2026-06-15 19:46:36,公司的业务运营模式是什么？,0,YES,YES
2026-06-15 19:46:37,这个文档主要讲什么内容？,0,YES,YES
2026-06-15 19:46:38,公司的技术实力如何？,0,YES,YES
2026-06-15 19:46:39,公司的采购与关联交易情况如何？,97791,YES,NO
2026-06-15 19:46:39,公司的主要销售模式是什么？,0,YES,YES
2026-06-15 19:46:40,公司的业务运营模式是什么？,0,YES,YES
2026-06-15 19:46:41,公司的主要业务是什么？,0,YES,YES
2026-06-15 19:46:41,这个文档主要讲什么内容？,0,YES,YES
2026-06-15 19:46:42,公司的产品开发流程是什么？,0,YES,YES
2026-06-15 19:46:42,公司的主要销售模式是什么？,0,YES,YES
2026-06-15 19:46:42,公司的技术实力如何？,0,YES,YES
2026-06-15 19:46:44,公司的产品开发流程是什么？,0,YES,YES
2026-06-15 19:46:44,公司的技术创新机制是什么？,0,YES,YES
2026-06-15 19:46:44,公司的采购与关联交易情况如何？,99032,YES,NO
2026-06-15 19:46:45,公司的业务运营模式是什么？,0,YES,YES
2026-06-15 19:46:46,公司的技术创新机制是什么？,0,YES,YES
2026-06-15 19:46:47,公司的主要业务是什么？,0,YES,YES
2026-06-15 19:46:47,公司的采购与关联交易情况如何？,0,YES,YES
2026-06-15 19:46:48,这个文档主要讲什么内容？,0,YES,YES
2026-06-15 19:46:48,公司的技术实力如何？,0,YES,YES
2026-06-15 19:46:49,公司的采购与关联交易情况如何？,0,YES,YES
2026-06-15 19:46:49,公司的主要业务是什么？,0,YES,YES
2026-06-15 19:46:50,公司的主要销售模式是什么？,0,YES,YES
2026-06-15 19:46:50,公司的业务运营模式是什么？,0,YES,YES
2026-06-15 19:46:51,公司的技术实力如何？,0,YES,YES
2026-06-15 19:46:51,公司的产品开发流程是什么？,0,YES,YES
2026-06-15 19:46:51,公司的主要业务是什么？,0,YES,YES
2026-06-15 19:46:53,公司的技术创新机制是什么？,0,YES,YES
2026-06-15 19:46:53,公司的技术实力如何？,0,YES,YES
2026-06-15 19:46:53,这个文档主要讲什么内容？,0,YES,YES
2026-06-15 19:46:53,公司的业务运营模式是什么？,0,YES,YES
2026-06-15 19:46:54,公司的业务运营模式是什么？,0,YES,YES
2026-06-15 19:46:54,公司的主要销售模式是什么？,0,YES,YES
2026-06-15 19:46:55,公司的采购与关联交易情况如何？,0,YES,YES
2026-06-15 19:46:56,公司的主要业务是什么？,0,YES,YES
2026-06-15 19:46:56,这个文档主要讲什么内容？,0,YES,YES
2026-06-15 19:46:57,公司的产品开发流程是什么？,0,YES,YES
2026-06-15 19:46:57,公司的主要销售模式是什么？,0,YES,YES
2026-06-15 19:46:57,这个文档主要讲什么内容？,0,YES,YES
2026-06-15 19:46:58,公司的技术创新机制是什么？,0,YES,YES
2026-06-15 19:46:58,公司的产品开发流程是什么？,0,YES,YES
2026-06-15 19:46:59,公司的技术实力如何？,0,YES,YES
2026-06-15 19:47:00,公司的主要销售模式是什么？,0,YES,YES
2026-06-15 19:47:00,公司的采购与关联交易情况如何？,0,YES,YES
2026-06-15 19:47:00,公司的业务运营模式是什么？,0,YES,YES
2026-06-15 19:47:00,公司的采购与关联交易情况如何？,109794,YES,NO
2026-06-15 19:47:00,公司的技术创新机制是什么？,0,YES,YES
2026-06-15 19:47:00,公司的采购与关联交易情况如何？,113143,YES,NO
2026-06-15 19:47:02,公司的产品开发流程是什么？,0,YES,YES
2026-06-15 19:47:02,公司的主要业务是什么？,0,YES,YES
2026-06-15 19:47:02,公司的采购与关联交易情况如何？,0,YES,YES
2026-06-15 19:47:03,公司的主要业务是什么？,0,YES,YES
2026-06-15 19:47:03,这个文档主要讲什么内容？,0,YES,YES
2026-06-15 19:47:03,公司的主要业务是什么？,0,YES,YES
2026-06-15 19:47:04,公司的技术实力如何？,0,YES,YES
2026-06-15 19:47:04,公司的技术创新机制是什么？,0,YES,YES
2026-06-15 19:47:05,公司的技术实力如何？,0,YES,YES
2026-06-15 19:47:05,公司的主要销售模式是什么？,0,YES,YES
2026-06-15 19:47:05,公司的主要业务是什么？,0,YES,YES
2026-06-15 19:47:05,公司的技术实力如何？,0,YES,YES
2026-06-15 19:47:06,公司的采购与关联交易情况如何？,0,YES,YES
2026-06-15 19:47:06,公司的业务运营模式是什么？,0,YES,YES
2026-06-15 19:47:06,公司的业务运营模式是什么？,0,YES,YES
2026-06-15 19:47:07,公司的主要业务是什么？,0,YES,YES
2026-06-15 19:47:07,公司的业务运营模式是什么？,0,YES,YES
2026-06-15 19:47:08,这个文档主要讲什么内容？,0,YES,YES
2026-06-15 19:47:08,公司的技术实力如何？,0,YES,YES
2026-06-15 19:47:08,这个文档主要讲什么内容？,0,YES,YES
2026-06-15 19:47:09,这个文档主要讲什么内容？,0,YES,YES
2026-06-15 19:47:09,公司的技术实力如何？,0,YES,YES
2026-06-15 19:47:09,公司的业务运营模式是什么？,0,YES,YES
2026-06-15 19:47:10,公司的主要销售模式是什么？,0,YES,YES
2026-06-15 19:47:10,公司的主要销售模式是什么？,0,YES,YES
2026-06-15 19:47:11,公司的主要销售模式是什么？,0,YES,YES
2026-06-15 19:47:11,公司的业务运营模式是什么？,0,YES,YES
2026-06-15 19:47:12,这个文档主要讲什么内容？,0,YES,YES
2026-06-15 19:47:13,这个文档主要讲什么内容？,0,YES,YES
2026-06-15 19:47:14,公司的主要销售模式是什么？,0,YES,YES
2026-06-15 19:47:14,公司的采购与关联交易情况如何？,134035,YES,NO
2026-06-15 19:47:15,公司的产品开发流程是什么？,3608,YES,NO
2026-06-15 19:47:16,公司的主要销售模式是什么？,0,YES,YES
2026-06-15 19:47:17,公司的主要业务是什么？,0,YES,YES
2026-06-15 19:47:17,公司的产品开发流程是什么？,0,YES,YES
2026-06-15 19:47:17,公司的技术创新机制是什么？,0,YES,YES
2026-06-15 19:47:17,公司的产品开发流程是什么？,0,YES,YES
2026-06-15 19:47:18,公司的技术创新机制是什么？,0,YES,YES
2026-06-15 19:47:18,公司的技术创新机制是什么？,0,YES,YES
2026-06-15 19:47:19,公司的技术实力如何？,0,YES,YES
2026-06-15 19:47:19,公司的采购与关联交易情况如何？,0,YES,YES
2026-06-15 19:47:20,公司的采购与关联交易情况如何？,0,YES,YES
2026-06-15 19:47:20,公司的采购与关联交易情况如何？,0,YES,YES
2026-06-15 19:47:21,公司的主要业务是什么？,0,YES,YES
2026-06-15 19:47:22,公司的业务运营模式是什么？,0,YES,YES
2026-06-15 19:47:22,公司的主要业务是什么？,0,YES,YES
2026-06-15 19:47:22,公司的主要业务是什么？,0,YES,YES
2026-06-15 19:47:23,公司的技术实力如何？,0,YES,YES
2026-06-15 19:47:23,公司的产品开发流程是什么？,16429,YES,NO
2026-06-15 19:47:23,这个文档主要讲什么内容？,0,YES,YES
2026-06-15 19:47:25,公司的技术实力如何？,0,YES,YES
2026-06-15 19:47:25,公司的技术实力如何？,0,YES,YES
2026-06-15 19:47:25,公司的主要销售模式是什么？,0,YES,YES
2026-06-15 19:47:25,公司的技术创新机制是什么？,0,YES,YES
2026-06-15 19:47:26,公司的业务运营模式是什么？,0,YES,YES
2026-06-15 19:47:27,公司的产品开发流程是什么？,0,YES,YES
2026-06-15 19:47:27,公司的采购与关联交易情况如何？,142283,YES,NO
2026-06-15 19:47:27,公司的业务运营模式是什么？,0,YES,YES
2026-06-15 19:47:28,公司的业务运营模式是什么？,0,YES,YES
2026-06-15 19:47:28,公司的主要业务是什么？,147892,YES,NO
2026-06-15 19:47:28,公司的采购与关联交易情况如何？,0,YES,YES
2026-06-15 19:47:28,这个文档主要讲什么内容？,0,YES,YES
2026-06-15 19:47:29,这个文档主要讲什么内容？,0,YES,YES
2026-06-15 19:47:29,公司的技术创新机制是什么？,0,YES,YES
2026-06-15 19:47:30,公司的主要业务是什么？,0,YES,YES
2026-06-15 19:47:30,公司的采购与关联交易情况如何？,148399,YES,NO
2026-06-15 19:47:30,公司的技术实力如何？,0,YES,YES
2026-06-15 19:47:30,这个文档主要讲什么内容？,0,YES,YES
2026-06-15 19:47:30,公司的主要销售模式是什么？,0,YES,YES
2026-06-15 19:47:31,公司的采购与关联交易情况如何？,0,YES,YES
2026-06-15 19:47:31,公司的业务运营模式是什么？,0,YES,YES
2026-06-15 19:47:31,公司的技术实力如何？,0,YES,YES
2026-06-15 19:47:31,公司的主要销售模式是什么？,0,YES,YES
2026-06-15 19:47:31,公司的主要业务是什么？,0,YES,YES
2026-06-15 19:47:32,公司的主要业务是什么？,0,YES,YES
2026-06-15 19:47:32,这个文档主要讲什么内容？,0,YES,YES
2026-06-15 19:47:32,公司的产品开发流程是什么？,19364,YES,NO
2026-06-15 19:47:33,公司的产品开发流程是什么？,0,YES,YES
2026-06-15 19:47:33,公司的技术实力如何？,0,YES,YES
2026-06-15 19:47:33,公司的业务运营模式是什么？,0,YES,YES
2026-06-15 19:47:33,公司的产品开发流程是什么？,0,YES,YES
2026-06-15 19:47:33,公司的主要销售模式是什么？,0,YES,YES
2026-06-15 19:47:33,公司的主要业务是什么？,0,YES,YES
2026-06-15 19:47:34,公司的业务运营模式是什么？,0,YES,YES
2026-06-15 19:47:34,公司的技术创新机制是什么？,0,YES,YES
2026-06-15 19:47:34,公司的产品开发流程是什么？,0,YES,YES
2026-06-15 19:47:34,公司的技术实力如何？,0,YES,YES
2026-06-15 19:47:34,这个文档主要讲什么内容？,0,YES,YES
2026-06-15 19:47:35,公司的技术实力如何？,0,YES,YES
2026-06-15 19:47:35,公司的技术创新机制是什么？,0,YES,YES
2026-06-15 19:47:35,公司的主要销售模式是什么？,0,YES,YES
2026-06-15 19:47:35,公司的技术创新机制是什么？,0,YES,YES
2026-06-15 19:47:36,公司的主要销售模式是什么？,0,YES,YES
2026-06-15 19:47:36,公司的技术创新机制是什么？,0,YES,YES
2026-06-15 19:47:36,公司的采购与关联交易情况如何？,0,YES,YES
2026-06-15 19:47:36,这个文档主要讲什么内容？,0,YES,YES
2026-06-15 19:47:36,公司的产品开发流程是什么？,0,YES,YES
2026-06-15 19:47:37,公司的业务运营模式是什么？,0,YES,YES
2026-06-15 19:47:37,公司的采购与关联交易情况如何？,152999,YES,NO
2026-06-15 19:47:37,公司的业务运营模式是什么？,0,YES,YES
2026-06-15 19:47:37,公司的产品开发流程是什么？,0,YES,YES
2026-06-15 19:47:38,公司的采购与关联交易情况如何？,0,YES,YES
2026-06-15 19:47:38,这个文档主要讲什么内容？,0,YES,YES
2026-06-15 19:47:38,公司的采购与关联交易情况如何？,0,YES,YES
2026-06-15 19:47:38,公司的采购与关联交易情况如何？,0,YES,YES
2026-06-15 19:47:38,公司的主要销售模式是什么？,0,YES,YES
2026-06-15 19:47:38,这个文档主要讲什么内容？,0,YES,YES
2026-06-15 19:47:39,公司的技术创新机制是什么？,0,YES,YES
2026-06-15 19:47:39,公司的主要业务是什么？,0,YES,YES
2026-06-15 19:47:39,公司的技术创新机制是什么？,0,YES,YES
2026-06-15 19:47:39,公司的主要业务是什么？,0,YES,YES
2026-06-15 19:47:39,公司的主要销售模式是什么？,0,YES,YES
2026-06-15 19:47:40,公司的采购与关联交易情况如何？,0,YES,YES
2026-06-15 19:47:40,公司的主要业务是什么？,0,YES,YES
2026-06-15 19:47:40,公司的主要业务是什么？,0,YES,YES
2026-06-15 19:47:40,公司的主要业务是什么？,0,YES,YES
2026-06-15 19:47:41,公司的技术实力如何？,0,YES,YES
2026-06-15 19:47:41,公司的产品开发流程是什么？,0,YES,YES
2026-06-15 19:47:41,公司的采购与关联交易情况如何？,0,YES,YES
2026-06-15 19:47:41,公司的产品开发流程是什么？,0,YES,YES
2026-06-15 19:47:41,公司的技术实力如何？,0,YES,YES
2026-06-15 19:47:41,公司的主要销售模式是什么？,0,YES,YES
2026-06-15 19:47:41,公司的技术实力如何？,0,YES,YES
2026-06-15 19:47:42,公司的技术创新机制是什么？,0,YES,YES
2026-06-15 19:47:42,公司的主要业务是什么？,0,YES,YES
2026-06-15 19:47:42,公司的业务运营模式是什么？,0,YES,YES
2026-06-15 19:47:43,公司的主要业务是什么？,0,YES,YES
2026-06-15 19:47:43,公司的技术实力如何？,0,YES,YES
2026-06-15 19:47:43,公司的技术实力如何？,0,YES,YES
2026-06-15 19:47:43,公司的采购与关联交易情况如何？,0,YES,YES
2026-06-15 19:47:43,公司的业务运营模式是什么？,0,YES,YES
2026-06-15 19:47:43,公司的业务运营模式是什么？,0,YES,YES
2026-06-15 19:47:43,公司的产品开发流程是什么？,0,YES,YES
2026-06-15 19:47:44,公司的技术创新机制是什么？,0,YES,YES
2026-06-15 19:47:44,公司的技术实力如何？,0,YES,YES
2026-06-15 19:47:44,公司的业务运营模式是什么？,0,YES,YES
2026-06-15 19:47:44,这个文档主要讲什么内容？,0,YES,YES
2026-06-15 19:47:45,公司的技术实力如何？,0,YES,YES
2026-06-15 19:47:45,这个文档主要讲什么内容？,0,YES,YES
2026-06-15 19:47:45,这个文档主要讲什么内容？,0,YES,YES
2026-06-15 19:47:45,公司的业务运营模式是什么？,0,YES,YES
2026-06-15 19:47:45,公司的采购与关联交易情况如何？,0,YES,YES
2026-06-15 19:47:46,公司的业务运营模式是什么？,0,YES,YES
2026-06-15 19:47:46,公司的主要业务是什么？,0,YES,YES
2026-06-15 19:47:46,公司的技术创新机制是什么？,0,YES,YES
2026-06-15 19:47:47,这个文档主要讲什么内容？,0,YES,YES
2026-06-15 19:47:47,公司的主要业务是什么？,0,YES,YES
2026-06-15 19:47:47,公司的业务运营模式是什么？,0,YES,YES
2026-06-15 19:47:47,公司的主要销售模式是什么？,0,YES,YES
2026-06-15 19:47:47,这个文档主要讲什么内容？,0,YES,YES
2026-06-15 19:47:47,公司的主要销售模式是什么？,0,YES,YES
2026-06-15 19:47:47,公司的主要销售模式是什么？,0,YES,YES
2026-06-15 19:47:48,公司的采购与关联交易情况如何？,163907,YES,NO
2026-06-15 19:47:48,公司的技术实力如何？,0,YES,YES
2026-06-15 19:47:48,这个文档主要讲什么内容？,0,YES,YES
2026-06-15 19:47:48,公司的主要销售模式是什么？,0,YES,YES
2026-06-15 19:47:48,公司的采购与关联交易情况如何？,0,YES,YES
2026-06-15 19:47:48,公司的技术实力如何？,0,YES,YES
2026-06-15 19:47:49,这个文档主要讲什么内容？,0,YES,YES
2026-06-15 19:47:49,公司的产品开发流程是什么？,0,YES,YES
2026-06-15 19:47:49,公司的产品开发流程是什么？,0,YES,YES
2026-06-15 19:47:49,公司的主要业务是什么？,0,YES,YES
2026-06-15 19:47:50,公司的产品开发流程是什么？,0,YES,YES
2026-06-15 19:47:50,公司的业务运营模式是什么？,0,YES,YES
2026-06-15 19:47:50,公司的产品开发流程是什么？,0,YES,YES
2026-06-15 19:47:50,公司的主要业务是什么？,0,YES,YES
2026-06-15 19:47:50,公司的业务运营模式是什么？,0,YES,YES
2026-06-15 19:47:51,这个文档主要讲什么内容？,0,YES,YES
2026-06-15 19:47:51,公司的技术创新机制是什么？,0,YES,YES
2026-06-15 19:47:51,公司的技术创新机制是什么？,0,YES,YES
2026-06-15 19:47:51,公司的技术创新机制是什么？,0,YES,YES
2026-06-15 19:47:52,这个文档主要讲什么内容？,0,YES,YES
2026-06-15 19:47:52,公司的技术创新机制是什么？,0,YES,YES
2026-06-15 19:47:52,公司的技术实力如何？,0,YES,YES
2026-06-15 19:47:52,公司的技术实力如何？,0,YES,YES
2026-06-15 19:47:53,公司的采购与关联交易情况如何？,0,YES,YES
2026-06-15 19:47:53,公司的采购与关联交易情况如何？,0,YES,YES
2026-06-15 19:47:53,公司的采购与关联交易情况如何？,0,YES,YES
2026-06-15 19:47:54,公司的业务运营模式是什么？,0,YES,YES
2026-06-15 19:47:54,公司的主要业务是什么？,0,YES,YES
2026-06-15 19:47:54,公司的采购与关联交易情况如何？,0,YES,YES
2026-06-15 19:47:55,公司的业务运营模式是什么？,0,YES,YES
2026-06-15 19:47:55,公司的主要业务是什么？,0,YES,YES
2026-06-15 19:47:55,这个文档主要讲什么内容？,0,YES,YES
2026-06-15 19:47:56,公司的主要业务是什么？,0,YES,YES
2026-06-15 19:47:57,这个文档主要讲什么内容？,0,YES,YES
2026-06-15 19:47:57,公司的技术实力如何？,0,YES,YES
2026-06-15 19:47:57,公司的技术实力如何？,0,YES,YES
2026-06-15 19:47:57,公司的主要业务是什么？,0,YES,YES
2026-06-15 19:47:57,公司的技术实力如何？,0,YES,YES
2026-06-15 19:47:58,公司的业务运营模式是什么？,0,YES,YES
2026-06-15 19:47:58,公司的业务运营模式是什么？,0,YES,YES
2026-06-15 19:47:59,公司的产品开发流程是什么？,45233,YES,NO
2026-06-15 19:47:59,公司的技术实力如何？,0,YES,YES
2026-06-15 19:48:00,公司的业务运营模式是什么？,0,YES,YES
2026-06-15 19:48:00,公司的技术创新机制是什么？,0,YES,YES
2026-06-15 19:48:00,公司的采购与关联交易情况如何？,172526,YES,NO
2026-06-15 19:48:01,公司的主要销售模式是什么？,10794,YES,NO
2026-06-15 19:48:01,这个文档主要讲什么内容？,0,YES,YES
2026-06-15 19:48:01,公司的业务运营模式是什么？,0,YES,YES
2026-06-15 19:48:01,这个文档主要讲什么内容？,0,YES,YES
2026-06-15 19:48:02,公司的主要业务是什么？,0,YES,YES
2026-06-15 19:48:02,公司的主要销售模式是什么？,9196,YES,NO
2026-06-15 19:48:02,这个文档主要讲什么内容？,0,YES,YES
2026-06-15 19:48:02,公司的产品开发流程是什么？,0,YES,YES
2026-06-15 19:48:02,公司的采购与关联交易情况如何？,0,YES,YES
2026-06-15 19:48:03,这个文档主要讲什么内容？,0,YES,YES
2026-06-15 19:48:03,公司的主要销售模式是什么？,0,YES,YES
2026-06-15 19:48:04,公司的主要销售模式是什么？,12361,YES,NO
2026-06-15 19:48:04,公司的主要销售模式是什么？,10114,YES,NO
2026-06-15 19:48:04,公司的产品开发流程是什么？,0,YES,YES
2026-06-15 19:48:04,公司的主要销售模式是什么？,0,YES,YES
2026-06-15 19:48:05,公司的技术实力如何？,0,YES,YES
2026-06-15 19:48:05,公司的主要销售模式是什么？,0,YES,YES
2026-06-15 19:48:05,公司的产品开发流程是什么？,0,YES,YES
2026-06-15 19:48:05,公司的技术创新机制是什么？,0,YES,YES
2026-06-15 19:48:05,公司的主要业务是什么？,0,YES,YES
2026-06-15 19:48:05,公司的产品开发流程是什么？,0,YES,YES
2026-06-15 19:48:05,公司的主要销售模式是什么？,0,YES,YES
2026-06-15 19:48:06,公司的技术创新机制是什么？,0,YES,YES
2026-06-15 19:48:06,公司的产品开发流程是什么？,0,YES,YES
2026-06-15 19:48:06,公司的产品开发流程是什么？,0,YES,YES
2026-06-15 19:48:07,公司的技术创新机制是什么？,0,YES,YES
2026-06-15 19:48:07,公司的采购与关联交易情况如何？,0,YES,YES
2026-06-15 19:48:07,公司的技术创新机制是什么？,0,YES,YES
2026-06-15 19:48:07,公司的主要销售模式是什么？,17480,YES,NO
2026-06-15 19:48:08,公司的技术实力如何？,0,YES,YES
2026-06-15 19:48:08,公司的产品开发流程是什么？,0,YES,YES
2026-06-15 19:48:08,公司的采购与关联交易情况如何？,0,YES,YES
2026-06-15 19:48:08,公司的技术创新机制是什么？,0,YES,YES
2026-06-15 19:48:08,公司的产品开发流程是什么？,0,YES,YES
2026-06-15 19:48:08,公司的主要业务是什么？,0,YES,YES
2026-06-15 19:48:08,公司的采购与关联交易情况如何？,0,YES,YES
2026-06-15 19:48:09,公司的技术创新机制是什么？,0,YES,YES
2026-06-15 19:48:09,公司的采购与关联交易情况如何？,0,YES,YES
2026-06-15 19:48:09,公司的采购与关联交易情况如何？,0,YES,YES
2026-06-15 19:48:10,公司的技术实力如何？,0,YES,YES
2026-06-15 19:48:10,公司的主要业务是什么？,0,YES,YES
2026-06-15 19:48:10,公司的技术创新机制是什么？,0,YES,YES
2026-06-15 19:48:10,公司的产品开发流程是什么？,0,YES,YES
2026-06-15 19:48:10,公司的主要销售模式是什么？,12092,YES,NO
2026-06-15 19:48:10,公司的主要业务是什么？,0,YES,YES
2026-06-15 19:48:11,公司的主要业务是什么？,0,YES,YES
2026-06-15 19:48:11,公司的主要业务是什么？,0,YES,YES
2026-06-15 19:48:11,公司的技术创新机制是什么？,0,YES,YES
2026-06-15 19:48:11,公司的技术实力如何？,0,YES,YES
2026-06-15 19:48:11,公司的采购与关联交易情况如何？,0,YES,YES
2026-06-15 19:48:12,公司的技术实力如何？,0,YES,YES
2026-06-15 19:48:12,公司的采购与关联交易情况如何？,0,YES,YES
2026-06-15 19:48:12,公司的产品开发流程是什么？,0,YES,YES
2026-06-15 19:48:12,公司的技术创新机制是什么？,0,YES,YES
2026-06-15 19:48:12,公司的采购与关联交易情况如何？,0,YES,YES
2026-06-15 19:48:13,公司的技术实力如何？,0,YES,YES
2026-06-15 19:48:13,公司的技术实力如何？,0,YES,YES
2026-06-15 19:48:14,公司的技术创新机制是什么？,0,YES,YES
2026-06-15 19:48:14,公司的主要业务是什么？,0,YES,YES
2026-06-15 19:48:14,公司的采购与关联交易情况如何？,0,YES,YES
2026-06-15 19:48:14,公司的主要业务是什么？,0,YES,YES
2026-06-15 19:48:15,公司的主要业务是什么？,0,YES,YES
2026-06-15 19:48:16,公司的技术实力如何？,0,YES,YES
2026-06-15 19:48:16,公司的技术实力如何？,0,YES,YES
2026-06-15 19:48:16,公司的主要业务是什么？,0,YES,YES
2026-06-15 19:48:16,公司的采购与关联交易情况如何？,188353,YES,NO
2026-06-15 19:48:16,公司的采购与关联交易情况如何？,0,YES,YES
2026-06-15 19:48:16,公司的技术实力如何？,0,YES,YES
2026-06-15 19:48:18,公司的主要业务是什么？,0,YES,YES
