Timestamp,User Count,Type,Name,Requests/s,Failures/s,50%,66%,75%,80%,90%,95%,98%,99%,99.9%,99.99%,100%,Total Request Count,Total Failure Count,Total Median Response Time,Total Average Response Time,Total Min Response Time,Total Max Response Time,Total Average Content Size
1781523498,0,,Aggregated,0.000000,0.000000,N/A,N/A,N/A,N/A,N/A,N/A,N/A,N/A,N/A,N/A,N/A,0,0,0,0.0,0,0,0
1781523499,5,,Aggregated,0.000000,0.000000,N/A,N/A,N/A,N/A,N/A,N/A,N/A,N/A,N/A,N/A,N/A,0,0,0,0.0,0,0,0
1781523500,10,,Aggregated,0.000000,0.000000,N/A,N/A,N/A,N/A,N/A,N/A,N/A,N/A,N/A,N/A,N/A,0,0,0,0.0,0,0,0
1781523501,15,,Aggregated,0.000000,0.000000,N/A,N/A,N/A,N/A,N/A,N/A,N/A,N/A,N/A,N/A,N/A,0,0,0,0.0,0,0,0
1781523502,20,,Aggregated,0.000000,0.000000,N/A,N/A,N/A,N/A,N/A,N/A,N/A,N/A,N/A,N/A,N/A,0,0,0,0.0,0,0,0
1781523503,20,,Aggregated,0.000000,0.000000,N/A,N/A,N/A,N/A,N/A,N/A,N/A,N/A,N/A,N/A,N/A,0,0,0,0.0,0,0,0
1781523504,20,,Aggregated,0.000000,0.000000,5900,5900,5900,5900,5900,5900,5900,5900,5900,5900,5900,1,0,5921.935313999711,5921.935313999711,5921.935313999711,5921.935313999711,1075.0
1781523505,20,,Aggregated,0.000000,0.000000,6200,6200,6400,6400,6400,6400,6400,6400,6400,6400,6400,4,0,5900,6100.1750539981,5793.919331001234,6444.562029995723,1154.0
1781523506,20,,Aggregated,0.000000,0.000000,6100,6200,6200,6400,6400,6400,6400,6400,6400,6400,6400,5,0,6100,6093.430082198756,5793.919331001234,6444.562029995723,1162.4
1781523508,20,,Aggregated,0.142857,0.000000,6400,7000,7100,7700,8300,8300,8300,8300,8300,8300,8300,9,0,6400,6726.297941109806,5793.919331001234,8296.723624996957,1127.7777777777778
1781523509,20,,Aggregated,0.142857,0.000000,6400,7000,7100,7700,8300,8300,8300,8300,8300,8300,8300,9,0,6400,6726.297941109806,5793.919331001234,8296.723624996957,1127.7777777777778
1781523510,20,,Aggregated,0.555556,0.000000,7000,7100,7700,8300,11000,11000,11000,11000,11000,11000,11000,10,0,6400,7146.794380898791,5793.919331001234,10931.262338999659,1179.2
1781523511,20,,Aggregated,0.555556,0.000000,7000,7100,7700,8300,11000,11000,11000,11000,11000,11000,11000,10,0,6400,7146.794380898791,5793.919331001234,10931.262338999659,1179.2
1781523512,20,,Aggregated,0.555556,0.000000,7000,7100,7700,8300,11000,11000,11000,11000,11000,11000,11000,10,0,6400,7146.794380898791,5793.919331001234,10931.262338999659,1179.2
1781523513,20,,Aggregated,0.555556,0.000000,7000,7100,7700,8300,11000,11000,11000,11000,11000,11000,11000,10,0,6400,7146.794380898791,5793.919331001234,10931.262338999659,1179.2
1781523514,20,,Aggregated,0.555556,0.000000,7000,7100,7700,8300,11000,11000,11000,11000,11000,11000,11000,10,0,6400,7146.794380898791,5793.919331001234,10931.262338999659,1179.2
1781523515,20,,Aggregated,0.555556,0.000000,7000,7100,7700,8300,11000,11000,11000,11000,11000,11000,11000,10,0,6400,7146.794380898791,5793.919331001234,10931.262338999659,1179.2
1781523516,20,,Aggregated,1.000000,0.000000,7000,7700,8300,8300,11000,14000,14000,14000,14000,14000,14000,11,0,7000,7790.410882725899,5793.919331001234,14226.575900996977,1306.909090909091
1781523517,20,,Aggregated,1.000000,0.000000,7000,7700,8300,8300,11000,14000,14000,14000,14000,14000,14000,11,0,7000,7790.410882725899,5793.919331001234,14226.575900996977,1306.909090909091
1781523518,20,,Aggregated,1.000000,0.000000,7000,7700,8300,8300,11000,14000,14000,14000,14000,14000,14000,11,0,7000,7790.410882725899,5793.919331001234,14226.575900996977,1306.909090909091
1781523519,20,,Aggregated,1.000000,0.000000,7000,7700,8300,8300,11000,14000,14000,14000,14000,14000,14000,11,0,7000,7790.410882725899,5793.919331001234,14226.575900996977,1306.909090909091
1781523520,20,,Aggregated,1.000000,0.000000,7000,7700,8300,8300,11000,14000,14000,14000,14000,14000,14000,11,0,7000,7790.410882725899,5793.919331001234,14226.575900996977,1306.909090909091
1781523521,20,,Aggregated,0.200000,0.000000,7100,7700,11000,11000,13000,14000,14000,14000,14000,14000,14000,12,0,7000,8233.642201164912,5793.919331001234,14226.575900996977,1403.5
1781523522,20,,Aggregated,0.200000,0.000000,7100,7700,11000,11000,13000,14000,14000,14000,14000,14000,14000,12,0,7000,8233.642201164912,5793.919331001234,14226.575900996977,1403.5
1781523523,20,,Aggregated,0.200000,0.000000,7100,7700,11000,11000,13000,14000,14000,14000,14000,14000,14000,12,0,7000,8233.642201164912,5793.919331001234,14226.575900996977,1403.5
1781523524,20,,Aggregated,0.200000,0.000000,7100,7700,11000,11000,13000,14000,14000,14000,14000,14000,14000,12,0,7000,8233.642201164912,5793.919331001234,14226.575900996977,1403.5
1781523525,20,,Aggregated,0.200000,0.000000,7100,7700,11000,11000,13000,14000,14000,14000,14000,14000,14000,12,0,7000,8233.642201164912,5793.919331001234,14226.575900996977,1403.5
1781523526,20,,Aggregated,0.200000,0.000000,7100,8300,8300,11000,13000,14000,14000,14000,14000,14000,14000,13,0,7100,8235.766931613818,5793.919331001234,14226.575900996977,1382.3076923076924
1781523527,20,,Aggregated,0.200000,0.000000,7100,8300,8300,11000,13000,14000,14000,14000,14000,14000,14000,13,0,7100,8235.766931613818,5793.919331001234,14226.575900996977,1382.3076923076924
1781523528,20,,Aggregated,0.200000,0.000000,7100,8300,8300,11000,13000,14000,14000,14000,14000,14000,14000,13,0,7100,8235.766931613818,5793.919331001234,14226.575900996977,1382.3076923076924
1781523529,20,,Aggregated,0.200000,0.000000,7100,8300,8300,11000,13000,14000,14000,14000,14000,14000,14000,13,0,7100,8235.766931613818,5793.919331001234,14226.575900996977,1382.3076923076924
1781523530,20,,Aggregated,0.200000,0.000000,7100,8300,8300,11000,13000,14000,14000,14000,14000,14000,14000,13,0,7100,8235.766931613818,5793.919331001234,14226.575900996977,1382.3076923076924
1781523531,20,,Aggregated,0.200000,0.000000,7100,8300,8300,11000,13000,14000,14000,14000,14000,14000,14000,13,0,7100,8235.766931613818,5793.919331001234,14226.575900996977,1382.3076923076924
1781523532,20,,Aggregated,0.200000,0.000000,7100,8300,8300,11000,13000,14000,14000,14000,14000,14000,14000,13,0,7100,8235.766931613818,5793.919331001234,14226.575900996977,1382.3076923076924
1781523533,20,,Aggregated,0.200000,0.000000,7100,8300,8300,11000,13000,14000,14000,14000,14000,14000,14000,13,0,7100,8235.766931613818,5793.919331001234,14226.575900996977,1382.3076923076924
1781523534,20,,Aggregated,0.200000,0.000000,7100,8300,8300,11000,13000,14000,14000,14000,14000,14000,14000,13,0,7100,8235.766931613818,5793.919331001234,14226.575900996977,1382.3076923076924
1781523535,20,,Aggregated,0.200000,0.000000,7100,8300,8300,11000,13000,14000,14000,14000,14000,14000,14000,13,0,7100,8235.766931613818,5793.919331001234,14226.575900996977,1382.3076923076924
1781523536,20,,Aggregated,0.200000,0.000000,7100,8300,8300,11000,13000,14000,14000,14000,14000,14000,14000,13,0,7100,8235.766931613818,5793.919331001234,14226.575900996977,1382.3076923076924
1781523537,20,,Aggregated,0.200000,0.000000,7100,8300,8300,11000,13000,14000,14000,14000,14000,14000,14000,13,0,7100,8235.766931613818,5793.919331001234,14226.575900996977,1382.3076923076924
1781523538,20,,Aggregated,0.200000,0.000000,7100,8300,8300,11000,13000,14000,14000,14000,14000,14000,14000,13,0,7100,8235.766931613818,5793.919331001234,14226.575900996977,1382.3076923076924
1781523539,20,,Aggregated,0.200000,0.000000,7100,8300,8300,11000,13000,14000,14000,14000,14000,14000,14000,13,0,7100,8235.766931613818,5793.919331001234,14226.575900996977,1382.3076923076924
1781523540,20,,Aggregated,0.200000,0.000000,7100,8300,8300,11000,13000,14000,14000,14000,14000,14000,14000,13,0,7100,8235.766931613818,5793.919331001234,14226.575900996977,1382.3076923076924
1781523541,20,,Aggregated,0.200000,0.000000,7100,8300,8300,11000,13000,14000,14000,14000,14000,14000,14000,13,0,7100,8235.766931613818,5793.919331001234,14226.575900996977,1382.3076923076924
1781523542,20,,Aggregated,0.200000,0.000000,7100,8300,8300,11000,13000,14000,14000,14000,14000,14000,14000,13,0,7100,8235.766931613818,5793.919331001234,14226.575900996977,1382.3076923076924
1781523543,20,,Aggregated,0.200000,0.000000,7100,8300,8300,11000,13000,14000,14000,14000,14000,14000,14000,13,0,7100,8235.766931613818,5793.919331001234,14226.575900996977,1382.3076923076924
1781523544,20,,Aggregated,0.200000,0.000000,7100,8300,8300,11000,13000,14000,14000,14000,14000,14000,14000,13,0,7100,8235.766931613818,5793.919331001234,14226.575900996977,1382.3076923076924
1781523545,20,,Aggregated,0.200000,0.000000,7100,8300,8300,11000,13000,14000,14000,14000,14000,14000,14000,13,0,7100,8235.766931613818,5793.919331001234,14226.575900996977,1382.3076923076924
1781523546,20,,Aggregated,0.200000,0.000000,7100,8300,8300,11000,13000,14000,14000,14000,14000,14000,14000,13,0,7100,8235.766931613818,5793.919331001234,14226.575900996977,1382.3076923076924
1781523547,20,,Aggregated,0.200000,0.000000,7100,8300,8300,11000,13000,14000,14000,14000,14000,14000,14000,13,0,7100,8235.766931613818,5793.919331001234,14226.575900996977,1382.3076923076924
1781523548,20,,Aggregated,0.200000,0.000000,7100,8300,8300,11000,13000,14000,14000,14000,14000,14000,14000,13,0,7100,8235.766931613818,5793.919331001234,14226.575900996977,1382.3076923076924
1781523549,20,,Aggregated,0.000000,0.000000,7700,8300,11000,13000,14000,47000,47000,47000,47000,47000,47000,14,0,7100,10993.42162307013,5793.919331001234,46842.93261200219,1395.2142857142858
1781523550,20,,Aggregated,0.000000,0.000000,7700,8300,11000,13000,14000,47000,47000,47000,47000,47000,47000,14,0,7100,10993.42162307013,5793.919331001234,46842.93261200219,1395.2142857142858
1781523551,20,,Aggregated,0.000000,0.000000,7700,8300,11000,13000,14000,47000,47000,47000,47000,47000,47000,14,0,7100,10993.42162307013,5793.919331001234,46842.93261200219,1395.2142857142858
1781523552,20,,Aggregated,0.000000,0.000000,7700,8300,11000,13000,14000,47000,47000,47000,47000,47000,47000,14,0,7100,10993.42162307013,5793.919331001234,46842.93261200219,1395.2142857142858
1781523553,20,,Aggregated,0.000000,0.000000,7700,8300,11000,13000,14000,47000,47000,47000,47000,47000,47000,14,0,7100,10993.42162307013,5793.919331001234,46842.93261200219,1395.2142857142858
1781523554,20,,Aggregated,0.000000,0.000000,7700,8300,11000,13000,14000,47000,47000,47000,47000,47000,47000,14,0,7100,10993.42162307013,5793.919331001234,46842.93261200219,1395.2142857142858
1781523555,20,,Aggregated,0.000000,0.000000,7700,8300,11000,13000,14000,47000,47000,47000,47000,47000,47000,14,0,7100,10993.42162307013,5793.919331001234,46842.93261200219,1395.2142857142858
1781523556,20,,Aggregated,0.000000,0.000000,7700,8300,11000,13000,14000,47000,47000,47000,47000,47000,47000,14,0,7100,10993.42162307013,5793.919331001234,46842.93261200219,1395.2142857142858
1781523557,20,,Aggregated,0.100000,0.000000,7700,8300,13000,14000,34000,47000,47000,47000,47000,47000,47000,15,0,7700,12545.468858932145,5793.919331001234,46842.93261200219,1792.6666666666667
1781523558,20,,Aggregated,0.100000,0.000000,7700,8300,13000,14000,34000,47000,47000,47000,47000,47000,47000,15,0,7700,12545.468858932145,5793.919331001234,46842.93261200219,1792.6666666666667
1781523559,20,,Aggregated,0.100000,0.000000,7700,8300,13000,14000,34000,47000,47000,47000,47000,47000,47000,15,0,7700,12545.468858932145,5793.919331001234,46842.93261200219,1792.6666666666667
1781523560,20,,Aggregated,0.100000,0.000000,7700,8300,13000,14000,34000,47000,47000,47000,47000,47000,47000,15,0,7700,12545.468858932145,5793.919331001234,46842.93261200219,1792.6666666666667
1781523561,20,,Aggregated,0.100000,0.000000,7700,8300,13000,14000,34000,47000,47000,47000,47000,47000,47000,15,0,7700,12545.468858932145,5793.919331001234,46842.93261200219,1792.6666666666667
1781523562,20,,Aggregated,0.100000,0.000000,7700,8300,13000,14000,34000,47000,47000,47000,47000,47000,47000,15,0,7700,12545.468858932145,5793.919331001234,46842.93261200219,1792.6666666666667
1781523563,20,,Aggregated,0.100000,0.000000,7700,8300,13000,14000,34000,47000,47000,47000,47000,47000,47000,15,0,7700,12545.468858932145,5793.919331001234,46842.93261200219,1792.6666666666667
1781523564,20,,Aggregated,0.100000,0.000000,7700,8300,13000,14000,34000,47000,47000,47000,47000,47000,47000,15,0,7700,12545.468858932145,5793.919331001234,46842.93261200219,1792.6666666666667
1781523565,20,,Aggregated,0.100000,0.000000,7700,8300,13000,14000,34000,47000,47000,47000,47000,47000,47000,15,0,7700,12545.468858932145,5793.919331001234,46842.93261200219,1792.6666666666667
1781523566,20,,Aggregated,0.100000,0.000000,7700,8300,13000,14000,34000,47000,47000,47000,47000,47000,47000,15,0,7700,12545.468858932145,5793.919331001234,46842.93261200219,1792.6666666666667
1781523567,20,,Aggregated,0.100000,0.000000,7700,8300,13000,14000,34000,47000,47000,47000,47000,47000,47000,15,0,7700,12545.468858932145,5793.919331001234,46842.93261200219,1792.6666666666667
1781523568,20,,Aggregated,0.100000,0.000000,7700,8300,13000,14000,34000,47000,47000,47000,47000,47000,47000,15,0,7700,12545.468858932145,5793.919331001234,46842.93261200219,1792.6666666666667
1781523569,20,,Aggregated,0.100000,0.000000,7700,8300,13000,14000,34000,47000,47000,47000,47000,47000,47000,15,0,7700,12545.468858932145,5793.919331001234,46842.93261200219,1792.6666666666667
1781523570,20,,Aggregated,0.100000,0.000000,7700,8300,13000,14000,34000,47000,47000,47000,47000,47000,47000,15,0,7700,12545.468858932145,5793.919331001234,46842.93261200219,1792.6666666666667
1781523571,20,,Aggregated,0.100000,0.000000,7700,8300,13000,14000,34000,47000,47000,47000,47000,47000,47000,15,0,7700,12545.468858932145,5793.919331001234,46842.93261200219,1792.6666666666667
1781523572,20,,Aggregated,0.000000,0.000000,8300,11000,13000,13000,34000,47000,47000,47000,47000,47000,47000,16,0,7700,12592.207006186072,5793.919331001234,46842.93261200219,1834.3125
1781523573,20,,Aggregated,0.000000,0.000000,8300,11000,13000,13000,34000,47000,47000,47000,47000,47000,47000,16,0,7700,12592.207006186072,5793.919331001234,46842.93261200219,1834.3125
1781523574,20,,Aggregated,0.000000,0.000000,8300,13000,13000,14000,34000,47000,47000,47000,47000,47000,47000,17,0,8300,13088.953576292944,5793.919331001234,46842.93261200219,1906.3529411764705
1781523575,20,,Aggregated,0.000000,0.000000,8300,13000,13000,14000,34000,47000,47000,47000,47000,47000,47000,17,0,8300,13088.953576292944,5793.919331001234,46842.93261200219,1906.3529411764705
1781523576,20,,Aggregated,0.200000,0.000000,8300,13000,14000,21000,47000,69000,69000,69000,69000,69000,69000,18,0,8300,16175.521828387798,5793.919331001234,68647.18211400032,1974.1666666666667
1781523577,20,,Aggregated,0.200000,0.000000,8300,13000,14000,21000,47000,69000,69000,69000,69000,69000,69000,18,0,8300,16175.521828387798,5793.919331001234,68647.18211400032,1974.1666666666667
1781523578,20,,Aggregated,0.200000,0.000000,8300,13000,14000,21000,47000,69000,69000,69000,69000,69000,69000,18,0,8300,16175.521828387798,5793.919331001234,68647.18211400032,1974.1666666666667
1781523579,20,,Aggregated,0.200000,0.000000,8300,13000,14000,21000,47000,69000,69000,69000,69000,69000,69000,18,0,8300,16175.521828387798,5793.919331001234,68647.18211400032,1974.1666666666667
1781523580,20,,Aggregated,0.200000,0.000000,8300,13000,14000,21000,47000,69000,69000,69000,69000,69000,69000,18,0,8300,16175.521828387798,5793.919331001234,68647.18211400032,1974.1666666666667
1781523581,20,,Aggregated,0.200000,0.000000,8300,13000,14000,21000,47000,69000,69000,69000,69000,69000,69000,18,0,8300,16175.521828387798,5793.919331001234,68647.18211400032,1974.1666666666667
1781523582,20,,Aggregated,0.200000,0.000000,8300,13000,14000,21000,47000,69000,69000,69000,69000,69000,69000,18,0,8300,16175.521828387798,5793.919331001234,68647.18211400032,1974.1666666666667
1781523583,20,,Aggregated,0.300000,0.000000,8300,13000,14000,21000,47000,69000,69000,69000,69000,69000,69000,19,0,8300,15650.235696420024,5793.919331001234,68647.18211400032,1920.7894736842106
1781523584,20,,Aggregated,0.300000,0.000000,8300,13000,14000,21000,47000,69000,69000,69000,69000,69000,69000,19,0,8300,15650.235696420024,5793.919331001234,68647.18211400032,1920.7894736842106
1781523585,20,,Aggregated,0.300000,0.000000,8300,13000,14000,21000,47000,69000,69000,69000,69000,69000,69000,19,0,8300,15650.235696420024,5793.919331001234,68647.18211400032,1920.7894736842106
1781523586,20,,Aggregated,0.200000,0.000000,8300,13000,14000,21000,47000,69000,77000,77000,77000,77000,77000,21,0,8300,18449.676474523065,5793.919331001234,76765.41474700207,1877.3333333333333
1781523587,20,,Aggregated,0.200000,0.000000,8300,13000,14000,21000,47000,69000,77000,77000,77000,77000,77000,21,0,8300,18449.676474523065,5793.919331001234,76765.41474700207,1877.3333333333333
1781523588,20,,Aggregated,0.200000,0.000000,8300,13000,14000,21000,47000,69000,77000,77000,77000,77000,77000,21,0,8300,18449.676474523065,5793.919331001234,76765.41474700207,1877.3333333333333
1781523589,20,,Aggregated,0.200000,0.000000,8300,13000,14000,21000,47000,69000,77000,77000,77000,77000,77000,21,0,8300,18449.676474523065,5793.919331001234,76765.41474700207,1877.3333333333333
1781523590,20,,Aggregated,0.200000,0.000000,8300,13000,14000,21000,47000,69000,77000,77000,77000,77000,77000,21,0,8300,18449.676474523065,5793.919331001234,76765.41474700207,1877.3333333333333
1781523591,20,,Aggregated,0.200000,0.000000,8300,13000,14000,21000,47000,69000,77000,77000,77000,77000,77000,21,0,8300,18449.676474523065,5793.919331001234,76765.41474700207,1877.3333333333333
1781523592,20,,Aggregated,0.200000,0.000000,8300,13000,14000,21000,47000,69000,77000,77000,77000,77000,77000,21,0,8300,18449.676474523065,5793.919331001234,76765.41474700207,1877.3333333333333
1781523593,20,,Aggregated,0.200000,0.000000,8300,13000,14000,21000,47000,69000,77000,77000,77000,77000,77000,21,0,8300,18449.676474523065,5793.919331001234,76765.41474700207,1877.3333333333333
1781523594,20,,Aggregated,0.300000,0.000000,8500,13000,21000,34000,69000,77000,82000,82000,82000,82000,82000,23,0,8500,20792.087673782193,5793.919331001234,82319.34254500084,1809.2173913043478
1781523595,20,,Aggregated,0.300000,0.000000,8500,13000,21000,34000,69000,77000,82000,82000,82000,82000,82000,23,0,8500,20792.087673782193,5793.919331001234,82319.34254500084,1809.2173913043478
1781523596,20,,Aggregated,0.300000,0.000000,8500,13000,21000,34000,69000,77000,82000,82000,82000,82000,82000,24,0,8300,20247.38580808298,5793.919331001234,82319.34254500084,1785.0833333333333
1781523597,20,,Aggregated,0.300000,0.000000,8500,13000,21000,34000,69000,77000,82000,82000,82000,82000,82000,24,0,8300,20247.38580808298,5793.919331001234,82319.34254500084,1785.0833333333333
1781523598,20,,Aggregated,0.300000,0.000000,8500,13000,21000,34000,69000,77000,82000,82000,82000,82000,82000,24,0,8300,20247.38580808298,5793.919331001234,82319.34254500084,1785.0833333333333
1781523599,20,,Aggregated,0.300000,0.000000,8500,13000,21000,34000,69000,77000,82000,82000,82000,82000,82000,24,0,8300,20247.38580808298,5793.919331001234,82319.34254500084,1785.0833333333333
1781523600,20,,Aggregated,0.300000,0.000000,8500,13000,18000,21000,69000,77000,82000,82000,82000,82000,82000,26,0,8300,19652.150435153228,5793.919331001234,82319.34254500084,1852.1153846153845
1781523601,20,,Aggregated,0.300000,0.000000,8500,13000,18000,21000,69000,77000,82000,82000,82000,82000,82000,26,0,8300,19652.150435153228,5793.919331001234,82319.34254500084,1852.1153846153845
1781523602,20,,Aggregated,0.300000,0.000000,8500,13000,18000,21000,69000,77000,82000,82000,82000,82000,82000,26,0,8300,19652.150435153228,5793.919331001234,82319.34254500084,1852.1153846153845
1781523603,20,,Aggregated,0.300000,0.000000,8500,13000,18000,21000,69000,77000,82000,82000,82000,82000,82000,26,0,8300,19652.150435153228,5793.919331001234,82319.34254500084,1852.1153846153845
1781523604,20,,Aggregated,0.500000,0.000000,8300,13000,18000,21000,69000,77000,82000,82000,82000,82000,82000,27,0,8300,19215.376454777368,5793.919331001234,82319.34254500084,1818.1851851851852
1781523605,20,,Aggregated,0.500000,0.000000,8300,13000,18000,21000,69000,77000,82000,82000,82000,82000,82000,27,0,8300,19215.376454777368,5793.919331001234,82319.34254500084,1818.1851851851852
1781523606,20,,Aggregated,0.500000,0.000000,8300,13000,18000,21000,69000,77000,82000,82000,82000,82000,82000,27,0,8300,19215.376454777368,5793.919331001234,82319.34254500084,1818.1851851851852
1781523607,20,,Aggregated,0.500000,0.000000,8300,13000,18000,21000,69000,77000,82000,82000,82000,82000,82000,27,0,8300,19215.376454777368,5793.919331001234,82319.34254500084,1818.1851851851852
1781523608,20,,Aggregated,0.500000,0.000000,8300,13000,18000,21000,69000,77000,82000,82000,82000,82000,82000,27,0,8300,19215.376454777368,5793.919331001234,82319.34254500084,1818.1851851851852
1781523609,20,,Aggregated,0.500000,0.000000,8300,13000,18000,21000,69000,77000,82000,82000,82000,82000,82000,27,0,8300,19215.376454777368,5793.919331001234,82319.34254500084,1818.1851851851852
1781523610,20,,Aggregated,0.300000,0.000000,8500,13000,14000,21000,69000,77000,82000,82000,82000,82000,82000,30,0,8300,18255.21425193292,5793.919331001234,82319.34254500084,1763.6
1781523611,20,,Aggregated,0.300000,0.000000,8500,13000,14000,21000,69000,77000,82000,82000,82000,82000,82000,30,0,8300,18255.21425193292,5793.919331001234,82319.34254500084,1763.6
1781523612,20,,Aggregated,0.400000,0.000000,8500,13000,18000,21000,69000,82000,105000,105000,105000,105000,105000,31,0,8500,21038.565128386836,5793.919331001234,104539.09142200428,1744.3870967741937
1781523613,20,,Aggregated,0.400000,0.000000,8500,13000,18000,21000,69000,82000,105000,105000,105000,105000,105000,31,0,8500,21038.565128386836,5793.919331001234,104539.09142200428,1744.3870967741937
1781523614,20,,Aggregated,0.400000,0.000000,8500,13000,18000,21000,69000,82000,105000,105000,105000,105000,105000,31,0,8500,21038.565128386836,5793.919331001234,104539.09142200428,1744.3870967741937
1781523615,20,,Aggregated,0.400000,0.000000,8500,13000,18000,21000,69000,82000,105000,105000,105000,105000,105000,31,0,8500,21038.565128386836,5793.919331001234,104539.09142200428,1744.3870967741937
1781523616,20,,Aggregated,0.400000,0.000000,8500,13000,18000,21000,69000,82000,105000,105000,105000,105000,105000,31,0,8500,21038.565128386836,5793.919331001234,104539.09142200428,1744.3870967741937
1781523617,20,,Aggregated,0.400000,0.000000,8500,13000,18000,21000,69000,82000,105000,105000,105000,105000,105000,31,0,8500,21038.565128386836,5793.919331001234,104539.09142200428,1744.3870967741937
1781523618,20,,Aggregated,0.400000,0.000000,8500,13000,18000,21000,69000,82000,105000,105000,105000,105000,105000,31,0,8500,21038.565128386836,5793.919331001234,104539.09142200428,1744.3870967741937
1781523619,20,,Aggregated,0.400000,0.000000,8500,13000,18000,21000,69000,82000,105000,105000,105000,105000,105000,31,0,8500,21038.565128386836,5793.919331001234,104539.09142200428,1744.3870967741937
1781523620,20,,Aggregated,0.400000,0.000000,9000,13000,18000,21000,69000,82000,105000,105000,105000,105000,105000,32,0,8500,20790.94989178111,5793.919331001234,104539.09142200428,1769.625
1781523621,20,,Aggregated,0.400000,0.000000,9000,13000,18000,21000,69000,82000,105000,105000,105000,105000,105000,32,0,8500,20790.94989178111,5793.919331001234,104539.09142200428,1769.625
1781523622,20,,Aggregated,0.400000,0.000000,9000,13000,18000,21000,69000,82000,105000,105000,105000,105000,105000,32,0,8500,20790.94989178111,5793.919331001234,104539.09142200428,1769.625
1781523623,20,,Aggregated,0.400000,0.000000,9000,13000,18000,21000,69000,82000,105000,105000,105000,105000,105000,32,0,8500,20790.94989178111,5793.919331001234,104539.09142200428,1769.625
1781523624,20,,Aggregated,0.400000,0.000000,9000,13000,18000,21000,69000,82000,105000,105000,105000,105000,105000,32,0,8500,20790.94989178111,5793.919331001234,104539.09142200428,1769.625
1781523625,20,,Aggregated,0.400000,0.000000,9000,13000,18000,21000,69000,82000,105000,105000,105000,105000,105000,32,0,8500,20790.94989178111,5793.919331001234,104539.09142200428,1769.625
1781523626,20,,Aggregated,0.100000,0.000000,9000,13000,18000,21000,69000,82000,105000,105000,105000,105000,105000,33,0,9000,20795.89369196963,5793.919331001234,104539.09142200428,1834.3939393939395
1781523627,20,,Aggregated,0.100000,0.000000,11000,13000,18000,21000,69000,82000,105000,105000,105000,105000,105000,34,0,9000,20589.64352247045,5793.919331001234,104539.09142200428,1830.9117647058824
1781523628,20,,Aggregated,0.100000,0.000000,11000,13000,18000,21000,69000,82000,105000,105000,105000,105000,105000,34,0,9000,20589.64352247045,5793.919331001234,104539.09142200428,1830.9117647058824
1781523629,20,,Aggregated,0.100000,0.000000,11000,13000,18000,21000,69000,82000,105000,105000,105000,105000,105000,34,0,9000,20589.64352247045,5793.919331001234,104539.09142200428,1830.9117647058824
1781523630,20,,Aggregated,0.100000,0.000000,11000,13000,18000,21000,69000,82000,105000,105000,105000,105000,105000,34,0,9000,20589.64352247045,5793.919331001234,104539.09142200428,1830.9117647058824
1781523631,20,,Aggregated,0.100000,0.000000,11000,13000,18000,21000,69000,82000,105000,105000,105000,105000,105000,34,0,9000,20589.64352247045,5793.919331001234,104539.09142200428,1830.9117647058824
1781523632,20,,Aggregated,0.100000,0.000000,11000,13000,18000,21000,69000,82000,105000,105000,105000,105000,105000,34,0,9000,20589.64352247045,5793.919331001234,104539.09142200428,1830.9117647058824
1781523633,20,,Aggregated,0.100000,0.000000,11000,13000,18000,21000,69000,82000,105000,105000,105000,105000,105000,34,0,9000,20589.64352247045,5793.919331001234,104539.09142200428,1830.9117647058824
1781523634,20,,Aggregated,0.200000,0.000000,11000,14000,21000,34000,77000,105000,133000,133000,133000,133000,133000,35,0,11000,23804.907346885633,5793.919331001234,133123.87737700192,1819.3714285714286
1781523635,20,,Aggregated,0.200000,0.000000,11000,14000,21000,34000,77000,105000,133000,133000,133000,133000,133000,35,0,11000,23804.907346885633,5793.919331001234,133123.87737700192,1819.3714285714286
1781523636,20,,Aggregated,0.200000,0.000000,11000,14000,21000,34000,77000,105000,133000,133000,133000,133000,133000,35,0,11000,23804.907346885633,5793.919331001234,133123.87737700192,1819.3714285714286
1781523637,20,,Aggregated,0.200000,0.000000,11000,14000,21000,34000,77000,105000,133000,133000,133000,133000,133000,35,0,11000,23804.907346885633,5793.919331001234,133123.87737700192,1819.3714285714286
1781523638,20,,Aggregated,0.200000,0.000000,11000,14000,21000,34000,77000,105000,133000,133000,133000,133000,133000,35,0,11000,23804.907346885633,5793.919331001234,133123.87737700192,1819.3714285714286
1781523639,20,,Aggregated,0.200000,0.000000,11000,14000,21000,34000,77000,105000,133000,133000,133000,133000,133000,35,0,11000,23804.907346885633,5793.919331001234,133123.87737700192,1819.3714285714286
1781523640,20,,Aggregated,0.200000,0.000000,11000,14000,21000,34000,77000,105000,133000,133000,133000,133000,133000,35,0,11000,23804.907346885633,5793.919331001234,133123.87737700192,1819.3714285714286
1781523641,20,,Aggregated,0.200000,0.000000,11000,14000,21000,34000,77000,105000,133000,133000,133000,133000,133000,35,0,11000,23804.907346885633,5793.919331001234,133123.87737700192,1819.3714285714286
1781523642,20,,Aggregated,0.200000,0.000000,11000,14000,21000,34000,77000,105000,133000,133000,133000,133000,133000,35,0,11000,23804.907346885633,5793.919331001234,133123.87737700192,1819.3714285714286
1781523643,20,,Aggregated,0.200000,0.000000,11000,14000,21000,34000,77000,105000,133000,133000,133000,133000,133000,35,0,11000,23804.907346885633,5793.919331001234,133123.87737700192,1819.3714285714286
1781523644,20,,Aggregated,0.200000,0.000000,11000,14000,21000,34000,77000,105000,133000,133000,133000,133000,133000,35,0,11000,23804.907346885633,5793.919331001234,133123.87737700192,1819.3714285714286
1781523645,20,,Aggregated,0.200000,0.000000,11000,14000,21000,34000,77000,105000,133000,133000,133000,133000,133000,35,0,11000,23804.907346885633,5793.919331001234,133123.87737700192,1819.3714285714286
1781523646,20,,Aggregated,0.200000,0.000000,11000,14000,21000,34000,77000,105000,133000,133000,133000,133000,133000,35,0,11000,23804.907346885633,5793.919331001234,133123.87737700192,1819.3714285714286
1781523647,20,,Aggregated,0.200000,0.000000,11000,14000,21000,34000,77000,105000,133000,133000,133000,133000,133000,35,0,11000,23804.907346885633,5793.919331001234,133123.87737700192,1819.3714285714286
1781523648,20,,Aggregated,0.200000,0.000000,11000,14000,21000,34000,77000,105000,133000,133000,133000,133000,133000,35,0,11000,23804.907346885633,5793.919331001234,133123.87737700192,1819.3714285714286
1781523649,20,,Aggregated,0.200000,0.000000,11000,14000,21000,34000,77000,105000,133000,133000,133000,133000,133000,35,0,11000,23804.907346885633,5793.919331001234,133123.87737700192,1819.3714285714286
1781523650,20,,Aggregated,0.000000,0.000000,13000,14000,21000,34000,82000,133000,142000,142000,142000,142000,142000,36,0,11000,27082.80208530555,5793.919331001234,141809.11793000269,1838.2222222222222
1781523651,20,,Aggregated,0.000000,0.000000,13000,14000,21000,34000,82000,133000,142000,142000,142000,142000,142000,36,0,11000,27082.80208530555,5793.919331001234,141809.11793000269,1838.2222222222222
1781523652,20,,Aggregated,0.000000,0.000000,13000,14000,21000,34000,82000,133000,142000,142000,142000,142000,142000,36,0,11000,27082.80208530555,5793.919331001234,141809.11793000269,1838.2222222222222
1781523653,20,,Aggregated,0.000000,0.000000,13000,14000,21000,34000,82000,133000,142000,142000,142000,142000,142000,36,0,11000,27082.80208530555,5793.919331001234,141809.11793000269,1838.2222222222222
1781523654,20,,Aggregated,0.000000,0.000000,13000,14000,21000,34000,82000,133000,142000,142000,142000,142000,142000,36,0,11000,27082.80208530555,5793.919331001234,141809.11793000269,1838.2222222222222
1781523655,20,,Aggregated,0.000000,0.000000,13000,14000,21000,34000,82000,133000,142000,142000,142000,142000,142000,36,0,11000,27082.80208530555,5793.919331001234,141809.11793000269,1838.2222222222222
1781523656,20,,Aggregated,0.000000,0.000000,13000,14000,21000,34000,82000,133000,142000,142000,142000,142000,142000,36,0,11000,27082.80208530555,5793.919331001234,141809.11793000269,1838.2222222222222
1781523657,20,,Aggregated,0.000000,0.000000,13000,14000,21000,34000,82000,133000,142000,142000,142000,142000,142000,36,0,11000,27082.80208530555,5793.919331001234,141809.11793000269,1838.2222222222222
1781523658,20,,Aggregated,0.000000,0.000000,13000,14000,21000,34000,82000,133000,142000,142000,142000,142000,142000,36,0,11000,27082.80208530555,5793.919331001234,141809.11793000269,1838.2222222222222
1781523659,20,,Aggregated,0.000000,0.000000,13000,14000,21000,34000,82000,133000,142000,142000,142000,142000,142000,36,0,11000,27082.80208530555,5793.919331001234,141809.11793000269,1838.2222222222222
1781523660,20,,Aggregated,0.100000,0.000000,13000,14000,21000,47000,105000,142000,158000,158000,158000,158000,158000,37,0,13000,30629.065822324414,5793.919331001234,158294.56035500334,1814.2702702702702
1781523661,20,,Aggregated,0.100000,0.000000,13000,14000,21000,47000,105000,142000,158000,158000,158000,158000,158000,37,0,13000,30629.065822324414,5793.919331001234,158294.56035500334,1814.2702702702702
1781523662,20,,Aggregated,0.100000,0.000000,13000,14000,21000,47000,105000,142000,158000,158000,158000,158000,158000,37,0,13000,30629.065822324414,5793.919331001234,158294.56035500334,1814.2702702702702
1781523663,20,,Aggregated,0.100000,0.000000,13000,18000,34000,69000,133000,158000,163000,163000,163000,163000,163000,38,0,13000,34100.979921657876,5793.919331001234,162561.8015969958,1796.0526315789473
1781523664,20,,Aggregated,0.100000,0.000000,13000,18000,34000,69000,133000,158000,163000,163000,163000,163000,163000,38,0,13000,34100.979921657876,5793.919331001234,162561.8015969958,1796.0526315789473
1781523665,20,,Aggregated,0.100000,0.000000,13000,18000,34000,69000,133000,158000,163000,163000,163000,163000,163000,38,0,13000,34100.979921657876,5793.919331001234,162561.8015969958,1796.0526315789473
1781523666,20,,Aggregated,0.100000,0.000000,13000,18000,34000,69000,133000,158000,163000,163000,163000,163000,163000,38,0,13000,34100.979921657876,5793.919331001234,162561.8015969958,1796.0526315789473
1781523667,20,,Aggregated,0.200000,0.000000,13000,18000,47000,77000,142000,159000,163000,163000,163000,163000,163000,39,0,13000,37315.73563838454,5793.919331001234,162561.8015969958,1798.7179487179487
1781523668,20,,Aggregated,0.200000,0.000000,13000,18000,47000,77000,142000,159000,163000,163000,163000,163000,163000,39,0,13000,37315.73563838454,5793.919331001234,162561.8015969958,1798.7179487179487
1781523669,20,,Aggregated,0.200000,0.000000,13000,18000,47000,77000,142000,159000,163000,163000,163000,163000,163000,39,0,13000,37315.73563838454,5793.919331001234,162561.8015969958,1798.7179487179487
1781523670,20,,Aggregated,0.200000,0.000000,13000,18000,47000,77000,142000,159000,163000,163000,163000,163000,163000,39,0,13000,37315.73563838454,5793.919331001234,162561.8015969958,1798.7179487179487
1781523671,20,,Aggregated,0.200000,0.000000,13000,18000,47000,77000,142000,159000,163000,163000,163000,163000,163000,39,0,13000,37315.73563838454,5793.919331001234,162561.8015969958,1798.7179487179487
1781523672,20,,Aggregated,0.300000,0.000000,13000,21000,69000,82000,158000,163000,172000,172000,172000,172000,172000,40,0,13000,40678.902786949766,5793.919331001234,171842.4215809937,1783.125
1781523673,20,,Aggregated,0.300000,0.000000,13000,21000,69000,82000,158000,163000,172000,172000,172000,172000,172000,40,0,13000,40678.902786949766,5793.919331001234,171842.4215809937,1783.125
1781523674,20,,Aggregated,0.300000,0.000000,13000,21000,69000,82000,158000,163000,172000,172000,172000,172000,172000,40,0,13000,40678.902786949766,5793.919331001234,171842.4215809937,1783.125
1781523675,20,,Aggregated,0.300000,0.000000,13000,21000,69000,82000,158000,163000,172000,172000,172000,172000,172000,40,0,13000,40678.902786949766,5793.919331001234,171842.4215809937,1783.125
1781523676,20,,Aggregated,0.300000,0.000000,13000,21000,69000,82000,158000,163000,172000,172000,172000,172000,172000,40,0,13000,40678.902786949766,5793.919331001234,171842.4215809937,1783.125
1781523677,20,,Aggregated,0.300000,0.000000,13000,21000,69000,82000,158000,163000,172000,172000,172000,172000,172000,40,0,13000,40678.902786949766,5793.919331001234,171842.4215809937,1783.125
1781523678,20,,Aggregated,0.300000,0.000000,13000,21000,69000,82000,158000,163000,172000,172000,172000,172000,172000,40,0,13000,40678.902786949766,5793.919331001234,171842.4215809937,1783.125
1781523679,20,,Aggregated,0.300000,0.000000,13000,21000,69000,82000,158000,163000,172000,172000,172000,172000,172000,40,0,13000,40678.902786949766,5793.919331001234,171842.4215809937,1783.125
1781523680,20,,Aggregated,0.300000,0.000000,13000,21000,69000,82000,158000,163000,172000,172000,172000,172000,172000,40,0,13000,40678.902786949766,5793.919331001234,171842.4215809937,1783.125
1781523681,20,,Aggregated,0.300000,0.000000,13000,21000,69000,82000,158000,163000,172000,172000,172000,172000,172000,40,0,13000,40678.902786949766,5793.919331001234,171842.4215809937,1783.125
1781523682,20,,Aggregated,0.300000,0.000000,13000,21000,69000,82000,158000,163000,172000,172000,172000,172000,172000,40,0,13000,40678.902786949766,5793.919331001234,171842.4215809937,1783.125
1781523683,20,,Aggregated,0.100000,0.000000,13000,21000,69000,82000,158000,163000,182000,182000,182000,182000,182000,41,0,13000,44113.6795724877,5793.919331001234,181504.750994005,1775.121951219512
1781523684,20,,Aggregated,0.100000,0.000000,13000,21000,69000,82000,158000,163000,182000,182000,182000,182000,182000,41,0,13000,44113.6795724877,5793.919331001234,181504.750994005,1775.121951219512
1781523685,20,,Aggregated,0.100000,0.000000,13000,21000,69000,82000,158000,163000,182000,182000,182000,182000,182000,41,0,13000,44113.6795724877,5793.919331001234,181504.750994005,1775.121951219512
1781523686,20,,Aggregated,0.100000,0.000000,13000,21000,69000,82000,158000,163000,182000,182000,182000,182000,182000,41,0,13000,44113.6795724877,5793.919331001234,181504.750994005,1775.121951219512
1781523687,20,,Aggregated,0.100000,0.000000,13000,21000,69000,82000,158000,163000,182000,182000,182000,182000,182000,41,0,13000,44113.6795724877,5793.919331001234,181504.750994005,1775.121951219512
1781523688,20,,Aggregated,0.100000,0.000000,13000,21000,69000,82000,158000,163000,182000,182000,182000,182000,182000,41,0,13000,44113.6795724877,5793.919331001234,181504.750994005,1775.121951219512
1781523689,20,,Aggregated,0.100000,0.000000,13000,21000,69000,82000,158000,163000,182000,182000,182000,182000,182000,41,0,13000,44113.6795724877,5793.919331001234,181504.750994005,1775.121951219512
1781523690,20,,Aggregated,0.100000,0.000000,13000,21000,77000,105000,159000,172000,188000,188000,188000,188000,188000,42,0,13000,47544.11462523803,5793.919331001234,188191.95178800146,1755.4761904761904
1781523691,20,,Aggregated,0.100000,0.000000,13000,21000,77000,105000,159000,172000,188000,188000,188000,188000,188000,42,0,13000,47544.11462523803,5793.919331001234,188191.95178800146,1755.4761904761904
1781523692,20,,Aggregated,0.100000,0.000000,13000,21000,77000,105000,159000,172000,188000,188000,188000,188000,188000,42,0,13000,47544.11462523803,5793.919331001234,188191.95178800146,1755.4761904761904
1781523693,20,,Aggregated,0.100000,0.000000,13000,21000,77000,105000,159000,172000,188000,188000,188000,188000,188000,42,0,13000,47544.11462523803,5793.919331001234,188191.95178800146,1755.4761904761904
1781523694,20,,Aggregated,0.100000,0.000000,13000,21000,77000,105000,159000,172000,188000,188000,188000,188000,188000,42,0,13000,47544.11462523803,5793.919331001234,188191.95178800146,1755.4761904761904
1781523695,20,,Aggregated,0.100000,0.000000,13000,21000,77000,105000,159000,172000,188000,188000,188000,188000,188000,42,0,13000,47544.11462523803,5793.919331001234,188191.95178800146,1755.4761904761904
1781523696,20,,Aggregated,0.100000,0.000000,13000,21000,77000,105000,159000,172000,188000,188000,188000,188000,188000,42,0,13000,47544.11462523803,5793.919331001234,188191.95178800146,1755.4761904761904
1781523697,20,,Aggregated,0.100000,0.000000,13000,34000,82000,133000,163000,182000,189000,189000,189000,189000,189000,43,0,13000,50840.550392279154,5793.919331001234,189290.8526080064,1755.3720930232557
1781523698,20,,Aggregated,0.100000,0.000000,13000,34000,82000,133000,163000,182000,189000,189000,189000,189000,189000,43,0,13000,50840.550392279154,5793.919331001234,189290.8526080064,1755.3720930232557
1781523700,20,,Aggregated,0.100000,0.000000,13000,34000,82000,133000,163000,182000,189000,189000,189000,189000,189000,43,0,13000,50840.550392279154,5793.919331001234,189290.8526080064,1755.3720930232557
1781523701,20,,Aggregated,0.100000,0.000000,13000,34000,82000,133000,163000,182000,189000,189000,189000,189000,189000,43,0,13000,50840.550392279154,5793.919331001234,189290.8526080064,1755.3720930232557
1781523702,20,,Aggregated,0.100000,0.000000,13000,34000,82000,133000,163000,182000,189000,189000,189000,189000,189000,43,0,13000,50840.550392279154,5793.919331001234,189290.8526080064,1755.3720930232557
1781523703,20,,Aggregated,0.100000,0.000000,13000,34000,82000,133000,163000,182000,189000,189000,189000,189000,189000,43,0,13000,50840.550392279154,5793.919331001234,189290.8526080064,1755.3720930232557
1781523704,20,,Aggregated,0.100000,0.000000,13000,34000,82000,133000,163000,182000,189000,189000,189000,189000,189000,43,0,13000,50840.550392279154,5793.919331001234,189290.8526080064,1755.3720930232557
1781523705,20,,Aggregated,0.100000,0.000000,13000,34000,82000,133000,163000,182000,189000,189000,189000,189000,189000,43,0,13000,50840.550392279154,5793.919331001234,189290.8526080064,1755.3720930232557
1781523706,20,,Aggregated,0.100000,0.000000,13000,34000,82000,133000,163000,182000,189000,189000,189000,189000,189000,43,0,13000,50840.550392279154,5793.919331001234,189290.8526080064,1755.3720930232557
1781523707,20,,Aggregated,0.100000,0.000000,13000,34000,82000,133000,163000,182000,189000,189000,189000,189000,189000,43,0,13000,50840.550392279154,5793.919331001234,189290.8526080064,1755.3720930232557
1781523708,20,,Aggregated,0.100000,0.000000,13000,34000,82000,133000,163000,182000,189000,189000,189000,189000,189000,43,0,13000,50840.550392279154,5793.919331001234,189290.8526080064,1755.3720930232557
1781523709,20,,Aggregated,0.100000,0.000000,13000,34000,82000,133000,163000,182000,189000,189000,189000,189000,189000,43,0,13000,50840.550392279154,5793.919331001234,189290.8526080064,1755.3720930232557
1781523710,20,,Aggregated,0.100000,0.000000,13000,34000,82000,133000,163000,182000,189000,189000,189000,189000,189000,43,0,13000,50840.550392279154,5793.919331001234,189290.8526080064,1755.3720930232557
1781523711,20,,Aggregated,0.100000,0.000000,13000,34000,82000,133000,163000,182000,189000,189000,189000,189000,189000,43,0,13000,50840.550392279154,5793.919331001234,189290.8526080064,1755.3720930232557
1781523712,20,,Aggregated,0.100000,0.000000,13000,34000,82000,133000,163000,182000,189000,189000,189000,189000,189000,43,0,13000,50840.550392279154,5793.919331001234,189290.8526080064,1755.3720930232557
1781523713,20,,Aggregated,0.100000,0.000000,13000,34000,82000,133000,163000,182000,189000,189000,189000,189000,189000,43,0,13000,50840.550392279154,5793.919331001234,189290.8526080064,1755.3720930232557
1781523714,20,,Aggregated,0.100000,0.000000,13000,34000,82000,133000,163000,182000,189000,189000,189000,189000,189000,43,0,13000,50840.550392279154,5793.919331001234,189290.8526080064,1755.3720930232557
1781523715,20,,Aggregated,0.100000,0.000000,13000,34000,82000,133000,163000,182000,189000,189000,189000,189000,189000,43,0,13000,50840.550392279154,5793.919331001234,189290.8526080064,1755.3720930232557
1781523716,20,,Aggregated,0.100000,0.000000,13000,34000,82000,133000,163000,182000,189000,189000,189000,189000,189000,43,0,13000,50840.550392279154,5793.919331001234,189290.8526080064,1755.3720930232557
1781523717,20,,Aggregated,0.100000,0.000000,13000,34000,82000,133000,163000,182000,189000,189000,189000,189000,189000,43,0,13000,50840.550392279154,5793.919331001234,189290.8526080064,1755.3720930232557
1781523718,20,,Aggregated,0.100000,0.000000,13000,34000,82000,133000,163000,182000,189000,189000,189000,189000,189000,43,0,13000,50840.550392279154,5793.919331001234,189290.8526080064,1755.3720930232557
1781523719,20,,Aggregated,0.000000,0.000000,13000,47000,105000,133000,163000,182000,189000,189000,189000,189000,189000,44,0,13000,52120.12846170447,5793.919331001234,189290.8526080064,1792.7727272727273
1781523720,20,,Aggregated,0.000000,0.000000,13000,47000,105000,133000,163000,182000,189000,189000,189000,189000,189000,44,0,13000,52120.12846170447,5793.919331001234,189290.8526080064,1792.7727272727273
1781523721,20,,Aggregated,0.000000,0.000000,13000,47000,105000,133000,163000,182000,189000,189000,189000,189000,189000,44,0,13000,52120.12846170447,5793.919331001234,189290.8526080064,1792.7727272727273
1781523722,20,,Aggregated,0.000000,0.000000,13000,47000,105000,133000,163000,182000,189000,189000,189000,189000,189000,44,0,13000,52120.12846170447,5793.919331001234,189290.8526080064,1792.7727272727273
1781523723,20,,Aggregated,0.100000,0.000000,13000,47000,105000,142000,172000,188000,194000,194000,194000,194000,194000,45,0,13000,55275.19589997779,5793.919331001234,194098.16318400408,1821.9777777777779
1781523724,20,,Aggregated,0.100000,0.000000,13000,47000,105000,142000,172000,188000,194000,194000,194000,194000,194000,45,0,13000,55275.19589997779,5793.919331001234,194098.16318400408,1821.9777777777779
1781523725,20,,Aggregated,0.100000,0.000000,13000,47000,105000,142000,172000,188000,194000,194000,194000,194000,194000,45,0,13000,55275.19589997779,5793.919331001234,194098.16318400408,1821.9777777777779
1781523726,20,,Aggregated,0.100000,0.000000,13000,47000,105000,142000,172000,188000,194000,194000,194000,194000,194000,45,0,13000,55275.19589997779,5793.919331001234,194098.16318400408,1821.9777777777779
1781523727,20,,Aggregated,0.100000,0.000000,13000,47000,105000,142000,172000,188000,194000,194000,194000,194000,194000,45,0,13000,55275.19589997779,5793.919331001234,194098.16318400408,1821.9777777777779
1781523728,20,,Aggregated,0.100000,0.000000,13000,47000,105000,142000,172000,188000,194000,194000,194000,194000,194000,45,0,13000,55275.19589997779,5793.919331001234,194098.16318400408,1821.9777777777779
1781523729,20,,Aggregated,0.100000,0.000000,13000,47000,105000,142000,172000,188000,194000,194000,194000,194000,194000,45,0,13000,55275.19589997779,5793.919331001234,194098.16318400408,1821.9777777777779
1781523730,20,,Aggregated,0.100000,0.000000,13000,47000,105000,142000,172000,188000,194000,194000,194000,194000,194000,45,0,13000,55275.19589997779,5793.919331001234,194098.16318400408,1821.9777777777779
1781523731,20,,Aggregated,0.100000,0.000000,13000,47000,105000,142000,172000,188000,194000,194000,194000,194000,194000,45,0,13000,55275.19589997779,5793.919331001234,194098.16318400408,1821.9777777777779
1781523732,20,,Aggregated,0.100000,0.000000,13000,47000,105000,142000,172000,188000,194000,194000,194000,194000,194000,45,0,13000,55275.19589997779,5793.919331001234,194098.16318400408,1821.9777777777779
1781523733,20,,Aggregated,0.100000,0.000000,13000,47000,105000,142000,172000,188000,194000,194000,194000,194000,194000,45,0,13000,55275.19589997779,5793.919331001234,194098.16318400408,1821.9777777777779
1781523734,20,,Aggregated,0.100000,0.000000,13000,47000,105000,142000,172000,188000,194000,194000,194000,194000,194000,45,0,13000,55275.19589997779,5793.919331001234,194098.16318400408,1821.9777777777779
1781523735,20,,Aggregated,0.100000,0.000000,13000,47000,105000,142000,172000,188000,194000,194000,194000,194000,194000,45,0,13000,55275.19589997779,5793.919331001234,194098.16318400408,1821.9777777777779
1781523736,20,,Aggregated,0.100000,0.000000,13000,47000,105000,142000,172000,188000,194000,194000,194000,194000,194000,45,0,13000,55275.19589997779,5793.919331001234,194098.16318400408,1821.9777777777779
1781523737,20,,Aggregated,0.100000,0.000000,13000,47000,105000,142000,172000,188000,194000,194000,194000,194000,194000,45,0,13000,55275.19589997779,5793.919331001234,194098.16318400408,1821.9777777777779
1781523738,20,,Aggregated,0.100000,0.000000,13000,47000,105000,142000,172000,188000,194000,194000,194000,194000,194000,45,0,13000,55275.19589997779,5793.919331001234,194098.16318400408,1821.9777777777779
1781523739,20,,Aggregated,0.100000,0.000000,13000,47000,105000,142000,172000,188000,194000,194000,194000,194000,194000,45,0,13000,55275.19589997779,5793.919331001234,194098.16318400408,1821.9777777777779
1781523740,20,,Aggregated,0.100000,0.000000,13000,47000,105000,142000,172000,188000,194000,194000,194000,194000,194000,45,0,13000,55275.19589997779,5793.919331001234,194098.16318400408,1821.9777777777779
1781523741,20,,Aggregated,0.100000,0.000000,13000,47000,105000,142000,172000,188000,194000,194000,194000,194000,194000,45,0,13000,55275.19589997779,5793.919331001234,194098.16318400408,1821.9777777777779
1781523742,20,,Aggregated,0.100000,0.000000,13000,47000,105000,142000,172000,188000,194000,194000,194000,194000,194000,45,0,13000,55275.19589997779,5793.919331001234,194098.16318400408,1821.9777777777779
1781523743,20,,Aggregated,0.100000,0.000000,13000,47000,105000,142000,172000,188000,194000,194000,194000,194000,194000,45,0,13000,55275.19589997779,5793.919331001234,194098.16318400408,1821.9777777777779
1781523744,20,,Aggregated,0.100000,0.000000,13000,47000,105000,142000,172000,188000,194000,194000,194000,194000,194000,45,0,13000,55275.19589997779,5793.919331001234,194098.16318400408,1821.9777777777779
1781523745,20,,Aggregated,0.100000,0.000000,13000,47000,105000,142000,172000,188000,194000,194000,194000,194000,194000,45,0,13000,55275.19589997779,5793.919331001234,194098.16318400408,1821.9777777777779
1781523746,20,,Aggregated,0.100000,0.000000,13000,47000,105000,142000,172000,188000,194000,194000,194000,194000,194000,45,0,13000,55275.19589997779,5793.919331001234,194098.16318400408,1821.9777777777779
1781523747,20,,Aggregated,0.100000,0.000000,13000,47000,105000,142000,172000,188000,194000,194000,194000,194000,194000,45,0,13000,55275.19589997779,5793.919331001234,194098.16318400408,1821.9777777777779
1781523748,20,,Aggregated,0.100000,0.000000,13000,47000,105000,142000,172000,188000,194000,194000,194000,194000,194000,45,0,13000,55275.19589997779,5793.919331001234,194098.16318400408,1821.9777777777779
1781523749,20,,Aggregated,0.100000,0.000000,13000,47000,105000,142000,172000,188000,194000,194000,194000,194000,194000,45,0,13000,55275.19589997779,5793.919331001234,194098.16318400408,1821.9777777777779
1781523750,20,,Aggregated,0.000000,0.000000,14000,69000,107000,142000,182000,189000,248000,248000,248000,248000,248000,46,0,13000,59463.67040369564,5793.919331001234,247945.023070999,1802.9130434782608
1781523751,20,,Aggregated,0.000000,0.000000,14000,69000,107000,142000,182000,189000,248000,248000,248000,248000,248000,46,0,13000,59463.67040369564,5793.919331001234,247945.023070999,1802.9130434782608
1781523752,20,,Aggregated,0.000000,0.000000,14000,69000,107000,142000,182000,189000,248000,248000,248000,248000,248000,46,0,13000,59463.67040369564,5793.919331001234,247945.023070999,1802.9130434782608
1781523753,20,,Aggregated,0.000000,0.000000,14000,69000,107000,142000,182000,189000,248000,248000,248000,248000,248000,46,0,13000,59463.67040369564,5793.919331001234,247945.023070999,1802.9130434782608
1781523754,20,,Aggregated,0.000000,0.000000,14000,69000,107000,142000,182000,189000,248000,248000,248000,248000,248000,46,0,13000,59463.67040369564,5793.919331001234,247945.023070999,1802.9130434782608
1781523755,20,,Aggregated,0.000000,0.000000,14000,69000,107000,142000,182000,189000,248000,248000,248000,248000,248000,46,0,13000,59463.67040369564,5793.919331001234,247945.023070999,1802.9130434782608
1781523756,20,,Aggregated,0.000000,0.000000,14000,69000,107000,142000,182000,189000,248000,248000,248000,248000,248000,46,0,13000,59463.67040369564,5793.919331001234,247945.023070999,1802.9130434782608
1781523757,20,,Aggregated,0.000000,0.000000,14000,69000,107000,142000,182000,189000,248000,248000,248000,248000,248000,46,0,13000,59463.67040369564,5793.919331001234,247945.023070999,1802.9130434782608
1781523758,20,,Aggregated,0.000000,0.000000,14000,69000,107000,142000,182000,189000,248000,248000,248000,248000,248000,46,0,13000,59463.67040369564,5793.919331001234,247945.023070999,1802.9130434782608
1781523759,20,,Aggregated,0.000000,0.000000,14000,69000,107000,142000,182000,189000,248000,248000,248000,248000,248000,46,0,13000,59463.67040369564,5793.919331001234,247945.023070999,1802.9130434782608
1781523760,20,,Aggregated,0.000000,0.000000,14000,69000,107000,142000,182000,189000,248000,248000,248000,248000,248000,46,0,13000,59463.67040369564,5793.919331001234,247945.023070999,1802.9130434782608
1781523761,20,,Aggregated,0.000000,0.000000,14000,69000,107000,142000,182000,189000,248000,248000,248000,248000,248000,46,0,13000,59463.67040369564,5793.919331001234,247945.023070999,1802.9130434782608
1781523762,20,,Aggregated,0.000000,0.000000,14000,69000,107000,142000,182000,189000,248000,248000,248000,248000,248000,46,0,13000,59463.67040369564,5793.919331001234,247945.023070999,1802.9130434782608
1781523763,20,,Aggregated,0.000000,0.000000,14000,69000,107000,142000,182000,189000,248000,248000,248000,248000,248000,46,0,13000,59463.67040369564,5793.919331001234,247945.023070999,1802.9130434782608
1781523764,20,,Aggregated,0.000000,0.000000,14000,69000,107000,142000,182000,189000,248000,248000,248000,248000,248000,46,0,13000,59463.67040369564,5793.919331001234,247945.023070999,1802.9130434782608
1781523765,20,,Aggregated,0.000000,0.000000,14000,77000,133000,158000,188000,194000,256000,256000,256000,256000,256000,47,0,14000,63636.38454553191,5793.919331001234,255581.23506999982,1791.595744680851
1781523766,20,,Aggregated,0.000000,0.000000,14000,77000,133000,158000,188000,194000,256000,256000,256000,256000,256000,47,0,14000,63636.38454553191,5793.919331001234,255581.23506999982,1791.595744680851
1781523767,20,,Aggregated,0.000000,0.000000,14000,77000,133000,158000,188000,194000,256000,256000,256000,256000,256000,47,0,14000,63636.38454553191,5793.919331001234,255581.23506999982,1791.595744680851
1781523768,20,,Aggregated,0.000000,0.000000,14000,77000,133000,158000,188000,194000,256000,256000,256000,256000,256000,47,0,14000,63636.38454553191,5793.919331001234,255581.23506999982,1791.595744680851
1781523769,20,,Aggregated,0.000000,0.000000,14000,77000,133000,158000,188000,194000,256000,256000,256000,256000,256000,47,0,14000,63636.38454553191,5793.919331001234,255581.23506999982,1791.595744680851
1781523770,20,,Aggregated,0.100000,0.000000,14000,77000,142000,159000,189000,248000,262000,262000,262000,262000,262000,48,0,14000,67767.76834424997,5793.919331001234,261942.80688399886,1774.25
1781523771,20,,Aggregated,0.100000,0.000000,14000,77000,142000,159000,189000,248000,262000,262000,262000,262000,262000,48,0,14000,67767.76834424997,5793.919331001234,261942.80688399886,1774.25
1781523772,20,,Aggregated,0.100000,0.000000,14000,77000,142000,159000,189000,248000,262000,262000,262000,262000,262000,48,0,14000,67767.76834424997,5793.919331001234,261942.80688399886,1774.25
1781523773,20,,Aggregated,0.100000,0.000000,14000,77000,142000,159000,189000,248000,262000,262000,262000,262000,262000,48,0,14000,67767.76834424997,5793.919331001234,261942.80688399886,1774.25
1781523774,20,,Aggregated,0.100000,0.000000,14000,77000,142000,159000,189000,248000,262000,262000,262000,262000,262000,48,0,14000,67767.76834424997,5793.919331001234,261942.80688399886,1774.25
1781523775,20,,Aggregated,0.100000,0.000000,14000,77000,142000,159000,189000,248000,262000,262000,262000,262000,262000,48,0,14000,67767.76834424997,5793.919331001234,261942.80688399886,1774.25
1781523776,20,,Aggregated,0.100000,0.000000,14000,77000,142000,159000,189000,248000,262000,262000,262000,262000,262000,48,0,14000,67767.76834424997,5793.919331001234,261942.80688399886,1774.25
1781523777,20,,Aggregated,0.100000,0.000000,14000,77000,142000,159000,189000,248000,262000,262000,262000,262000,262000,48,0,14000,67767.76834424997,5793.919331001234,261942.80688399886,1774.25
1781523778,20,,Aggregated,0.100000,0.000000,14000,77000,142000,159000,189000,248000,262000,262000,262000,262000,262000,48,0,14000,67767.76834424997,5793.919331001234,261942.80688399886,1774.25
1781523779,20,,Aggregated,0.100000,0.000000,14000,77000,142000,159000,189000,248000,262000,262000,262000,262000,262000,48,0,14000,67767.76834424997,5793.919331001234,261942.80688399886,1774.25
1781523780,20,,Aggregated,0.100000,0.000000,14000,77000,142000,159000,189000,248000,262000,262000,262000,262000,262000,48,0,14000,67767.76834424997,5793.919331001234,261942.80688399886,1774.25
1781523781,20,,Aggregated,0.100000,0.000000,14000,77000,142000,159000,189000,248000,262000,262000,262000,262000,262000,48,0,14000,67767.76834424997,5793.919331001234,261942.80688399886,1774.25
1781523782,20,,Aggregated,0.100000,0.000000,14000,77000,142000,159000,189000,248000,262000,262000,262000,262000,262000,48,0,14000,67767.76834424997,5793.919331001234,261942.80688399886,1774.25
1781523783,20,,Aggregated,0.000000,0.000000,14000,82000,142000,163000,189000,248000,262000,262000,262000,262000,262000,49,0,14000,69877.45902573464,5793.919331001234,261942.80688399886,1762.265306122449
1781523784,20,,Aggregated,0.000000,0.000000,14000,82000,142000,163000,189000,248000,262000,262000,262000,262000,262000,49,0,14000,69877.45902573464,5793.919331001234,261942.80688399886,1762.265306122449
1781523785,20,,Aggregated,0.000000,0.000000,14000,82000,142000,163000,189000,248000,262000,262000,262000,262000,262000,49,0,14000,69877.45902573464,5793.919331001234,261942.80688399886,1762.265306122449
1781523786,20,,Aggregated,0.000000,0.000000,14000,82000,142000,163000,189000,248000,262000,262000,262000,262000,262000,49,0,14000,69877.45902573464,5793.919331001234,261942.80688399886,1762.265306122449
1781523787,20,,Aggregated,0.000000,0.000000,14000,82000,142000,163000,189000,248000,262000,262000,262000,262000,262000,49,0,14000,69877.45902573464,5793.919331001234,261942.80688399886,1762.265306122449
1781523788,20,,Aggregated,0.000000,0.000000,14000,82000,142000,163000,189000,248000,262000,262000,262000,262000,262000,49,0,14000,69877.45902573464,5793.919331001234,261942.80688399886,1762.265306122449
1781523789,20,,Aggregated,0.000000,0.000000,14000,82000,142000,163000,189000,248000,262000,262000,262000,262000,262000,49,0,14000,69877.45902573464,5793.919331001234,261942.80688399886,1762.265306122449
1781523790,20,,Aggregated,0.000000,0.000000,14000,82000,142000,163000,189000,248000,262000,262000,262000,262000,262000,49,0,14000,69877.45902573464,5793.919331001234,261942.80688399886,1762.265306122449
1781523791,20,,Aggregated,0.000000,0.000000,14000,82000,142000,163000,189000,248000,262000,262000,262000,262000,262000,49,0,14000,69877.45902573464,5793.919331001234,261942.80688399886,1762.265306122449
1781523792,20,,Aggregated,0.000000,0.000000,14000,82000,142000,163000,189000,248000,262000,262000,262000,262000,262000,49,0,14000,69877.45902573464,5793.919331001234,261942.80688399886,1762.265306122449
1781523793,20,,Aggregated,0.000000,0.000000,14000,82000,142000,163000,189000,248000,262000,262000,262000,262000,262000,49,0,14000,69877.45902573464,5793.919331001234,261942.80688399886,1762.265306122449
1781523794,20,,Aggregated,0.100000,0.000000,18000,105000,158000,171000,194000,256000,294000,294000,294000,294000,294000,50,0,14000,74350.01641385985,5793.919331001234,293505.3284319947,1750.88
1781523795,20,,Aggregated,0.100000,0.000000,18000,105000,158000,171000,194000,256000,294000,294000,294000,294000,294000,50,0,14000,74350.01641385985,5793.919331001234,293505.3284319947,1750.88
1781523796,20,,Aggregated,0.100000,0.000000,18000,105000,158000,171000,194000,256000,294000,294000,294000,294000,294000,50,0,14000,74350.01641385985,5793.919331001234,293505.3284319947,1750.88
1781523797,20,,Aggregated,0.100000,0.000000,18000,105000,158000,171000,194000,256000,294000,294000,294000,294000,294000,50,0,14000,74350.01641385985,5793.919331001234,293505.3284319947,1750.88
1781523798,20,,Aggregated,0.100000,0.000000,18000,105000,158000,171000,194000,256000,294000,294000,294000,294000,294000,50,0,14000,74350.01641385985,5793.919331001234,293505.3284319947,1750.88
1781523799,20,,Aggregated,0.100000,0.000000,18000,105000,158000,171000,194000,256000,294000,294000,294000,294000,294000,50,0,14000,74350.01641385985,5793.919331001234,293505.3284319947,1750.88
1781523800,20,,Aggregated,0.100000,0.000000,18000,105000,158000,171000,194000,256000,294000,294000,294000,294000,294000,50,0,14000,74350.01641385985,5793.919331001234,293505.3284319947,1750.88
1781523801,20,,Aggregated,0.100000,0.000000,18000,105000,158000,171000,194000,256000,294000,294000,294000,294000,294000,50,0,14000,74350.01641385985,5793.919331001234,293505.3284319947,1750.88
1781523802,20,,Aggregated,0.100000,0.000000,18000,105000,158000,171000,194000,256000,294000,294000,294000,294000,294000,50,0,14000,74350.01641385985,5793.919331001234,293505.3284319947,1750.88
1781523803,20,,Aggregated,0.100000,0.000000,18000,105000,158000,171000,194000,256000,294000,294000,294000,294000,294000,50,0,14000,74350.01641385985,5793.919331001234,293505.3284319947,1750.88
1781523804,20,,Aggregated,0.100000,0.000000,18000,105000,158000,171000,194000,256000,294000,294000,294000,294000,294000,50,0,14000,74350.01641385985,5793.919331001234,293505.3284319947,1750.88
1781523805,20,,Aggregated,0.100000,0.000000,18000,105000,158000,171000,194000,256000,294000,294000,294000,294000,294000,50,0,14000,74350.01641385985,5793.919331001234,293505.3284319947,1750.88
1781523806,20,,Aggregated,0.100000,0.000000,18000,105000,158000,171000,194000,256000,294000,294000,294000,294000,294000,50,0,14000,74350.01641385985,5793.919331001234,293505.3284319947,1750.88
1781523807,20,,Aggregated,0.100000,0.000000,18000,105000,158000,171000,194000,256000,294000,294000,294000,294000,294000,50,0,14000,74350.01641385985,5793.919331001234,293505.3284319947,1750.88
1781523808,20,,Aggregated,0.100000,0.000000,18000,105000,158000,171000,194000,256000,294000,294000,294000,294000,294000,50,0,14000,74350.01641385985,5793.919331001234,293505.3284319947,1750.88
1781523809,20,,Aggregated,0.100000,0.000000,18000,105000,158000,171000,194000,256000,294000,294000,294000,294000,294000,50,0,14000,74350.01641385985,5793.919331001234,293505.3284319947,1750.88
1781523810,20,,Aggregated,0.100000,0.000000,18000,105000,158000,171000,194000,256000,294000,294000,294000,294000,294000,50,0,14000,74350.01641385985,5793.919331001234,293505.3284319947,1750.88
1781523811,20,,Aggregated,0.100000,0.000000,18000,105000,158000,171000,194000,256000,294000,294000,294000,294000,294000,50,0,14000,74350.01641385985,5793.919331001234,293505.3284319947,1750.88
1781523812,20,,Aggregated,0.100000,0.000000,18000,105000,158000,171000,194000,256000,294000,294000,294000,294000,294000,50,0,14000,74350.01641385985,5793.919331001234,293505.3284319947,1750.88
1781523813,20,,Aggregated,0.100000,0.000000,18000,105000,158000,171000,194000,256000,294000,294000,294000,294000,294000,50,0,14000,74350.01641385985,5793.919331001234,293505.3284319947,1750.88
1781523814,20,,Aggregated,0.100000,0.000000,18000,105000,158000,171000,194000,256000,294000,294000,294000,294000,294000,50,0,14000,74350.01641385985,5793.919331001234,293505.3284319947,1750.88
1781523815,20,,Aggregated,0.100000,0.000000,18000,105000,158000,171000,194000,256000,294000,294000,294000,294000,294000,50,0,14000,74350.01641385985,5793.919331001234,293505.3284319947,1750.88
1781523816,20,,Aggregated,0.100000,0.000000,18000,105000,158000,171000,194000,256000,294000,294000,294000,294000,294000,50,0,14000,74350.01641385985,5793.919331001234,293505.3284319947,1750.88
1781523817,20,,Aggregated,0.100000,0.000000,18000,105000,158000,171000,194000,256000,294000,294000,294000,294000,294000,50,0,14000,74350.01641385985,5793.919331001234,293505.3284319947,1750.88
1781523818,20,,Aggregated,0.100000,0.000000,18000,105000,158000,171000,194000,256000,294000,294000,294000,294000,294000,50,0,14000,74350.01641385985,5793.919331001234,293505.3284319947,1750.88
1781523819,20,,Aggregated,0.100000,0.000000,18000,105000,158000,171000,194000,256000,294000,294000,294000,294000,294000,50,0,14000,74350.01641385985,5793.919331001234,293505.3284319947,1750.88
1781523820,20,,Aggregated,0.100000,0.000000,18000,105000,158000,171000,194000,256000,294000,294000,294000,294000,294000,50,0,14000,74350.01641385985,5793.919331001234,293505.3284319947,1750.88
1781523821,20,,Aggregated,0.100000,0.000000,18000,105000,158000,171000,194000,256000,294000,294000,294000,294000,294000,50,0,14000,74350.01641385985,5793.919331001234,293505.3284319947,1750.88
1781523822,20,,Aggregated,0.100000,0.000000,18000,105000,158000,171000,194000,256000,294000,294000,294000,294000,294000,50,0,14000,74350.01641385985,5793.919331001234,293505.3284319947,1750.88
1781523823,20,,Aggregated,0.100000,0.000000,18000,105000,158000,171000,194000,256000,294000,294000,294000,294000,294000,50,0,14000,74350.01641385985,5793.919331001234,293505.3284319947,1750.88
1781523824,20,,Aggregated,0.100000,0.000000,18000,105000,158000,171000,194000,256000,294000,294000,294000,294000,294000,50,0,14000,74350.01641385985,5793.919331001234,293505.3284319947,1750.88
1781523825,20,,Aggregated,0.100000,0.000000,18000,105000,158000,171000,194000,256000,294000,294000,294000,294000,294000,50,0,14000,74350.01641385985,5793.919331001234,293505.3284319947,1750.88
1781523826,20,,Aggregated,0.100000,0.000000,18000,105000,158000,171000,194000,256000,294000,294000,294000,294000,294000,50,0,14000,74350.01641385985,5793.919331001234,293505.3284319947,1750.88
1781523827,20,,Aggregated,0.100000,0.000000,18000,105000,158000,171000,194000,256000,294000,294000,294000,294000,294000,50,0,14000,74350.01641385985,5793.919331001234,293505.3284319947,1750.88
1781523828,20,,Aggregated,0.100000,0.000000,18000,105000,158000,171000,194000,256000,294000,294000,294000,294000,294000,50,0,14000,74350.01641385985,5793.919331001234,293505.3284319947,1750.88
1781523829,20,,Aggregated,0.100000,0.000000,18000,105000,158000,171000,194000,256000,294000,294000,294000,294000,294000,50,0,14000,74350.01641385985,5793.919331001234,293505.3284319947,1750.88
1781523830,20,,Aggregated,0.100000,0.000000,18000,105000,158000,171000,194000,256000,294000,294000,294000,294000,294000,50,0,14000,74350.01641385985,5793.919331001234,293505.3284319947,1750.88
1781523831,20,,Aggregated,0.100000,0.000000,18000,105000,158000,171000,194000,256000,294000,294000,294000,294000,294000,50,0,14000,74350.01641385985,5793.919331001234,293505.3284319947,1750.88
1781523832,20,,Aggregated,0.100000,0.000000,18000,105000,158000,171000,194000,256000,294000,294000,294000,294000,294000,50,0,14000,74350.01641385985,5793.919331001234,293505.3284319947,1750.88
1781523833,20,,Aggregated,0.100000,0.000000,18000,105000,158000,171000,194000,256000,294000,294000,294000,294000,294000,50,0,14000,74350.01641385985,5793.919331001234,293505.3284319947,1750.88
1781523834,20,,Aggregated,0.100000,0.000000,18000,105000,158000,171000,194000,256000,294000,294000,294000,294000,294000,50,0,14000,74350.01641385985,5793.919331001234,293505.3284319947,1750.88
1781523835,20,,Aggregated,0.100000,0.000000,18000,105000,158000,171000,194000,256000,294000,294000,294000,294000,294000,50,0,14000,74350.01641385985,5793.919331001234,293505.3284319947,1750.88
1781523836,20,,Aggregated,0.100000,0.000000,18000,105000,158000,171000,194000,256000,294000,294000,294000,294000,294000,50,0,14000,74350.01641385985,5793.919331001234,293505.3284319947,1750.88
1781523837,20,,Aggregated,0.100000,0.000000,18000,105000,158000,171000,194000,256000,294000,294000,294000,294000,294000,50,0,14000,74350.01641385985,5793.919331001234,293505.3284319947,1750.88
1781523838,20,,Aggregated,0.100000,0.000000,18000,105000,158000,171000,194000,256000,294000,294000,294000,294000,294000,50,0,14000,74350.01641385985,5793.919331001234,293505.3284319947,1750.88
1781523839,20,,Aggregated,0.100000,0.000000,18000,105000,158000,171000,194000,256000,294000,294000,294000,294000,294000,50,0,14000,74350.01641385985,5793.919331001234,293505.3284319947,1750.88
1781523840,20,,Aggregated,0.100000,0.000000,18000,105000,158000,171000,194000,256000,294000,294000,294000,294000,294000,50,0,14000,74350.01641385985,5793.919331001234,293505.3284319947,1750.88
1781523841,20,,Aggregated,0.100000,0.000000,18000,105000,158000,171000,194000,256000,294000,294000,294000,294000,294000,50,0,14000,74350.01641385985,5793.919331001234,293505.3284319947,1750.88
1781523842,20,,Aggregated,0.100000,0.000000,18000,105000,158000,171000,194000,256000,294000,294000,294000,294000,294000,50,0,14000,74350.01641385985,5793.919331001234,293505.3284319947,1750.88
1781523843,20,,Aggregated,0.100000,0.000000,18000,105000,158000,171000,194000,256000,294000,294000,294000,294000,294000,50,0,14000,74350.01641385985,5793.919331001234,293505.3284319947,1750.88
1781523844,20,,Aggregated,0.100000,0.000000,18000,105000,158000,171000,194000,256000,294000,294000,294000,294000,294000,50,0,14000,74350.01641385985,5793.919331001234,293505.3284319947,1750.88
1781523845,20,,Aggregated,0.100000,0.000000,18000,105000,158000,171000,194000,256000,294000,294000,294000,294000,294000,50,0,14000,74350.01641385985,5793.919331001234,293505.3284319947,1750.88
1781523846,20,,Aggregated,0.100000,0.000000,18000,105000,158000,171000,194000,256000,294000,294000,294000,294000,294000,50,0,14000,74350.01641385985,5793.919331001234,293505.3284319947,1750.88
1781523847,20,,Aggregated,0.100000,0.000000,18000,105000,158000,171000,194000,256000,294000,294000,294000,294000,294000,50,0,14000,74350.01641385985,5793.919331001234,293505.3284319947,1750.88
1781523848,20,,Aggregated,0.100000,0.000000,18000,105000,158000,171000,194000,256000,294000,294000,294000,294000,294000,50,0,14000,74350.01641385985,5793.919331001234,293505.3284319947,1750.88
1781523849,20,,Aggregated,0.100000,0.000000,18000,105000,158000,171000,194000,256000,294000,294000,294000,294000,294000,50,0,14000,74350.01641385985,5793.919331001234,293505.3284319947,1750.88
1781523850,20,,Aggregated,0.100000,0.000000,18000,105000,158000,171000,194000,256000,294000,294000,294000,294000,294000,50,0,14000,74350.01641385985,5793.919331001234,293505.3284319947,1750.88
1781523851,20,,Aggregated,0.100000,0.000000,18000,105000,158000,171000,194000,256000,294000,294000,294000,294000,294000,50,0,14000,74350.01641385985,5793.919331001234,293505.3284319947,1750.88
1781523852,20,,Aggregated,0.100000,0.000000,18000,105000,158000,171000,194000,256000,294000,294000,294000,294000,294000,50,0,14000,74350.01641385985,5793.919331001234,293505.3284319947,1750.88
1781523853,20,,Aggregated,0.100000,0.000000,18000,105000,158000,171000,194000,256000,294000,294000,294000,294000,294000,50,0,14000,74350.01641385985,5793.919331001234,293505.3284319947,1750.88
1781523854,20,,Aggregated,0.100000,0.000000,18000,105000,158000,171000,194000,256000,294000,294000,294000,294000,294000,50,0,14000,74350.01641385985,5793.919331001234,293505.3284319947,1750.88
1781523855,20,,Aggregated,0.100000,0.000000,18000,105000,158000,171000,194000,256000,294000,294000,294000,294000,294000,50,0,14000,74350.01641385985,5793.919331001234,293505.3284319947,1750.88
1781523856,20,,Aggregated,0.100000,0.000000,18000,105000,158000,171000,194000,256000,294000,294000,294000,294000,294000,50,0,14000,74350.01641385985,5793.919331001234,293505.3284319947,1750.88
1781523857,20,,Aggregated,0.100000,0.000000,18000,105000,158000,171000,194000,256000,294000,294000,294000,294000,294000,50,0,14000,74350.01641385985,5793.919331001234,293505.3284319947,1750.88
1781523858,20,,Aggregated,0.100000,0.000000,18000,105000,158000,171000,194000,256000,294000,294000,294000,294000,294000,50,0,14000,74350.01641385985,5793.919331001234,293505.3284319947,1750.88
1781523859,20,,Aggregated,0.100000,0.000000,18000,105000,158000,171000,194000,256000,294000,294000,294000,294000,294000,50,0,14000,74350.01641385985,5793.919331001234,293505.3284319947,1750.88
1781523860,20,,Aggregated,0.100000,0.000000,18000,105000,158000,171000,194000,256000,294000,294000,294000,294000,294000,50,0,14000,74350.01641385985,5793.919331001234,293505.3284319947,1750.88
1781523861,20,,Aggregated,0.100000,0.000000,18000,105000,158000,171000,194000,256000,294000,294000,294000,294000,294000,50,0,14000,74350.01641385985,5793.919331001234,293505.3284319947,1750.88
1781523862,20,,Aggregated,0.100000,0.000000,18000,105000,158000,171000,194000,256000,294000,294000,294000,294000,294000,50,0,14000,74350.01641385985,5793.919331001234,293505.3284319947,1750.88
1781523863,20,,Aggregated,0.100000,0.000000,18000,105000,158000,171000,194000,256000,294000,294000,294000,294000,294000,50,0,14000,74350.01641385985,5793.919331001234,293505.3284319947,1750.88
1781523864,20,,Aggregated,0.100000,0.000000,18000,105000,158000,171000,194000,256000,294000,294000,294000,294000,294000,50,0,14000,74350.01641385985,5793.919331001234,293505.3284319947,1750.88
1781523865,20,,Aggregated,0.100000,0.000000,18000,105000,158000,171000,194000,256000,294000,294000,294000,294000,294000,50,0,14000,74350.01641385985,5793.919331001234,293505.3284319947,1750.88
1781523866,20,,Aggregated,0.100000,0.000000,18000,105000,158000,171000,194000,256000,294000,294000,294000,294000,294000,50,0,14000,74350.01641385985,5793.919331001234,293505.3284319947,1750.88
1781523867,20,,Aggregated,0.100000,0.000000,18000,105000,158000,171000,194000,256000,294000,294000,294000,294000,294000,50,0,14000,74350.01641385985,5793.919331001234,293505.3284319947,1750.88
1781523868,20,,Aggregated,0.100000,0.000000,18000,105000,158000,171000,194000,256000,294000,294000,294000,294000,294000,50,0,14000,74350.01641385985,5793.919331001234,293505.3284319947,1750.88
1781523869,20,,Aggregated,0.100000,0.000000,18000,105000,158000,171000,194000,256000,294000,294000,294000,294000,294000,50,0,14000,74350.01641385985,5793.919331001234,293505.3284319947,1750.88
1781523870,20,,Aggregated,0.100000,0.000000,18000,105000,158000,171000,194000,256000,294000,294000,294000,294000,294000,50,0,14000,74350.01641385985,5793.919331001234,293505.3284319947,1750.88
1781523871,20,,Aggregated,0.100000,0.000000,18000,105000,158000,171000,194000,256000,294000,294000,294000,294000,294000,50,0,14000,74350.01641385985,5793.919331001234,293505.3284319947,1750.88
1781523872,20,,Aggregated,0.100000,0.000000,18000,105000,158000,171000,194000,256000,294000,294000,294000,294000,294000,50,0,14000,74350.01641385985,5793.919331001234,293505.3284319947,1750.88
1781523873,20,,Aggregated,0.100000,0.000000,18000,105000,158000,171000,194000,256000,294000,294000,294000,294000,294000,50,0,14000,74350.01641385985,5793.919331001234,293505.3284319947,1750.88
1781523874,20,,Aggregated,0.100000,0.000000,18000,105000,158000,171000,194000,256000,294000,294000,294000,294000,294000,50,0,14000,74350.01641385985,5793.919331001234,293505.3284319947,1750.88
1781523875,20,,Aggregated,0.100000,0.000000,18000,105000,158000,171000,194000,256000,294000,294000,294000,294000,294000,50,0,14000,74350.01641385985,5793.919331001234,293505.3284319947,1750.88
1781523876,20,,Aggregated,0.100000,0.000000,18000,105000,158000,171000,194000,256000,294000,294000,294000,294000,294000,50,0,14000,74350.01641385985,5793.919331001234,293505.3284319947,1750.88
1781523877,20,,Aggregated,0.100000,0.000000,18000,105000,158000,171000,194000,256000,294000,294000,294000,294000,294000,50,0,14000,74350.01641385985,5793.919331001234,293505.3284319947,1750.88
1781523878,20,,Aggregated,0.100000,0.000000,18000,105000,158000,171000,194000,256000,294000,294000,294000,294000,294000,50,0,14000,74350.01641385985,5793.919331001234,293505.3284319947,1750.88
1781523879,20,,Aggregated,0.100000,0.000000,18000,105000,158000,171000,194000,256000,294000,294000,294000,294000,294000,50,0,14000,74350.01641385985,5793.919331001234,293505.3284319947,1750.88
1781523880,20,,Aggregated,0.100000,0.000000,18000,105000,158000,171000,194000,256000,294000,294000,294000,294000,294000,50,0,14000,74350.01641385985,5793.919331001234,293505.3284319947,1750.88
1781523882,20,,Aggregated,0.100000,0.000000,18000,105000,158000,171000,194000,256000,294000,294000,294000,294000,294000,50,0,14000,74350.01641385985,5793.919331001234,293505.3284319947,1750.88
1781523883,20,,Aggregated,0.100000,0.000000,18000,105000,158000,171000,194000,256000,294000,294000,294000,294000,294000,50,0,14000,74350.01641385985,5793.919331001234,293505.3284319947,1750.88
1781523884,20,,Aggregated,0.100000,0.000000,18000,105000,158000,171000,194000,256000,294000,294000,294000,294000,294000,50,0,14000,74350.01641385985,5793.919331001234,293505.3284319947,1750.88
1781523885,20,,Aggregated,0.100000,0.000000,18000,105000,158000,171000,194000,256000,294000,294000,294000,294000,294000,50,0,14000,74350.01641385985,5793.919331001234,293505.3284319947,1750.88
1781523886,20,,Aggregated,0.100000,0.000000,18000,105000,158000,171000,194000,256000,294000,294000,294000,294000,294000,50,0,14000,74350.01641385985,5793.919331001234,293505.3284319947,1750.88
1781523887,20,,Aggregated,0.100000,0.000000,18000,105000,158000,171000,194000,256000,294000,294000,294000,294000,294000,50,0,14000,74350.01641385985,5793.919331001234,293505.3284319947,1750.88
1781523888,20,,Aggregated,0.100000,0.000000,18000,105000,158000,171000,194000,256000,294000,294000,294000,294000,294000,50,0,14000,74350.01641385985,5793.919331001234,293505.3284319947,1750.88
1781523889,20,,Aggregated,0.000000,0.000000,14000,82000,158000,163000,189000,256000,262000,294000,294000,294000,294000,52,0,14000,71893.9191437691,5793.919331001234,293505.3284319947,1736.6346153846155
1781523890,20,,Aggregated,0.000000,0.000000,14000,82000,158000,163000,189000,256000,262000,294000,294000,294000,294000,52,0,14000,71893.9191437691,5793.919331001234,293505.3284319947,1736.6346153846155
1781523891,20,,Aggregated,0.000000,0.000000,14000,77000,142000,163000,189000,256000,262000,294000,294000,294000,294000,53,0,14000,70812.91390907537,5793.919331001234,293505.3284319947,1746.2641509433963
1781523892,20,,Aggregated,0.000000,0.000000,14000,77000,142000,163000,189000,256000,262000,294000,294000,294000,294000,53,0,14000,70812.91390907537,5793.919331001234,293505.3284319947,1746.2641509433963
1781523893,20,,Aggregated,0.200000,0.000000,15000,77000,142000,163000,189000,256000,262000,294000,294000,294000,294000,54,0,14000,69876.03470788883,5793.919331001234,293505.3284319947,1773.1851851851852
1781523894,20,,Aggregated,0.200000,0.000000,15000,77000,142000,163000,189000,256000,262000,294000,294000,294000,294000,54,0,14000,69876.03470788883,5793.919331001234,293505.3284319947,1773.1851851851852
1781523895,20,,Aggregated,0.200000,0.000000,15000,77000,142000,163000,189000,256000,262000,294000,294000,294000,294000,54,0,14000,69876.03470788883,5793.919331001234,293505.3284319947,1773.1851851851852
1781523896,20,,Aggregated,0.200000,0.000000,15000,77000,142000,163000,189000,256000,262000,294000,294000,294000,294000,54,0,14000,69876.03470788883,5793.919331001234,293505.3284319947,1773.1851851851852
1781523897,20,,Aggregated,0.200000,0.000000,15000,77000,142000,163000,189000,256000,262000,294000,294000,294000,294000,54,0,14000,69876.03470788883,5793.919331001234,293505.3284319947,1773.1851851851852
1781523898,20,,Aggregated,0.400000,0.000000,18000,69000,142000,159000,189000,256000,262000,294000,294000,294000,294000,56,0,15000,68242.29439691057,5793.919331001234,293505.3284319947,1864.4642857142858
1781523899,20,,Aggregated,0.400000,0.000000,18000,69000,133000,159000,189000,256000,262000,294000,294000,294000,294000,58,0,18000,66609.75761048267,5793.919331001234,293505.3284319947,1918.0689655172414
1781523900,20,,Aggregated,0.400000,0.000000,18000,47000,133000,159000,189000,256000,262000,294000,294000,294000,294000,59,0,18000,65906.46668469485,5793.919331001234,293505.3284319947,1962.6440677966102
1781523901,20,,Aggregated,0.600000,0.000000,18000,47000,133000,159000,189000,256000,262000,294000,294000,294000,294000,60,0,18000,65100.186458316595,5793.919331001234,293505.3284319947,1985.5333333333333
1781523902,20,,Aggregated,0.600000,0.000000,20000,34000,107000,158000,188000,248000,262000,294000,294000,294000,294000,63,0,20000,62989.147282730075,5793.919331001234,293505.3284319947,2054.809523809524
1781523903,20,,Aggregated,0.600000,0.000000,20000,34000,107000,158000,188000,248000,262000,294000,294000,294000,294000,63,0,20000,62989.147282730075,5793.919331001234,293505.3284319947,2054.809523809524
1781523904,20,,Aggregated,0.600000,0.000000,20000,34000,107000,158000,188000,248000,262000,294000,294000,294000,294000,63,0,20000,62989.147282730075,5793.919331001234,293505.3284319947,2054.809523809524
1781523905,20,,Aggregated,0.600000,0.000000,20000,34000,107000,158000,188000,248000,262000,294000,294000,294000,294000,63,0,20000,62989.147282730075,5793.919331001234,293505.3284319947,2054.809523809524
1781523906,20,,Aggregated,0.600000,0.000000,20000,34000,107000,158000,188000,248000,262000,294000,294000,294000,294000,63,0,20000,62989.147282730075,5793.919331001234,293505.3284319947,2054.809523809524
1781523907,20,,Aggregated,0.900000,0.000000,20000,28000,105000,158000,188000,248000,262000,294000,294000,294000,294000,65,0,20000,61793.65737727683,5793.919331001234,293505.3284319947,2102.7846153846153
1781523908,20,,Aggregated,0.900000,0.000000,20000,28000,105000,142000,188000,248000,262000,294000,294000,294000,294000,66,0,20000,61225.30619446964,5793.919331001234,293505.3284319947,2138.1060606060605
1781523909,20,,Aggregated,0.900000,0.000000,20000,30000,105000,142000,188000,248000,262000,294000,294000,294000,294000,67,0,20000,60751.85304050737,5793.919331001234,293505.3284319947,2183.626865671642
1781523910,20,,Aggregated,0.900000,0.000000,20000,30000,105000,142000,188000,248000,262000,294000,294000,294000,294000,67,0,20000,60751.85304050737,5793.919331001234,293505.3284319947,2183.626865671642
1781523911,20,,Aggregated,1.000000,0.000000,21000,28000,105000,142000,188000,248000,262000,294000,294000,294000,294000,68,0,20000,60269.399063014556,5793.919331001234,293505.3284319947,2235.1029411764707
1781523912,20,,Aggregated,1.000000,0.000000,21000,28000,105000,142000,188000,248000,262000,294000,294000,294000,294000,68,0,20000,60269.399063014556,5793.919331001234,293505.3284319947,2235.1029411764707
1781523913,20,,Aggregated,1.000000,0.000000,21000,28000,105000,142000,188000,248000,262000,294000,294000,294000,294000,68,0,20000,60269.399063014556,5793.919331001234,293505.3284319947,2235.1029411764707
1781523914,20,,Aggregated,1.000000,0.000000,21000,28000,105000,142000,188000,248000,262000,294000,294000,294000,294000,68,0,20000,60269.399063014556,5793.919331001234,293505.3284319947,2235.1029411764707
1781523915,20,,Aggregated,1.000000,0.000000,21000,28000,105000,142000,188000,248000,262000,294000,294000,294000,294000,68,0,20000,60269.399063014556,5793.919331001234,293505.3284319947,2235.1029411764707
1781523916,20,,Aggregated,1.000000,0.000000,21000,28000,105000,142000,188000,248000,262000,294000,294000,294000,294000,68,0,20000,60269.399063014556,5793.919331001234,293505.3284319947,2235.1029411764707
1781523917,20,,Aggregated,1.000000,0.000000,21000,28000,105000,142000,188000,248000,262000,294000,294000,294000,294000,68,0,20000,60269.399063014556,5793.919331001234,293505.3284319947,2235.1029411764707
1781523918,20,,Aggregated,1.000000,0.000000,21000,28000,105000,142000,188000,248000,262000,294000,294000,294000,294000,68,0,20000,60269.399063014556,5793.919331001234,293505.3284319947,2235.1029411764707
1781523919,20,,Aggregated,1.000000,0.000000,21000,28000,105000,142000,188000,248000,262000,294000,294000,294000,294000,68,0,20000,60269.399063014556,5793.919331001234,293505.3284319947,2235.1029411764707
1781523920,20,,Aggregated,1.000000,0.000000,21000,28000,105000,142000,188000,248000,262000,294000,294000,294000,294000,68,0,20000,60269.399063014556,5793.919331001234,293505.3284319947,2235.1029411764707
1781523921,20,,Aggregated,1.000000,0.000000,21000,28000,105000,142000,188000,248000,262000,294000,294000,294000,294000,68,0,20000,60269.399063014556,5793.919331001234,293505.3284319947,2235.1029411764707
1781523922,20,,Aggregated,1.000000,0.000000,21000,28000,105000,142000,188000,248000,262000,294000,294000,294000,294000,68,0,20000,60269.399063014556,5793.919331001234,293505.3284319947,2235.1029411764707
1781523923,20,,Aggregated,1.000000,0.000000,21000,28000,105000,142000,188000,248000,262000,294000,294000,294000,294000,68,0,20000,60269.399063014556,5793.919331001234,293505.3284319947,2235.1029411764707
1781523924,20,,Aggregated,1.000000,0.000000,21000,28000,105000,142000,188000,248000,262000,294000,294000,294000,294000,68,0,20000,60269.399063014556,5793.919331001234,293505.3284319947,2235.1029411764707
1781523925,20,,Aggregated,1.000000,0.000000,21000,28000,105000,142000,188000,248000,262000,294000,294000,294000,294000,68,0,20000,60269.399063014556,5793.919331001234,293505.3284319947,2235.1029411764707
1781523926,20,,Aggregated,1.000000,0.000000,21000,28000,105000,142000,188000,248000,262000,294000,294000,294000,294000,68,0,20000,60269.399063014556,5793.919331001234,293505.3284319947,2235.1029411764707
1781523927,20,,Aggregated,0.000000,0.000000,20000,28000,82000,142000,188000,248000,262000,294000,294000,294000,294000,69,0,20000,59582.85231284041,5793.919331001234,293505.3284319947,2233.5072463768115
1781523928,20,,Aggregated,0.000000,0.000000,20000,28000,82000,142000,188000,248000,262000,294000,294000,294000,294000,69,0,20000,59582.85231284041,5793.919331001234,293505.3284319947,2233.5072463768115
1781523929,20,,Aggregated,0.000000,0.000000,20000,28000,82000,142000,188000,248000,262000,294000,294000,294000,294000,69,0,20000,59582.85231284041,5793.919331001234,293505.3284319947,2233.5072463768115
1781523930,20,,Aggregated,0.000000,0.000000,20000,28000,82000,142000,188000,248000,262000,294000,294000,294000,294000,69,0,20000,59582.85231284041,5793.919331001234,293505.3284319947,2233.5072463768115
1781523931,20,,Aggregated,0.000000,0.000000,20000,28000,82000,142000,188000,248000,262000,294000,294000,294000,294000,69,0,20000,59582.85231284041,5793.919331001234,293505.3284319947,2233.5072463768115
1781523932,20,,Aggregated,0.000000,0.000000,20000,28000,82000,142000,188000,248000,262000,294000,294000,294000,294000,69,0,20000,59582.85231284041,5793.919331001234,293505.3284319947,2233.5072463768115
1781523933,20,,Aggregated,0.000000,0.000000,20000,28000,82000,142000,188000,248000,262000,294000,294000,294000,294000,69,0,20000,59582.85231284041,5793.919331001234,293505.3284319947,2233.5072463768115
1781523934,20,,Aggregated,0.000000,0.000000,20000,28000,82000,142000,188000,248000,262000,294000,294000,294000,294000,69,0,20000,59582.85231284041,5793.919331001234,293505.3284319947,2233.5072463768115
1781523935,20,,Aggregated,0.000000,0.000000,20000,28000,82000,142000,188000,248000,262000,294000,294000,294000,294000,69,0,20000,59582.85231284041,5793.919331001234,293505.3284319947,2233.5072463768115
1781523936,20,,Aggregated,0.000000,0.000000,20000,28000,82000,142000,188000,248000,262000,294000,294000,294000,294000,69,0,20000,59582.85231284041,5793.919331001234,293505.3284319947,2233.5072463768115
1781523937,20,,Aggregated,0.000000,0.000000,20000,28000,82000,142000,188000,248000,262000,294000,294000,294000,294000,69,0,20000,59582.85231284041,5793.919331001234,293505.3284319947,2233.5072463768115
1781523938,20,,Aggregated,0.000000,0.000000,20000,28000,82000,142000,188000,248000,262000,294000,294000,294000,294000,69,0,20000,59582.85231284041,5793.919331001234,293505.3284319947,2233.5072463768115
1781523939,20,,Aggregated,0.000000,0.000000,20000,28000,82000,142000,188000,248000,262000,294000,294000,294000,294000,69,0,20000,59582.85231284041,5793.919331001234,293505.3284319947,2233.5072463768115
1781523940,20,,Aggregated,0.000000,0.000000,20000,28000,82000,142000,188000,248000,262000,294000,294000,294000,294000,70,0,20000,58883.709044914154,5793.919331001234,293505.3284319947,2222.2285714285713
1781523941,20,,Aggregated,0.000000,0.000000,20000,28000,82000,142000,188000,248000,262000,294000,294000,294000,294000,70,0,20000,58883.709044914154,5793.919331001234,293505.3284319947,2222.2285714285713
1781523942,20,,Aggregated,0.000000,0.000000,20000,28000,82000,142000,188000,248000,262000,294000,294000,294000,294000,70,0,20000,58883.709044914154,5793.919331001234,293505.3284319947,2222.2285714285713
1781523943,20,,Aggregated,0.000000,0.000000,20000,28000,82000,142000,188000,248000,262000,294000,294000,294000,294000,70,0,20000,58883.709044914154,5793.919331001234,293505.3284319947,2222.2285714285713
1781523944,20,,Aggregated,0.000000,0.000000,20000,28000,82000,142000,188000,248000,262000,294000,294000,294000,294000,70,0,20000,58883.709044914154,5793.919331001234,293505.3284319947,2222.2285714285713
1781523945,20,,Aggregated,0.000000,0.000000,20000,28000,82000,142000,188000,248000,262000,294000,294000,294000,294000,70,0,20000,58883.709044914154,5793.919331001234,293505.3284319947,2222.2285714285713
1781523946,20,,Aggregated,0.000000,0.000000,20000,28000,82000,142000,188000,248000,262000,294000,294000,294000,294000,70,0,20000,58883.709044914154,5793.919331001234,293505.3284319947,2222.2285714285713
1781523947,20,,Aggregated,0.100000,0.000000,20000,28000,82000,133000,182000,248000,262000,294000,294000,294000,294000,71,0,20000,58126.47113583079,5119.817499995406,293505.3284319947,2208.154929577465
1781523948,20,,Aggregated,0.100000,0.000000,20000,28000,82000,133000,182000,248000,262000,294000,294000,294000,294000,71,0,20000,58126.47113583079,5119.817499995406,293505.3284319947,2208.154929577465
1781523949,20,,Aggregated,0.100000,0.000000,20000,28000,82000,133000,182000,248000,262000,294000,294000,294000,294000,71,0,20000,58126.47113583079,5119.817499995406,293505.3284319947,2208.154929577465
1781523950,20,,Aggregated,0.100000,0.000000,20000,28000,82000,133000,182000,248000,262000,294000,294000,294000,294000,71,0,20000,58126.47113583079,5119.817499995406,293505.3284319947,2208.154929577465
1781523951,20,,Aggregated,0.100000,0.000000,20000,28000,82000,133000,182000,248000,262000,294000,294000,294000,294000,71,0,20000,58126.47113583079,5119.817499995406,293505.3284319947,2208.154929577465
1781523952,20,,Aggregated,0.100000,0.000000,20000,28000,82000,133000,182000,248000,262000,294000,294000,294000,294000,71,0,20000,58126.47113583079,5119.817499995406,293505.3284319947,2208.154929577465
1781523953,20,,Aggregated,0.100000,0.000000,20000,28000,82000,133000,182000,248000,262000,294000,294000,294000,294000,71,0,20000,58126.47113583079,5119.817499995406,293505.3284319947,2208.154929577465
1781523954,20,,Aggregated,0.100000,0.000000,20000,28000,82000,133000,182000,248000,262000,294000,294000,294000,294000,71,0,20000,58126.47113583079,5119.817499995406,293505.3284319947,2208.154929577465
1781523955,20,,Aggregated,0.100000,0.000000,20000,28000,82000,133000,182000,248000,262000,294000,294000,294000,294000,71,0,20000,58126.47113583079,5119.817499995406,293505.3284319947,2208.154929577465
1781523956,20,,Aggregated,0.100000,0.000000,20000,28000,82000,133000,182000,248000,262000,294000,294000,294000,294000,71,0,20000,58126.47113583079,5119.817499995406,293505.3284319947,2208.154929577465
1781523957,20,,Aggregated,0.100000,0.000000,20000,28000,82000,133000,182000,248000,262000,294000,294000,294000,294000,71,0,20000,58126.47113583079,5119.817499995406,293505.3284319947,2208.154929577465
1781523958,20,,Aggregated,0.100000,0.000000,20000,28000,82000,133000,182000,248000,262000,294000,294000,294000,294000,71,0,20000,58126.47113583079,5119.817499995406,293505.3284319947,2208.154929577465
1781523959,20,,Aggregated,0.100000,0.000000,20000,28000,82000,133000,182000,248000,262000,294000,294000,294000,294000,71,0,20000,58126.47113583079,5119.817499995406,293505.3284319947,2208.154929577465
1781523960,20,,Aggregated,0.100000,0.000000,20000,28000,82000,133000,182000,248000,262000,294000,294000,294000,294000,71,0,20000,58126.47113583079,5119.817499995406,293505.3284319947,2208.154929577465
1781523961,20,,Aggregated,0.100000,0.000000,20000,28000,82000,133000,182000,248000,262000,294000,294000,294000,294000,71,0,20000,58126.47113583079,5119.817499995406,293505.3284319947,2208.154929577465
1781523962,20,,Aggregated,0.100000,0.000000,20000,28000,82000,133000,182000,248000,262000,294000,294000,294000,294000,71,0,20000,58126.47113583079,5119.817499995406,293505.3284319947,2208.154929577465
1781523963,20,,Aggregated,0.100000,0.000000,20000,28000,82000,133000,182000,248000,262000,294000,294000,294000,294000,71,0,20000,58126.47113583079,5119.817499995406,293505.3284319947,2208.154929577465
1781523964,20,,Aggregated,0.100000,0.000000,20000,28000,82000,133000,182000,248000,262000,294000,294000,294000,294000,71,0,20000,58126.47113583079,5119.817499995406,293505.3284319947,2208.154929577465
1781523965,20,,Aggregated,0.100000,0.000000,20000,28000,82000,133000,182000,248000,262000,294000,294000,294000,294000,71,0,20000,58126.47113583079,5119.817499995406,293505.3284319947,2208.154929577465
1781523966,20,,Aggregated,0.100000,0.000000,20000,28000,82000,133000,182000,248000,262000,294000,294000,294000,294000,71,0,20000,58126.47113583079,5119.817499995406,293505.3284319947,2208.154929577465
1781523967,20,,Aggregated,0.100000,0.000000,20000,28000,82000,133000,182000,248000,262000,294000,294000,294000,294000,71,0,20000,58126.47113583079,5119.817499995406,293505.3284319947,2208.154929577465
1781523968,20,,Aggregated,0.100000,0.000000,20000,28000,82000,133000,182000,248000,262000,294000,294000,294000,294000,71,0,20000,58126.47113583079,5119.817499995406,293505.3284319947,2208.154929577465
1781523969,20,,Aggregated,0.100000,0.000000,20000,28000,82000,133000,182000,248000,262000,294000,294000,294000,294000,71,0,20000,58126.47113583079,5119.817499995406,293505.3284319947,2208.154929577465
1781523970,20,,Aggregated,0.100000,0.000000,20000,28000,82000,133000,182000,248000,262000,294000,294000,294000,294000,71,0,20000,58126.47113583079,5119.817499995406,293505.3284319947,2208.154929577465
1781523971,20,,Aggregated,0.100000,0.000000,20000,28000,82000,133000,182000,248000,262000,294000,294000,294000,294000,71,0,20000,58126.47113583079,5119.817499995406,293505.3284319947,2208.154929577465
1781523972,20,,Aggregated,0.100000,0.000000,20000,28000,82000,133000,182000,248000,262000,294000,294000,294000,294000,71,0,20000,58126.47113583079,5119.817499995406,293505.3284319947,2208.154929577465
1781523973,20,,Aggregated,0.100000,0.000000,20000,28000,82000,133000,182000,248000,262000,294000,294000,294000,294000,71,0,20000,58126.47113583079,5119.817499995406,293505.3284319947,2208.154929577465
1781523974,20,,Aggregated,0.100000,0.000000,20000,28000,82000,133000,182000,248000,262000,294000,294000,294000,294000,71,0,20000,58126.47113583079,5119.817499995406,293505.3284319947,2208.154929577465
1781523975,20,,Aggregated,0.100000,0.000000,20000,28000,82000,133000,182000,248000,262000,294000,294000,294000,294000,71,0,20000,58126.47113583079,5119.817499995406,293505.3284319947,2208.154929577465
1781523976,20,,Aggregated,0.100000,0.000000,20000,28000,82000,133000,182000,248000,262000,294000,294000,294000,294000,71,0,20000,58126.47113583079,5119.817499995406,293505.3284319947,2208.154929577465
1781523977,20,,Aggregated,0.100000,0.000000,20000,28000,82000,133000,182000,248000,262000,294000,294000,294000,294000,71,0,20000,58126.47113583079,5119.817499995406,293505.3284319947,2208.154929577465
1781523978,20,,Aggregated,0.100000,0.000000,20000,28000,82000,133000,182000,248000,262000,294000,294000,294000,294000,71,0,20000,58126.47113583079,5119.817499995406,293505.3284319947,2208.154929577465
1781523979,20,,Aggregated,0.100000,0.000000,20000,28000,82000,133000,182000,248000,262000,294000,294000,294000,294000,71,0,20000,58126.47113583079,5119.817499995406,293505.3284319947,2208.154929577465
1781523980,20,,Aggregated,0.100000,0.000000,20000,28000,82000,133000,182000,248000,262000,294000,294000,294000,294000,71,0,20000,58126.47113583079,5119.817499995406,293505.3284319947,2208.154929577465
1781523981,20,,Aggregated,0.100000,0.000000,20000,28000,82000,133000,182000,248000,262000,294000,294000,294000,294000,71,0,20000,58126.47113583079,5119.817499995406,293505.3284319947,2208.154929577465
1781523982,20,,Aggregated,0.100000,0.000000,20000,28000,82000,133000,182000,248000,262000,294000,294000,294000,294000,71,0,20000,58126.47113583079,5119.817499995406,293505.3284319947,2208.154929577465
1781523983,20,,Aggregated,0.100000,0.000000,20000,28000,82000,133000,182000,248000,262000,294000,294000,294000,294000,71,0,20000,58126.47113583079,5119.817499995406,293505.3284319947,2208.154929577465
1781523984,20,,Aggregated,0.100000,0.000000,20000,28000,82000,133000,182000,248000,262000,294000,294000,294000,294000,71,0,20000,58126.47113583079,5119.817499995406,293505.3284319947,2208.154929577465
1781523985,20,,Aggregated,0.100000,0.000000,20000,28000,82000,133000,182000,248000,262000,294000,294000,294000,294000,71,0,20000,58126.47113583079,5119.817499995406,293505.3284319947,2208.154929577465
1781523986,20,,Aggregated,0.100000,0.000000,20000,28000,82000,133000,182000,248000,262000,294000,294000,294000,294000,71,0,20000,58126.47113583079,5119.817499995406,293505.3284319947,2208.154929577465
1781523987,20,,Aggregated,0.100000,0.000000,20000,28000,82000,133000,182000,248000,262000,294000,294000,294000,294000,71,0,20000,58126.47113583079,5119.817499995406,293505.3284319947,2208.154929577465
1781523988,20,,Aggregated,0.100000,0.000000,20000,28000,82000,133000,182000,248000,262000,294000,294000,294000,294000,71,0,20000,58126.47113583079,5119.817499995406,293505.3284319947,2208.154929577465
1781523989,20,,Aggregated,0.100000,0.000000,20000,28000,82000,133000,182000,248000,262000,294000,294000,294000,294000,71,0,20000,58126.47113583079,5119.817499995406,293505.3284319947,2208.154929577465
1781523990,20,,Aggregated,0.100000,0.000000,20000,28000,82000,133000,182000,248000,262000,294000,294000,294000,294000,71,0,20000,58126.47113583079,5119.817499995406,293505.3284319947,2208.154929577465
1781523991,20,,Aggregated,0.100000,0.000000,20000,28000,82000,133000,182000,248000,262000,294000,294000,294000,294000,71,0,20000,58126.47113583079,5119.817499995406,293505.3284319947,2208.154929577465
1781523992,20,,Aggregated,0.000000,0.000000,20000,28000,89000,133000,182000,248000,262000,294000,294000,294000,294000,72,0,20000,58556.00682011097,5119.817499995406,293505.3284319947,2242.1805555555557
1781523993,20,,Aggregated,0.000000,0.000000,20000,28000,89000,133000,182000,248000,262000,294000,294000,294000,294000,72,0,20000,58556.00682011097,5119.817499995406,293505.3284319947,2242.1805555555557
1781523994,20,,Aggregated,0.000000,0.000000,20000,28000,89000,133000,182000,248000,262000,294000,294000,294000,294000,72,0,20000,58556.00682011097,5119.817499995406,293505.3284319947,2242.1805555555557
1781523995,20,,Aggregated,0.000000,0.000000,20000,28000,89000,133000,182000,248000,262000,294000,294000,294000,294000,72,0,20000,58556.00682011097,5119.817499995406,293505.3284319947,2242.1805555555557
1781523996,20,,Aggregated,0.000000,0.000000,20000,28000,89000,133000,182000,248000,262000,294000,294000,294000,294000,72,0,20000,58556.00682011097,5119.817499995406,293505.3284319947,2242.1805555555557
1781523997,20,,Aggregated,0.000000,0.000000,20000,28000,89000,133000,182000,248000,262000,294000,294000,294000,294000,72,0,20000,58556.00682011097,5119.817499995406,293505.3284319947,2242.1805555555557
1781523998,20,,Aggregated,0.000000,0.000000,20000,28000,89000,133000,182000,248000,262000,294000,294000,294000,294000,72,0,20000,58556.00682011097,5119.817499995406,293505.3284319947,2242.1805555555557
1781523999,20,,Aggregated,0.100000,0.000000,20000,30000,89000,133000,182000,248000,262000,294000,294000,294000,294000,73,0,20000,59093.47212012314,5119.817499995406,293505.3284319947,2257.4109589041095
1781524000,20,,Aggregated,0.100000,0.000000,20000,30000,89000,133000,182000,248000,262000,294000,294000,294000,294000,73,0,20000,59093.47212012314,5119.817499995406,293505.3284319947,2257.4109589041095
1781524001,20,,Aggregated,0.100000,0.000000,20000,30000,89000,133000,182000,248000,262000,294000,294000,294000,294000,73,0,20000,59093.47212012314,5119.817499995406,293505.3284319947,2257.4109589041095
1781524002,20,,Aggregated,0.100000,0.000000,20000,30000,89000,133000,182000,248000,262000,294000,294000,294000,294000,73,0,20000,59093.47212012314,5119.817499995406,293505.3284319947,2257.4109589041095
1781524003,20,,Aggregated,0.100000,0.000000,20000,30000,89000,133000,182000,248000,262000,294000,294000,294000,294000,73,0,20000,59093.47212012314,5119.817499995406,293505.3284319947,2257.4109589041095
1781524004,20,,Aggregated,0.100000,0.000000,20000,30000,89000,133000,182000,248000,262000,294000,294000,294000,294000,73,0,20000,59093.47212012314,5119.817499995406,293505.3284319947,2257.4109589041095
1781524005,20,,Aggregated,0.200000,0.000000,21000,30000,98000,133000,182000,248000,262000,294000,294000,294000,294000,74,0,20000,59633.17723905393,5119.817499995406,293505.3284319947,2286.472972972973
1781524006,20,,Aggregated,0.200000,0.000000,21000,30000,98000,133000,182000,248000,262000,294000,294000,294000,294000,74,0,20000,59633.17723905393,5119.817499995406,293505.3284319947,2286.472972972973
1781524007,20,,Aggregated,0.200000,0.000000,21000,30000,98000,133000,182000,248000,262000,294000,294000,294000,294000,74,0,20000,59633.17723905393,5119.817499995406,293505.3284319947,2286.472972972973
1781524008,20,,Aggregated,0.200000,0.000000,21000,30000,98000,133000,182000,248000,262000,294000,294000,294000,294000,74,0,20000,59633.17723905393,5119.817499995406,293505.3284319947,2286.472972972973
1781524009,20,,Aggregated,0.200000,0.000000,21000,30000,98000,133000,182000,248000,262000,294000,294000,294000,294000,74,0,20000,59633.17723905393,5119.817499995406,293505.3284319947,2286.472972972973
1781524010,20,,Aggregated,0.200000,0.000000,21000,30000,98000,133000,182000,248000,262000,294000,294000,294000,294000,74,0,20000,59633.17723905393,5119.817499995406,293505.3284319947,2286.472972972973
1781524011,20,,Aggregated,0.200000,0.000000,21000,30000,98000,133000,182000,248000,262000,294000,294000,294000,294000,74,0,20000,59633.17723905393,5119.817499995406,293505.3284319947,2286.472972972973
1781524012,20,,Aggregated,0.200000,0.000000,21000,30000,98000,133000,182000,248000,262000,294000,294000,294000,294000,74,0,20000,59633.17723905393,5119.817499995406,293505.3284319947,2286.472972972973
1781524013,20,,Aggregated,0.200000,0.000000,21000,30000,98000,133000,182000,248000,262000,294000,294000,294000,294000,74,0,20000,59633.17723905393,5119.817499995406,293505.3284319947,2286.472972972973
1781524014,20,,Aggregated,0.200000,0.000000,21000,30000,98000,133000,182000,248000,262000,294000,294000,294000,294000,74,0,20000,59633.17723905393,5119.817499995406,293505.3284319947,2286.472972972973
1781524015,20,,Aggregated,0.200000,0.000000,21000,30000,98000,133000,182000,248000,262000,294000,294000,294000,294000,74,0,20000,59633.17723905393,5119.817499995406,293505.3284319947,2286.472972972973
1781524016,20,,Aggregated,0.200000,0.000000,21000,30000,98000,133000,182000,248000,262000,294000,294000,294000,294000,74,0,20000,59633.17723905393,5119.817499995406,293505.3284319947,2286.472972972973
1781524017,20,,Aggregated,0.200000,0.000000,21000,30000,98000,133000,182000,248000,262000,294000,294000,294000,294000,74,0,20000,59633.17723905393,5119.817499995406,293505.3284319947,2286.472972972973
1781524018,20,,Aggregated,0.200000,0.000000,21000,30000,98000,133000,182000,248000,262000,294000,294000,294000,294000,74,0,20000,59633.17723905393,5119.817499995406,293505.3284319947,2286.472972972973
1781524019,20,,Aggregated,0.200000,0.000000,21000,30000,98000,133000,182000,248000,262000,294000,294000,294000,294000,74,0,20000,59633.17723905393,5119.817499995406,293505.3284319947,2286.472972972973
1781524020,20,,Aggregated,0.000000,0.000000,21000,34000,99000,133000,182000,248000,262000,294000,294000,294000,294000,75,0,21000,60301.98444649324,5119.817499995406,293505.3284319947,2287.9466666666667
1781524021,20,,Aggregated,0.000000,0.000000,21000,47000,105000,113000,182000,248000,262000,294000,294000,294000,294000,76,0,21000,60997.26168086836,5119.817499995406,293505.3284319947,2316.0526315789475
1781524022,20,,Aggregated,0.000000,0.000000,21000,47000,105000,113000,182000,248000,262000,294000,294000,294000,294000,76,0,21000,60997.26168086836,5119.817499995406,293505.3284319947,2316.0526315789475
1781524023,20,,Aggregated,0.000000,0.000000,21000,47000,105000,113000,182000,248000,262000,294000,294000,294000,294000,76,0,21000,60997.26168086836,5119.817499995406,293505.3284319947,2316.0526315789475
1781524024,20,,Aggregated,0.000000,0.000000,21000,47000,105000,113000,182000,248000,262000,294000,294000,294000,294000,76,0,21000,60997.26168086836,5119.817499995406,293505.3284319947,2316.0526315789475
1781524025,20,,Aggregated,0.000000,0.000000,21000,47000,105000,113000,182000,248000,262000,294000,294000,294000,294000,76,0,21000,60997.26168086836,5119.817499995406,293505.3284319947,2316.0526315789475
1781524026,20,,Aggregated,0.000000,0.000000,21000,47000,105000,113000,182000,248000,262000,294000,294000,294000,294000,76,0,21000,60997.26168086836,5119.817499995406,293505.3284319947,2316.0526315789475
1781524027,20,,Aggregated,0.000000,0.000000,21000,47000,105000,113000,182000,248000,262000,294000,294000,294000,294000,76,0,21000,60997.26168086836,5119.817499995406,293505.3284319947,2316.0526315789475
1781524028,20,,Aggregated,0.000000,0.000000,21000,47000,105000,113000,182000,248000,262000,294000,294000,294000,294000,76,0,21000,60997.26168086836,5119.817499995406,293505.3284319947,2316.0526315789475
1781524029,20,,Aggregated,0.000000,0.000000,21000,47000,105000,113000,182000,248000,262000,294000,294000,294000,294000,76,0,21000,60997.26168086836,5119.817499995406,293505.3284319947,2316.0526315789475
1781524030,20,,Aggregated,0.000000,0.000000,21000,47000,105000,113000,182000,248000,262000,294000,294000,294000,294000,76,0,21000,60997.26168086836,5119.817499995406,293505.3284319947,2316.0526315789475
1781524031,20,,Aggregated,0.000000,0.000000,21000,47000,105000,113000,182000,248000,262000,294000,294000,294000,294000,76,0,21000,60997.26168086836,5119.817499995406,293505.3284319947,2316.0526315789475
1781524032,20,,Aggregated,0.000000,0.000000,21000,47000,105000,113000,182000,248000,262000,294000,294000,294000,294000,76,0,21000,60997.26168086836,5119.817499995406,293505.3284319947,2316.0526315789475
1781524033,20,,Aggregated,0.000000,0.000000,21000,47000,105000,113000,182000,248000,262000,294000,294000,294000,294000,76,0,21000,60997.26168086836,5119.817499995406,293505.3284319947,2316.0526315789475
1781524034,20,,Aggregated,0.000000,0.000000,21000,47000,105000,113000,182000,248000,262000,294000,294000,294000,294000,76,0,21000,60997.26168086836,5119.817499995406,293505.3284319947,2316.0526315789475
1781524035,20,,Aggregated,0.000000,0.000000,21000,47000,105000,133000,182000,248000,262000,294000,294000,294000,294000,78,0,21000,61197.886180102476,3608.361083002819,293505.3284319947,2310.4358974358975
1781524036,20,,Aggregated,0.000000,0.000000,21000,47000,105000,133000,182000,248000,262000,294000,294000,294000,294000,78,0,21000,61197.886180102476,3608.361083002819,293505.3284319947,2310.4358974358975
1781524037,20,,Aggregated,0.000000,0.000000,21000,47000,105000,133000,182000,248000,262000,294000,294000,294000,294000,78,0,21000,61197.886180102476,3608.361083002819,293505.3284319947,2310.4358974358975
1781524038,20,,Aggregated,0.000000,0.000000,21000,47000,105000,133000,182000,248000,262000,294000,294000,294000,294000,78,0,21000,61197.886180102476,3608.361083002819,293505.3284319947,2310.4358974358975
1781524039,20,,Aggregated,0.000000,0.000000,21000,47000,105000,133000,182000,248000,262000,294000,294000,294000,294000,78,0,21000,61197.886180102476,3608.361083002819,293505.3284319947,2310.4358974358975
1781524040,20,,Aggregated,0.000000,0.000000,21000,47000,105000,133000,182000,248000,262000,294000,294000,294000,294000,78,0,21000,61197.886180102476,3608.361083002819,293505.3284319947,2310.4358974358975
1781524041,20,,Aggregated,0.000000,0.000000,21000,47000,105000,133000,182000,248000,262000,294000,294000,294000,294000,78,0,21000,61197.886180102476,3608.361083002819,293505.3284319947,2310.4358974358975
1781524042,20,,Aggregated,0.000000,0.000000,21000,47000,105000,133000,182000,248000,262000,294000,294000,294000,294000,78,0,21000,61197.886180102476,3608.361083002819,293505.3284319947,2310.4358974358975
1781524043,20,,Aggregated,0.200000,0.000000,21000,47000,105000,133000,182000,248000,262000,294000,294000,294000,294000,79,0,21000,60631.189923329046,3608.361083002819,293505.3284319947,2318.1645569620255
1781524044,20,,Aggregated,0.200000,0.000000,21000,47000,105000,133000,182000,248000,262000,294000,294000,294000,294000,79,0,21000,60631.189923329046,3608.361083002819,293505.3284319947,2318.1645569620255
1781524045,20,,Aggregated,0.200000,0.000000,21000,47000,105000,133000,182000,248000,262000,294000,294000,294000,294000,79,0,21000,60631.189923329046,3608.361083002819,293505.3284319947,2318.1645569620255
1781524046,20,,Aggregated,0.200000,0.000000,21000,47000,105000,133000,182000,248000,262000,294000,294000,294000,294000,79,0,21000,60631.189923329046,3608.361083002819,293505.3284319947,2318.1645569620255
1781524047,20,,Aggregated,0.200000,0.000000,21000,47000,107000,134000,182000,248000,262000,294000,294000,294000,294000,80,0,21000,61651.83362317491,3608.361083002819,293505.3284319947,2329.175
1781524048,20,,Aggregated,0.100000,0.000000,21000,69000,107000,134000,172000,194000,262000,294000,294000,294000,294000,81,0,21000,62716.52475560483,3608.361083002819,293505.3284319947,2316.8518518518517
1781524049,20,,Aggregated,0.100000,0.000000,21000,69000,107000,134000,172000,194000,262000,294000,294000,294000,294000,81,0,21000,62716.52475560483,3608.361083002819,293505.3284319947,2316.8518518518517
1781524050,20,,Aggregated,0.200000,0.000000,21000,77000,110000,142000,172000,194000,262000,294000,294000,294000,294000,82,0,21000,63761.42732030479,3608.361083002819,293505.3284319947,2318.670731707317
1781524051,20,,Aggregated,0.200000,0.000000,21000,77000,110000,142000,172000,194000,262000,294000,294000,294000,294000,82,0,21000,63761.42732030479,3608.361083002819,293505.3284319947,2318.670731707317
1781524052,20,,Aggregated,0.300000,0.000000,21000,69000,110000,142000,172000,194000,262000,294000,294000,294000,294000,83,0,21000,63226.518333879445,3608.361083002819,293505.3284319947,2320.602409638554
1781524053,20,,Aggregated,0.300000,0.000000,21000,69000,110000,142000,172000,194000,262000,294000,294000,294000,294000,83,0,21000,63226.518333879445,3608.361083002819,293505.3284319947,2320.602409638554
1781524054,20,,Aggregated,0.300000,0.000000,21000,69000,110000,142000,172000,194000,262000,294000,294000,294000,294000,83,0,21000,63226.518333879445,3608.361083002819,293505.3284319947,2320.602409638554
1781524055,20,,Aggregated,0.300000,0.000000,21000,69000,110000,142000,172000,194000,262000,294000,294000,294000,294000,83,0,21000,63226.518333879445,3608.361083002819,293505.3284319947,2320.602409638554
1781524056,20,,Aggregated,0.300000,0.000000,21000,69000,110000,142000,172000,194000,262000,294000,294000,294000,294000,83,0,21000,63226.518333879445,3608.361083002819,293505.3284319947,2320.602409638554
1781524057,20,,Aggregated,0.400000,0.000000,21000,77000,113000,142000,172000,194000,262000,294000,294000,294000,294000,84,0,21000,64295.23760514277,3608.361083002819,293505.3284319947,2319.6071428571427
1781524058,20,,Aggregated,0.400000,0.000000,21000,77000,113000,142000,172000,194000,262000,294000,294000,294000,294000,84,0,21000,64295.23760514277,3608.361083002819,293505.3284319947,2319.6071428571427
1781524059,20,,Aggregated,0.400000,0.000000,21000,77000,113000,142000,172000,194000,262000,294000,294000,294000,294000,84,0,21000,64295.23760514277,3608.361083002819,293505.3284319947,2319.6071428571427
1781524060,20,,Aggregated,0.400000,0.000000,21000,77000,113000,142000,172000,194000,262000,294000,294000,294000,294000,84,0,21000,64295.23760514277,3608.361083002819,293505.3284319947,2319.6071428571427
1781524061,20,,Aggregated,0.400000,0.000000,21000,77000,113000,142000,172000,194000,262000,294000,294000,294000,294000,84,0,21000,64295.23760514277,3608.361083002819,293505.3284319947,2319.6071428571427
1781524062,20,,Aggregated,0.400000,0.000000,21000,77000,113000,142000,172000,194000,262000,294000,294000,294000,294000,84,0,21000,64295.23760514277,3608.361083002819,293505.3284319947,2319.6071428571427
1781524063,20,,Aggregated,0.400000,0.000000,21000,77000,113000,142000,172000,194000,262000,294000,294000,294000,294000,84,0,21000,64295.23760514277,3608.361083002819,293505.3284319947,2319.6071428571427
1781524064,20,,Aggregated,0.400000,0.000000,21000,77000,113000,142000,172000,194000,262000,294000,294000,294000,294000,84,0,21000,64295.23760514277,3608.361083002819,293505.3284319947,2319.6071428571427
1781524065,20,,Aggregated,0.400000,0.000000,21000,77000,113000,142000,172000,194000,262000,294000,294000,294000,294000,84,0,21000,64295.23760514277,3608.361083002819,293505.3284319947,2319.6071428571427
1781524066,20,,Aggregated,0.400000,0.000000,21000,77000,113000,142000,172000,194000,262000,294000,294000,294000,294000,84,0,21000,64295.23760514277,3608.361083002819,293505.3284319947,2319.6071428571427
1781524067,20,,Aggregated,0.400000,0.000000,21000,77000,113000,142000,172000,194000,262000,294000,294000,294000,294000,84,0,21000,64295.23760514277,3608.361083002819,293505.3284319947,2319.6071428571427
1781524069,20,,Aggregated,0.100000,0.000000,21000,82000,113000,148000,172000,194000,262000,294000,294000,294000,294000,85,0,21000,65467.14323609407,3608.361083002819,293505.3284319947,2337.564705882353
1781524070,20,,Aggregated,0.100000,0.000000,21000,82000,113000,148000,172000,194000,262000,294000,294000,294000,294000,85,0,21000,65467.14323609407,3608.361083002819,293505.3284319947,2337.564705882353
1781524071,20,,Aggregated,0.100000,0.000000,21000,82000,113000,148000,172000,194000,262000,294000,294000,294000,294000,85,0,21000,65467.14323609407,3608.361083002819,293505.3284319947,2337.564705882353
1781524072,20,,Aggregated,0.100000,0.000000,21000,82000,113000,148000,172000,194000,262000,294000,294000,294000,294000,85,0,21000,65467.14323609407,3608.361083002819,293505.3284319947,2337.564705882353
1781524073,20,,Aggregated,0.100000,0.000000,21000,82000,113000,148000,172000,194000,262000,294000,294000,294000,294000,85,0,21000,65467.14323609407,3608.361083002819,293505.3284319947,2337.564705882353
1781524074,20,,Aggregated,0.100000,0.000000,21000,82000,113000,148000,172000,194000,262000,294000,294000,294000,294000,85,0,21000,65467.14323609407,3608.361083002819,293505.3284319947,2337.564705882353
1781524075,20,,Aggregated,0.100000,0.000000,21000,82000,113000,148000,172000,194000,262000,294000,294000,294000,294000,85,0,21000,65467.14323609407,3608.361083002819,293505.3284319947,2337.564705882353
1781524076,20,,Aggregated,0.100000,0.000000,21000,82000,113000,148000,172000,194000,262000,294000,294000,294000,294000,85,0,21000,65467.14323609407,3608.361083002819,293505.3284319947,2337.564705882353
1781524077,20,,Aggregated,0.100000,0.000000,21000,82000,113000,148000,172000,194000,262000,294000,294000,294000,294000,85,0,21000,65467.14323609407,3608.361083002819,293505.3284319947,2337.564705882353
1781524078,20,,Aggregated,0.100000,0.000000,21000,82000,113000,148000,172000,194000,262000,294000,294000,294000,294000,85,0,21000,65467.14323609407,3608.361083002819,293505.3284319947,2337.564705882353
1781524079,20,,Aggregated,0.100000,0.000000,21000,82000,113000,148000,172000,194000,262000,294000,294000,294000,294000,85,0,21000,65467.14323609407,3608.361083002819,293505.3284319947,2337.564705882353
1781524080,20,,Aggregated,0.100000,0.000000,21000,77000,113000,142000,172000,194000,262000,294000,294000,294000,294000,86,0,21000,65231.861069720864,3608.361083002819,293505.3284319947,2406.8837209302324
1781524081,20,,Aggregated,0.100000,0.000000,21000,82000,133000,148000,173000,194000,262000,294000,294000,294000,294000,87,0,21000,66465.12790650563,3608.361083002819,293505.3284319947,2414.287356321839
1781524082,20,,Aggregated,0.000000,0.000000,21000,82000,133000,148000,173000,194000,262000,294000,294000,294000,294000,88,0,21000,65832.50300544302,3608.361083002819,293505.3284319947,2412.3977272727275
1781524083,20,,Aggregated,0.100000,0.000000,21000,77000,113000,148000,173000,194000,262000,294000,294000,294000,294000,89,0,21000,65196.13408655039,3608.361083002819,293505.3284319947,2396.0
1781524084,20,,Aggregated,0.100000,0.000000,21000,77000,113000,148000,173000,194000,262000,294000,294000,294000,294000,89,0,21000,65196.13408655039,3608.361083002819,293505.3284319947,2396.0
1781524085,20,,Aggregated,0.300000,0.000000,21000,77000,113000,142000,172000,194000,262000,294000,294000,294000,294000,91,0,21000,64010.230388230564,3608.361083002819,293505.3284319947,2374.901098901099
1781524086,20,,Aggregated,0.300000,0.000000,21000,77000,113000,142000,172000,194000,262000,294000,294000,294000,294000,91,0,21000,64010.230388230564,3608.361083002819,293505.3284319947,2374.901098901099
1781524087,20,,Aggregated,0.300000,0.000000,21000,77000,113000,142000,172000,194000,262000,294000,294000,294000,294000,91,0,21000,64010.230388230564,3608.361083002819,293505.3284319947,2374.901098901099
1781524088,20,,Aggregated,0.600000,0.000000,21000,69000,113000,142000,172000,194000,262000,294000,294000,294000,294000,92,0,21000,63504.47088208673,3608.361083002819,293505.3284319947,2373.9347826086955
1781524089,20,,Aggregated,0.600000,0.000000,21000,69000,113000,142000,172000,194000,262000,294000,294000,294000,294000,92,0,21000,63504.47088208673,3608.361083002819,293505.3284319947,2373.9347826086955
1781524090,20,,Aggregated,0.600000,0.000000,21000,69000,113000,142000,172000,194000,262000,294000,294000,294000,294000,92,0,21000,63504.47088208673,3608.361083002819,293505.3284319947,2373.9347826086955
1781524091,20,,Aggregated,0.700000,0.000000,21000,69000,110000,142000,172000,194000,262000,294000,294000,294000,294000,93,0,21000,62951.64702717183,3608.361083002819,293505.3284319947,2362.2365591397847
1781524092,20,,Aggregated,0.700000,0.000000,21000,69000,110000,142000,172000,194000,262000,294000,294000,294000,294000,93,0,21000,62951.64702717183,3608.361083002819,293505.3284319947,2362.2365591397847
1781524093,20,,Aggregated,0.700000,0.000000,21000,69000,110000,142000,172000,194000,262000,294000,294000,294000,294000,93,0,21000,62951.64702717183,3608.361083002819,293505.3284319947,2362.2365591397847
1781524094,20,,Aggregated,0.700000,0.000000,21000,69000,110000,142000,172000,194000,262000,294000,294000,294000,294000,93,0,21000,62951.64702717183,3608.361083002819,293505.3284319947,2362.2365591397847
1781524095,20,,Aggregated,0.700000,0.000000,21000,69000,110000,142000,172000,194000,262000,294000,294000,294000,294000,93,0,21000,62951.64702717183,3608.361083002819,293505.3284319947,2362.2365591397847
1781524096,20,,Aggregated,0.700000,0.000000,21000,69000,110000,142000,172000,194000,262000,294000,294000,294000,294000,93,0,21000,62951.64702717183,3608.361083002819,293505.3284319947,2362.2365591397847
1781524097,20,,Aggregated,0.400000,0.000000,21000,77000,113000,148000,173000,194000,262000,294000,294000,294000,294000,94,0,21000,64285.70710985088,3608.361083002819,293505.3284319947,2366.351063829787
